Date,Description,Amount,Extended Details,Appears On Your Statement As,Address,City/State,Zip Code,Country,Reference,Category
12/23/23,GAS SALE            REGO PARK           NY,14.15,"00558841    GAS STATION
GAS SALE
REGO PARK
NY
Description : GAS SALE Price : 0.00
GAS STATION",GAS SALE            REGO PARK           NY,6827 WOODHAVEN BLVD,"REGO PARK
NY",11374,UNITED STATES,3.20234E+17,Transportation-Fuel
12/21/23,AplPay DD/BR #304484FLUSHING            NY,24.57,"23211243165 718-478-5407
AplPay DD/BR #304484 Q35 3044
FLUSHING
NY
Description : FAST FOOD RESTAURAN Price : 0.00
718-478-5407",AplPay DD/BR #304484FLUSHING            NY,6365 WOODHAVEN BLVD,"REGO PARK
NY",11374,UNITED STATES,3.20234E+17,Restaurant-Bar & Caf√©
12/19/23,I & A DISCOUNT AUT  FOREST HILLS        NY,30.77,"543473      AUTO PARTS/ACCESSORY
I & A DISCOUNT AUT
FOREST HILLS
NY
AUTO PARTS/ACCESSORY",I & A DISCOUNT AUT  FOREST HILLS        NY,9920 METROPOLITAN AVE,"FOREST HILLS
NY",11375,UNITED STATES,3.20234E+17,Transportation-Auto Services
12/15/23,AplPay DD/BR #304484FLUSHING            NY,4.24,"23151406505 718-478-5407
AplPay DD/BR #304484 Q35 3044
FLUSHING
NY
Description : FAST FOOD RESTAURAN Price : 0.00
718-478-5407",AplPay DD/BR #304484FLUSHING            NY,6365 WOODHAVEN BLVD,"REGO PARK
NY",11374,UNITED STATES,3.20234E+17,Restaurant-Bar & Caf√©
12/15/23,AplPay DD/BR #304484FLUSHING            NY,9.47,"23152037295 718-478-5407
AplPay DD/BR #304484 Q35 3044
FLUSHING
NY
Description : FAST FOOD RESTAURAN Price : 0.00
718-478-5407",AplPay DD/BR #304484FLUSHING            NY,6365 WOODHAVEN BLVD,"REGO PARK
NY",11374,UNITED STATES,3.20234E+17,Restaurant-Bar & Caf√©
12/13/23,Interest Charge on Pay Over Time Purchases,102.15,"Interest Charge on Pay Over Time Purchases
",Interest Charge on Pay Over Time Purchases,,,,,1.31214E+17,Fees & Adjustments-Fees & Adjustments
12/10/23,AplPay DD/BR #304484FLUSHING            NY,8.51,"23101430075 718-478-5407
AplPay DD/BR #304484 Q35 3044
FLUSHING
NY
Description : FAST FOOD RESTAURAN Price : 0.00
718-478-5407",AplPay DD/BR #304484FLUSHING            NY,6365 WOODHAVEN BLVD,"REGO PARK
NY",11374,UNITED STATES,3.20233E+17,Restaurant-Bar & Caf√©
12/10/23,AplPay THE BAGEL SPOFOREST HILLS        NY,19.81,"73011553344 THEBAGELSPOT101@GMSIL
THEBAGELSPOT101@GMSIL.COM
AplPay THE BAGEL SPOT 055630000165092
FOREST HILLS
NY
THEBAGELSPOT101@GMSIL.COM",AplPay THE BAGEL SPOFOREST HILLS        NY,101-01 QUEENS BLVD,"FOREST HILLS
NY",11375,UNITED STATES,3.20233E+17,Restaurant-Restaurant
12/10/23,AplPay TRADER JOE S REGO PARK           NY,24.53,"000164122436265993700
AplPay TRADER JOE S #557 000000557
REGO PARK
NY
6265993700",AplPay TRADER JOE S REGO PARK           NY,9030 METROPOLITAN AVE,"REGO PARK
NY",11374,UNITED STATES,3.20233E+17,Merchandise & Supplies-Groceries
12/9/23,AplPay DUNKIN #33045FOREST HILLS        NY,9.91,"23091346545 718-793-5785
AplPay DUNKIN #330459 Q35 3304
FOREST HILLS
NY
Description : FAST FOOD RESTAURAN Price : 0.00
718-793-5785",AplPay DUNKIN #33045FOREST HILLS        NY,9712 METROPOLITAN AVE,"FOREST HILLS
NY",11375-6626,UNITED STATES,3.20233E+17,Restaurant-Bar & Caf√©
12/8/23,AplPay ANGIES MARKETFOREST HILLS        NY,29.34,"00001475    917-334-4100
AplPay ANGIES MARKET 3015
FOREST HILLS
NY
Description : GROCERIES/SUNDRIES Price : 0.00
917-334-4100",AplPay ANGIES MARKETFOREST HILLS        NY,10027 METROPOLITAN AVE,"FOREST HILLS
NY",11375,UNITED STATES,3.20233E+17,Merchandise & Supplies-Groceries
12/1/23,FS *CAPTURE ONE     877-327-8914        CA,20,"QXYRTFVMSXW3AC9610BA69D3D7E 93101
FS *CAPTURE ONE
877-327-8914
CA
3AC9610BA69D3D7E 93101",FS *CAPTURE ONE     877-327-8914        CA,801 GDN ST 201,"SANTA BARBARA
CA",93101,UNITED STATES,3.20233E+17,Merchandise & Supplies-Internet Purchase
11/29/23,AplPay WHOLEFDS BDN WESTMINSTER         CO,84.55,"0Y2TSQGWFN1 8777445300
AplPay WHOLEFDS BDN #10556 000010556
WESTMINSTER
CO
Description : GROCERY STORES Price : 0.8455
8777445300",AplPay WHOLEFDS BDN WESTMINSTER         CO,4451 MAIN ST,"WESTMINSTER
CO",80031,UNITED STATES,3.20233E+17,Merchandise & Supplies-Groceries
11/28/23,KING SOOPERS        WESTMINSTER         CO,46.64,"999999933328774154647
GROCERY STORES
KING SOOPERS
WESTMINSTER
CO
GROCERY STORES
8774154647",KING SOOPERS        WESTMINSTER         CO,9983 WADSWORTH PKWY,"WESTMINSTER
CO",80030,UNITED STATES,3.20233E+17,Merchandise & Supplies-Groceries
11/27/23,AplPay 4220 DOS TOROEAST ELMHURST       NY,15.19,"73011003332998426122805     11371
AplPay 4220 DOS TOROS 068880021662247
EAST ELMHURST
NY
998426122805     11371",AplPay 4220 DOS TOROEAST ELMHURST       NY,TERMINAL B,"FLUSHING
NY",11371,UNITED STATES,3.20233E+17,Restaurant-Restaurant
11/27/23,AplPay 6331120 - BARQUEENS              NY,5.79,"RESTAURANT
AplPay 6331120 - BAR 212 46449
QUEENS
NY
RESTAURANT",AplPay 6331120 - BARQUEENS              NY,"TERMINAL
B 3RD FLOOR ROOM 3629","FLUSHING
NY",11371,UNITED STATES,3.20233E+17,Restaurant-Bar & Caf√©
11/27/23,AplPay LGA FIVE BOROAshburn             VA,6.52,"fc95ed7b361FC95ED7B36104582920174
AplPay LGA FIVE BOROUGHS 1586893007
Ashburn
VA
FC95ED7B36104582920174",AplPay LGA FIVE BOROAshburn             VA,TERMINAL B ROOM 3509,"FLUSHING
NY",11371,UNITED STATES,3.20233E+17,Business Services-Other Services
11/27/23,LGA IRVING FARM 1626Flushing            NY,11.85,"fb67194b84aFB67194B84A54653911371
LGA IRVING FARM 16264074002
Flushing
NY
FB67194B84A54653911371",LGA IRVING FARM 1626Flushing            NY,TERMINAL B ROOM 3509,"FLUSHING
NY",11371,UNITED STATES,3.20233E+17,Business Services-Other Services
11/27/23,WAL-MART SUPERCENTERWESTMINSTER         CO,11.66,"33310026688 DISCOUNT STORE
WAL-MART SUPERCENTER 2223 2223
WESTMINSTER
CO
DISCOUNT STORE",WAL-MART SUPERCENTERWESTMINSTER         CO,9499 SHERIDAN BLVD,"WESTMINSTER
CO",80031,UNITED STATES,3.20233E+17,Merchandise & Supplies-Wholesale Stores
11/25/23,AplPay CVS PHARMACY FOREST HILLS        NY,27.03,"10085448   8007467287
PHARMACIES
AplPay CVS PHARMACY
FOREST HILLS
NY
PHARMACIES
8007467287",AplPay CVS PHARMACY FOREST HILLS        NY,9715 METROPOLITAN AVE,"FOREST HILLS
NY",11375,UNITED STATES,3.20233E+17,Merchandise & Supplies-Pharmacies
11/25/23,CHICK-FIL-A #03482 0HICKSVILLE          NY,9.22,"000202409   5164336305
CHICK-FIL-A #03482 000000000564195
HICKSVILLE
NY
5164336305",CHICK-FIL-A #03482 0HICKSVILLE          NY,"1401 BROADWAY
MALL","HICKSVILLE
NY",11801,UNITED STATES,3.20233E+17,Restaurant-Bar & Caf√©
11/24/23,AplPay DUNKIN #35377FOREST HILLS        NY,11.52,"23241338005 516-472-7100
AplPay DUNKIN #353779 Q35 3537
FOREST HILLS
NY
Description : FAST FOOD RESTAURAN Price : 0.00
516-472-7100",AplPay DUNKIN #35377FOREST HILLS        NY,73-02 AUSTIN ST,"FOREST HILLS
NY",11375,UNITED STATES,3.20233E+17,Restaurant-Bar & Caf√©
11/24/23,AplPay STEPHEN GRILLREGO PARK           NY,11,"54300011    718-898-0963
AplPay STEPHEN GRILL 0000
REGO PARK
NY
Description : FAST FOOD RESTAURAN Price : 0.00
718-898-0963",AplPay STEPHEN GRILLREGO PARK           NY,6125 WOODHAVEN BLVD,"REGO PARK
NY",11374,UNITED STATES,3.20233E+17,Restaurant-Bar & Caf√©
11/23/23,AplPay DUNKIN #35377FOREST HILLS        NY,7.94,"23231346165 516-472-7100
AplPay DUNKIN #353779 Q35 3537
FOREST HILLS
NY
Description : FAST FOOD RESTAURAN Price : 0.00
516-472-7100",AplPay DUNKIN #35377FOREST HILLS        NY,73-02 AUSTIN ST,"FOREST HILLS
NY",11375,UNITED STATES,3.20233E+17,Restaurant-Bar & Caf√©
11/23/23,AplPay MORTON WILLIANEW YORK            NY,19.98,"000041791   2123086922
AplPay MORTON WILLIAMS - GRAY 000000000579
NEW YORK
NY
2123086922",AplPay MORTON WILLIANEW YORK            NY,908 SECOND AVE,"NEW YORK
NY",10017,UNITED STATES,3.20233E+17,Merchandise & Supplies-Groceries
11/21/23,AplPay TST* BURRITO MIDDLE VILLAGE      NY,30.5,"21105173326 RESTAURANT
AplPay TST* BURRITO BLVD - MIDDL 00113595
MIDDLE VILLAGE
NY
RESTAURANT",AplPay TST* BURRITO MIDDLE VILLAGE      NY,7264 METROPOLITAN AVE,"MIDDLE VILLAGE
NY",11379,UNITED STATES,3.20233E+17,Restaurant-Restaurant
11/18/23,AplPay STARBUCKS STONEW YORK            NY,18.04,"D0B55304391 FAST FOOD RESTAURANT
AplPay STARBUCKS STORE 1773
NEW YORK
NY
FAST FOOD RESTAURANT",AplPay STARBUCKS STONEW YORK            NY,1301 AVE OF THE AMERICAS,"NEW YORK
NY",10019,UNITED STATES,3.20233E+17,Restaurant-Bar & Caf√©
11/17/23,AplPay VAN LEEUWEN INew York            NY,13.99,"J8wI7ecMMQR squareup.com/receipts
AplPay VAN LEEUWEN ICE CREAM - MACDOUGAL
New York
NY
squareup.com/receipts",AplPay VAN LEEUWEN INew York            NY,120 MACDOUGAL ST,"NEW YORK
NY",10012,UNITED STATES,3.20233E+17,Restaurant-Restaurant
11/13/23,MOBILE PAYMENT - THANK YOU,-175,"MOBILE PAYMENT - THANK YOU
",MOBILE PAYMENT - THANK YOU,,,,,3.20233E+17,
11/12/23,DD/BR #304484 Q35 30FLUSHING            NY,8.47,"23121221245 718-478-5407
DD/BR #304484 Q35 3044
FLUSHING
NY
Description : FAST FOOD RESTAURAN Price : 0.00
718-478-5407",DD/BR #304484 Q35 30FLUSHING            NY,6365 WOODHAVEN BLVD,"REGO PARK
NY",11374,UNITED STATES,3.20233E+17,Restaurant-Bar & Caf√©
11/12/23,Interest Charge on Pay Over Time Purchases,86.61,"Interest Charge on Pay Over Time Purchases
",Interest Charge on Pay Over Time Purchases,,,,,1.31113E+17,Fees & Adjustments-Fees & Adjustments
11/12/23,STEPHEN GRILL 0000  REGO PARK           NY,15,"54900004    718-898-0963
STEPHEN GRILL 0000
REGO PARK
NY
Description : FAST FOOD RESTAURAN Price : 0.00
718-898-0963",STEPHEN GRILL 0000  REGO PARK           NY,6125 WOODHAVEN BLVD,"REGO PARK
NY",11374,UNITED STATES,3.20233E+17,Restaurant-Bar & Caf√©
11/11/23,AplPay DD/BR #304484FLUSHING            NY,9.47,"23111154385 718-478-5407
AplPay DD/BR #304484 Q35 3044
FLUSHING
NY
Description : FAST FOOD RESTAURAN Price : 0.00
718-478-5407",AplPay DD/BR #304484FLUSHING            NY,6365 WOODHAVEN BLVD,"REGO PARK
NY",11374,UNITED STATES,3.20233E+17,Restaurant-Bar & Caf√©
11/11/23,STOP & SHOP         GLENDALE            NY,79.02,"805648     41               11385
STOP & SHOP
GLENDALE
NY
41               11385",STOP & SHOP         GLENDALE            NY,8989 UN TPKE,"GLENDALE
NY",11385,UNITED STATES,3.20233E+17,Merchandise & Supplies-Groceries
11/10/23,DD/BR #304484 Q35 30FLUSHING            NY,6.23,"23101305325 718-478-5407
DD/BR #304484 Q35 3044
FLUSHING
NY
Description : FAST FOOD RESTAURAN Price : 0.00
718-478-5407",DD/BR #304484 Q35 30FLUSHING            NY,6365 WOODHAVEN BLVD,"REGO PARK
NY",11374,UNITED STATES,3.20233E+17,Restaurant-Bar & Caf√©
11/5/23,AplPay CVS PHARMACY FOREST HILLS        NY,22.68,"10183038   8007467287
PHARMACIES
AplPay CVS PHARMACY
FOREST HILLS
NY
PHARMACIES
8007467287",AplPay CVS PHARMACY FOREST HILLS        NY,9715 METROPOLITAN AVE,"FOREST HILLS
NY",11375,UNITED STATES,3.20233E+17,Merchandise & Supplies-Pharmacies
11/5/23,AplPay DD/BR #304484FLUSHING            NY,10.47,"23051322205 718-478-5407
AplPay DD/BR #304484 Q35 3044
FLUSHING
NY
Description : FAST FOOD RESTAURAN Price : 0.00
718-478-5407",AplPay DD/BR #304484FLUSHING            NY,6365 WOODHAVEN BLVD,"REGO PARK
NY",11374,UNITED STATES,3.20233E+17,Restaurant-Bar & Caf√©
11/4/23,AplPay TRADER JOE S REGO PARK           NY,6.94,"00006376020 6265993700
AplPay TRADER JOE S #557 000000557
REGO PARK
NY
6265993700",AplPay TRADER JOE S REGO PARK           NY,9030 METROPOLITAN AVE,"REGO PARK
NY",11374,UNITED STATES,3.20233E+17,Merchandise & Supplies-Groceries
11/4/23,AplPay TRADER JOE S REGO PARK           NY,51.78,"000184047756265993700
AplPay TRADER JOE S #557 000000557
REGO PARK
NY
6265993700",AplPay TRADER JOE S REGO PARK           NY,9030 METROPOLITAN AVE,"REGO PARK
NY",11374,UNITED STATES,3.20233E+17,Merchandise & Supplies-Groceries
11/1/23,AplPay DD/BR #304484FLUSHING            NY,5.24,"23011250575 718-478-5407
AplPay DD/BR #304484 Q35 3044
FLUSHING
NY
Description : FAST FOOD RESTAURAN Price : 0.00
718-478-5407",AplPay DD/BR #304484FLUSHING            NY,6365 WOODHAVEN BLVD,"REGO PARK
NY",11374,UNITED STATES,3.20233E+17,Restaurant-Bar & Caf√©
11/1/23,FS *CAPTURE ONE     877-327-8914        CA,20,"-T_TETOLQOI3AC9610BA69D3D7E 93101
FS *CAPTURE ONE
877-327-8914
CA
3AC9610BA69D3D7E 93101",FS *CAPTURE ONE     877-327-8914        CA,801 GDN ST 201,"SANTA BARBARA
CA",93101,UNITED STATES,3.20233E+17,Merchandise & Supplies-Internet Purchase
10/28/23,STOP & SHOP         GLENDALE            NY,88.05,"813308     57               11385
STOP & SHOP
GLENDALE
NY
57               11385",STOP & SHOP         GLENDALE            NY,8989 UN TPKE,"GLENDALE
NY",11385,UNITED STATES,3.20233E+17,Merchandise & Supplies-Groceries
10/28/23,STOP & SHOP         GLENDALE            NY,229.61,"800344     10               11385
STOP & SHOP
GLENDALE
NY
10               11385",STOP & SHOP         GLENDALE            NY,8989 UN TPKE,"GLENDALE
NY",11385,UNITED STATES,3.20233E+17,Merchandise & Supplies-Groceries
10/27/23,AplPay AUSTIN STREETQueens              NY,9.75,"jbf7zKRLAIM squareup.com/receipts
AplPay AUSTIN STREET PIZZA
Queens
NY
squareup.com/receipts",AplPay AUSTIN STREETQueens              NY,71 63 AUSTIN ST,"FOREST HILLS
NY",11375,UNITED STATES,3.20233E+17,Restaurant-Bar & Caf√©
10/27/23,AplPay RED PIPES CORFOREST HILLS        NY,6.9,"10900045    718-635-0245
AplPay RED PIPES CORP 0000
FOREST HILLS
NY
Description : FOOD/BEVERAGE Price : 0.00
718-635-0245",AplPay RED PIPES CORFOREST HILLS        NY,7160 AUSTIN ST,"FOREST HILLS
NY",11375,UNITED STATES,3.20233E+17,Restaurant-Restaurant
10/22/23,AplPay DD/BR #304484FLUSHING            NY,8.47,"23221159375 718-478-5407
AplPay DD/BR #304484 Q35 3044
FLUSHING
NY
Description : FAST FOOD RESTAURAN Price : 0.00
718-478-5407",AplPay DD/BR #304484FLUSHING            NY,6365 WOODHAVEN BLVD,"REGO PARK
NY",11374,UNITED STATES,3.20233E+17,Restaurant-Bar & Caf√©
10/20/23,AplPay DD/BR #304484FLUSHING            NY,9.19,"23201200515 718-478-5407
AplPay DD/BR #304484 Q35 3044
FLUSHING
NY
Description : FAST FOOD RESTAURAN Price : 0.00
718-478-5407",AplPay DD/BR #304484FLUSHING            NY,6365 WOODHAVEN BLVD,"REGO PARK
NY",11374,UNITED STATES,3.20233E+17,Restaurant-Bar & Caf√©
10/19/23,AplPay DD/BR #304484FLUSHING            NY,8.47,"23191131275 718-478-5407
AplPay DD/BR #304484 Q35 3044
FLUSHING
NY
Description : FAST FOOD RESTAURAN Price : 0.00
718-478-5407",AplPay DD/BR #304484FLUSHING            NY,6365 WOODHAVEN BLVD,"REGO PARK
NY",11374,UNITED STATES,3.20233E+17,Restaurant-Bar & Caf√©
10/18/23,Amazon Prime                            WA,-15.89,"Amazon Prime
WA
",Amazon Prime                            WA,440 TERRY AVE NORTH,"SEATTLE
WA",98109,UNITED STATES,3.20233E+17,Merchandise & Supplies-Mail Order
10/18/23,Amazon Prime        Amazon.com          WA,15.89,"4O70EGSLBM6 SUBSCRIPTION
Amazon Prime
Amazon.com
WA
SUBSCRIPTION",Amazon Prime        Amazon.com          WA,440 TERRY AVE NORTH,"SEATTLE
WA",98109,UNITED STATES,3.20233E+17,Merchandise & Supplies-Mail Order
10/18/23,AplPay DD/BR #304484FLUSHING            NY,17.38,"23181131275 718-478-5407
AplPay DD/BR #304484 Q35 3044
FLUSHING
NY
Description : FAST FOOD RESTAURAN Price : 0.00
718-478-5407",AplPay DD/BR #304484FLUSHING            NY,6365 WOODHAVEN BLVD,"REGO PARK
NY",11374,UNITED STATES,3.20233E+17,Restaurant-Bar & Caf√©
10/18/23,AplPay STOP & SHOP  GLENDALE            NY,92.16,"820603     245              11385
AplPay STOP & SHOP
GLENDALE
NY
245              11385",AplPay STOP & SHOP  GLENDALE            NY,8989 UN TPKE,"GLENDALE
NY",11385,UNITED STATES,3.20233E+17,Merchandise & Supplies-Groceries
10/17/23,AplPay DUNKIN #33822BROOKLYN            NY,7.94,"23170910093 860-779-2757
AplPay DUNKIN #338221 Q35 3382
BROOKLYN
NY
Description : FAST FOOD RESTAURAN Price : 0.00
860-779-2757",AplPay DUNKIN #33822BROOKLYN            NY,148 SMITH ST,"BROOKLYN
NY",11201,UNITED STATES,3.20233E+17,Restaurant-Bar & Caf√©
10/17/23,EL COYOTE FOREST HILFOREST HILLS        NY,23.4,"10156320231 7182680777
EL COYOTE FOREST HILLS 650000007932042
FOREST HILLS
NY
",EL COYOTE FOREST HILFOREST HILLS        NY,7009 AUSTIN ST,"FOREST HILLS
NY",11375-4799,UNITED STATES,3.20233E+17,Restaurant-Restaurant
10/17/23,JAPAN VILLAGE FOOD CBROOKLYN            NY,14.95,"73011003290 SUNRISEMART4@GMAIL.CO
SUNRISEMART4@GMAIL.COM
JAPAN VILLAGE FOOD COURT 7392900013004
BROOKLYN
NY
SUNRISEMART4@GMAIL.COM",JAPAN VILLAGE FOOD CBROOKLYN            NY,934 3RD AVE,"BROOKLYN
NY",11232,UNITED STATES,3.20233E+17,Restaurant-Restaurant
10/17/23,NYCDOT PARKING METERLONG ISLAND C       NY,3.25,"0000000000  212-839-3175
NYCDOT PARKING METERS 0037
LONG ISLAND C
NY
Description : PARKING FEES Price : 0.00
212-839-3175",NYCDOT PARKING METERLONG ISLAND C       NY,34-02 QUEENS BLVD,"LONG ISLAND CITY
NY",11101,UNITED STATES,3.20233E+17,Other-Government Services
10/16/23,AplPay COLSON PATISSBrooklyn            NY,17.6,"b5iQRCNyXLq squareup.com/receipts
AplPay COLSON PATISSERIE INDUSTRY CITY
Brooklyn
NY
squareup.com/receipts",AplPay COLSON PATISSBrooklyn            NY,253 36TH ST UNIT 21,"BROOKLYN
NY",11232,UNITED STATES,3.20233E+17,Merchandise & Supplies-Groceries
10/16/23,BIJANS 9254031172441BROOKLYN            NY,10.92,"73011003289 KIWICHR@AOL.COM
BIJANS 925403117244148
BROOKLYN
NY
KIWICHR@AOL.COM",BIJANS 9254031172441BROOKLYN            NY,81 HOYT ST,"BROOKLYN
NY",11201,UNITED STATES,3.20233E+17,Restaurant-Restaurant
10/16/23,SMITH GOURMET DELI CBROOKLYN            NY,17.47,"10156320231 9292502270
SMITH GOURMET DELI CORP 65000000944719
BROOKLYN
NY
Description : MISCL FOOD STORES Price : 0.1747
9292502270",SMITH GOURMET DELI CBROOKLYN            NY,126 SMITH ST,"BROOKLYN
NY",11201,UNITED STATES,3.20233E+17,Merchandise & Supplies-Groceries
10/16/23,TST* GRAND ARMY 0010BROOKLYN            NY,36.64,"21105173290 RESTAURANT
TST* GRAND ARMY 00109318
BROOKLYN
NY
RESTAURANT",TST* GRAND ARMY 0010BROOKLYN            NY,336 STATE ST,"BROOKLYN
NY",11217,UNITED STATES,3.20233E+17,Restaurant-Restaurant
10/15/23,AplPay DUNKIN #33045FOREST HILLS        NY,9.91,"23151156525 718-793-5785
AplPay DUNKIN #330459 Q35 3304
FOREST HILLS
NY
Description : FAST FOOD RESTAURAN Price : 0.00
718-793-5785",AplPay DUNKIN #33045FOREST HILLS        NY,9712 METROPOLITAN AVE,"FOREST HILLS
NY",11375-6626,UNITED STATES,3.20233E+17,Restaurant-Bar & Caf√©
10/15/23,FRAMBOISE PASTRY 000MIDDLE VILLAG       NY,17.1,"52900016    718-326-1579
FRAMBOISE PASTRY 0000
MIDDLE VILLAG
NY
Description : FAST FOOD RESTAURAN Price : 0.00
718-326-1579",FRAMBOISE PASTRY 000MIDDLE VILLAG       NY,"6459 DRY HBR RD
STE B","MIDDLE VILLAGE
NY",11379,UNITED STATES,3.20233E+17,Restaurant-Bar & Caf√©
10/14/23,AplPay DD/BR #304484FLUSHING            NY,15.94,"23141053045 718-478-5407
AplPay DD/BR #304484 Q35 3044
FLUSHING
NY
Description : FAST FOOD RESTAURAN Price : 0.00
718-478-5407",AplPay DD/BR #304484FLUSHING            NY,6365 WOODHAVEN BLVD,"REGO PARK
NY",11374,UNITED STATES,3.20233E+17,Restaurant-Bar & Caf√©
10/14/23,MOBILE PAYMENT - THANK YOU,-150,"MOBILE PAYMENT - THANK YOU
",MOBILE PAYMENT - THANK YOU,,,,,3.20233E+17,
10/14/23,STEPHEN GRILL 0000  REGO PARK           NY,10,"54100005    718-898-0963
STEPHEN GRILL 0000
REGO PARK
NY
Description : FAST FOOD RESTAURAN Price : 0.00
718-898-0963",STEPHEN GRILL 0000  REGO PARK           NY,6125 WOODHAVEN BLVD,"REGO PARK
NY",11374,UNITED STATES,3.20233E+17,Restaurant-Bar & Caf√©
10/14/23,TRADER JOE S #557 00REGO PARK           NY,52.7,"000173847746265993700
TRADER JOE S #557 000000557
REGO PARK
NY
6265993700",TRADER JOE S #557 00REGO PARK           NY,9030 METROPOLITAN AVE,"REGO PARK
NY",11374,UNITED STATES,3.20233E+17,Merchandise & Supplies-Groceries
10/13/23,ADJ PURCHASE FIN CHG,-0.38,"ADJ PURCHASE FIN CHG
",ADJ PURCHASE FIN CHG,,,,,3.20233E+17,Fees & Adjustments-Fees & Adjustments
10/13/23,Interest Charge on Pay Over Time Purchases,74.57,"Interest Charge on Pay Over Time Purchases
",Interest Charge on Pay Over Time Purchases,,,,,1.31014E+17,Fees & Adjustments-Fees & Adjustments
10/12/23,AplPay DD/BR #304484FLUSHING            NY,8.47,"23121255335 718-478-5407
AplPay DD/BR #304484 Q35 3044
FLUSHING
NY
Description : FAST FOOD RESTAURAN Price : 0.00
718-478-5407",AplPay DD/BR #304484FLUSHING            NY,6365 WOODHAVEN BLVD,"REGO PARK
NY",11374,UNITED STATES,3.20233E+17,Restaurant-Bar & Caf√©
10/10/23,AplPay DD/BR #304484FLUSHING            NY,8.47,"23101116405 718-478-5407
AplPay DD/BR #304484 Q35 3044
FLUSHING
NY
Description : FAST FOOD RESTAURAN Price : 0.00
718-478-5407",AplPay DD/BR #304484FLUSHING            NY,6365 WOODHAVEN BLVD,"REGO PARK
NY",11374,UNITED STATES,3.20233E+17,Restaurant-Bar & Caf√©
10/9/23,AplPay DD/BR #304484FLUSHING            NY,7.71,"23091746475 718-478-5407
AplPay DD/BR #304484 Q35 3044
FLUSHING
NY
Description : FAST FOOD RESTAURAN Price : 0.00
718-478-5407",AplPay DD/BR #304484FLUSHING            NY,6365 WOODHAVEN BLVD,"REGO PARK
NY",11374,UNITED STATES,3.20233E+17,Restaurant-Bar & Caf√©
10/9/23,AplPay DD/BR #304484FLUSHING            NY,9.47,"23091253465 718-478-5407
AplPay DD/BR #304484 Q35 3044
FLUSHING
NY
Description : FAST FOOD RESTAURAN Price : 0.00
718-478-5407",AplPay DD/BR #304484FLUSHING            NY,6365 WOODHAVEN BLVD,"REGO PARK
NY",11374,UNITED STATES,3.20233E+17,Restaurant-Bar & Caf√©
10/7/23,AplPay DD/BR #304484FLUSHING            NY,10.47,"23071231275 718-478-5407
AplPay DD/BR #304484 Q35 3044
FLUSHING
NY
Description : FAST FOOD RESTAURAN Price : 0.00
718-478-5407",AplPay DD/BR #304484FLUSHING            NY,6365 WOODHAVEN BLVD,"REGO PARK
NY",11374,UNITED STATES,3.20233E+17,Restaurant-Bar & Caf√©
10/7/23,STOP & SHOP         GLENDALE            NY,56.33,"821648     93               11385
STOP & SHOP
GLENDALE
NY
93               11385",STOP & SHOP         GLENDALE            NY,8989 UN TPKE,"GLENDALE
NY",11385,UNITED STATES,3.20233E+17,Merchandise & Supplies-Groceries
10/4/23,AplPay DD/BR #304484FLUSHING            NY,11.07,"23041121065 718-478-5407
AplPay DD/BR #304484 Q35 3044
FLUSHING
NY
Description : FAST FOOD RESTAURAN Price : 0.00
718-478-5407",AplPay DD/BR #304484FLUSHING            NY,6365 WOODHAVEN BLVD,"REGO PARK
NY",11374,UNITED STATES,3.20233E+17,Restaurant-Bar & Caf√©
10/3/23,AplPay DD/BR #304484FLUSHING            NY,5.24,"23031142235 718-478-5407
AplPay DD/BR #304484 Q35 3044
FLUSHING
NY
Description : FAST FOOD RESTAURAN Price : 0.00
718-478-5407",AplPay DD/BR #304484FLUSHING            NY,6365 WOODHAVEN BLVD,"REGO PARK
NY",11374,UNITED STATES,3.20233E+17,Restaurant-Bar & Caf√©
10/2/23,AplPay DD/BR #304484FLUSHING            NY,8.47,"23021217415 718-478-5407
AplPay DD/BR #304484 Q35 3044
FLUSHING
NY
Description : FAST FOOD RESTAURAN Price : 0.00
718-478-5407",AplPay DD/BR #304484FLUSHING            NY,6365 WOODHAVEN BLVD,"REGO PARK
NY",11374,UNITED STATES,3.20233E+17,Restaurant-Bar & Caf√©
10/1/23,ADAMS BAGELS & DELI REGO PARK           NY,16.98,"73011003274 AZWOODHAVEN@GMAIL.COM
ADAMS BAGELS & DELI 924600283041795
REGO PARK
NY
AZWOODHAVEN@GMAIL.COM",ADAMS BAGELS & DELI REGO PARK           NY,63 56 WOODHAVEN BLVD,"REGO PARK
NY",11374,UNITED STATES,3.20233E+17,Merchandise & Supplies-Groceries
10/1/23,AplPay DD/BR #304484FLUSHING            NY,8.47,"23011159325 718-478-5407
AplPay DD/BR #304484 Q35 3044
FLUSHING
NY
Description : FAST FOOD RESTAURAN Price : 0.00
718-478-5407",AplPay DD/BR #304484FLUSHING            NY,6365 WOODHAVEN BLVD,"REGO PARK
NY",11374,UNITED STATES,3.20233E+17,Restaurant-Bar & Caf√©
10/1/23,FS *CAPTURE ONE     877-327-8914        CA,20,"I0_O3G0SS9Q3AC9610BA69D3D7E 93101
FS *CAPTURE ONE
877-327-8914
CA
3AC9610BA69D3D7E 93101",FS *CAPTURE ONE     877-327-8914        CA,801 GDN ST 201,"SANTA BARBARA
CA",93101,UNITED STATES,3.20233E+17,Merchandise & Supplies-Internet Purchase
10/1/23,STOP & SHOP         GLENDALE            NY,28.68,"845638     19               11385
STOP & SHOP
GLENDALE
NY
19               11385",STOP & SHOP         GLENDALE            NY,8989 UN TPKE,"GLENDALE
NY",11385,UNITED STATES,3.20233E+17,Merchandise & Supplies-Groceries
9/30/23,STOP & SHOP         GLENDALE            NY,24.53,"817220     126              11385
STOP & SHOP
GLENDALE
NY
126              11385",STOP & SHOP         GLENDALE            NY,8989 UN TPKE,"GLENDALE
NY",11385,UNITED STATES,3.20233E+17,Merchandise & Supplies-Groceries
9/29/23,AplPay DD/BR #304484FLUSHING            NY,8.47,"23291304105 718-478-5407
AplPay DD/BR #304484 Q35 3044
FLUSHING
NY
Description : FAST FOOD RESTAURAN Price : 0.00
718-478-5407",AplPay DD/BR #304484FLUSHING            NY,6365 WOODHAVEN BLVD,"REGO PARK
NY",11374,UNITED STATES,3.20233E+17,Restaurant-Bar & Caf√©
9/29/23,MOBILE PAYMENT - THANK YOU,-100,"MOBILE PAYMENT - THANK YOU
",MOBILE PAYMENT - THANK YOU,,,,,3.20233E+17,
9/28/23,AplPay DUNKIN #33170FOREST HILLS        NY,9.56,"23281551002 718-846-2371
AplPay DUNKIN #331708 Q35 3317
FOREST HILLS
NY
Description : FAST FOOD RESTAURAN Price : 0.00
718-846-2371",AplPay DUNKIN #33170FOREST HILLS        NY,7167 YELLOWSTONE BLVD,"FOREST HILLS
NY",11375,UNITED STATES,3.20233E+17,Restaurant-Bar & Caf√©
9/26/23,STOP & SHOP         GLENDALE            NY,44.99,"862124     99               11385
STOP & SHOP
GLENDALE
NY
99               11385",STOP & SHOP         GLENDALE            NY,8989 UN TPKE,"GLENDALE
NY",11385,UNITED STATES,3.20233E+17,Merchandise & Supplies-Groceries
9/25/23,AplPay DD/BR #304484FLUSHING            NY,4.24,"23251230285 718-478-5407
AplPay DD/BR #304484 Q35 3044
FLUSHING
NY
Description : FAST FOOD RESTAURAN Price : 0.00
718-478-5407",AplPay DD/BR #304484FLUSHING            NY,6365 WOODHAVEN BLVD,"REGO PARK
NY",11374,UNITED STATES,3.20233E+17,Restaurant-Bar & Caf√©
9/24/23,AplPay DD/BR #304484FLUSHING            NY,8.45,"23241203525 718-478-5407
AplPay DD/BR #304484 Q35 3044
FLUSHING
NY
Description : FAST FOOD RESTAURAN Price : 0.00
718-478-5407",AplPay DD/BR #304484FLUSHING            NY,6365 WOODHAVEN BLVD,"REGO PARK
NY",11374,UNITED STATES,3.20233E+17,Restaurant-Bar & Caf√©
9/24/23,AplPay DD/BR #304484FLUSHING            NY,11.73,"23241203165 718-478-5407
AplPay DD/BR #304484 Q35 3044
FLUSHING
NY
Description : FAST FOOD RESTAURAN Price : 0.00
718-478-5407",AplPay DD/BR #304484FLUSHING            NY,6365 WOODHAVEN BLVD,"REGO PARK
NY",11374,UNITED STATES,3.20233E+17,Restaurant-Bar & Caf√©
9/23/23,AplPay DD/BR #304484FLUSHING            NY,11.73,"23231238035 718-478-5407
AplPay DD/BR #304484 Q35 3044
FLUSHING
NY
Description : FAST FOOD RESTAURAN Price : 0.00
718-478-5407",AplPay DD/BR #304484FLUSHING            NY,6365 WOODHAVEN BLVD,"REGO PARK
NY",11374,UNITED STATES,3.20233E+17,Restaurant-Bar & Caf√©
9/21/23,AplPay DD/BR #304484FLUSHING            NY,12.73,"23211055495 718-478-5407
AplPay DD/BR #304484 Q35 3044
FLUSHING
NY
Description : FAST FOOD RESTAURAN Price : 0.00
718-478-5407",AplPay DD/BR #304484FLUSHING            NY,6365 WOODHAVEN BLVD,"REGO PARK
NY",11374,UNITED STATES,3.20233E+17,Restaurant-Bar & Caf√©
9/20/23,AplPay DD/BR #304484FLUSHING            NY,4.24,"23201219435 718-478-5407
AplPay DD/BR #304484 Q35 3044
FLUSHING
NY
Description : FAST FOOD RESTAURAN Price : 0.00
718-478-5407",AplPay DD/BR #304484FLUSHING            NY,6365 WOODHAVEN BLVD,"REGO PARK
NY",11374,UNITED STATES,3.20233E+17,Restaurant-Bar & Caf√©
9/18/23,AplPay DD/BR #304484FLUSHING            NY,8.47,"23181306455 718-478-5407
AplPay DD/BR #304484 Q35 3044
FLUSHING
NY
Description : FAST FOOD RESTAURAN Price : 0.00
718-478-5407",AplPay DD/BR #304484FLUSHING            NY,6365 WOODHAVEN BLVD,"REGO PARK
NY",11374,UNITED STATES,3.20233E+17,Restaurant-Bar & Caf√©
9/17/23,Amazon Prime                            WA,-15.89,"Amazon Prime
WA
",Amazon Prime                            WA,440 TERRY AVE NORTH,"SEATTLE
WA",98109,UNITED STATES,3.20233E+17,Merchandise & Supplies-Mail Order
9/17/23,Amazon Prime        Amazon.com          WA,15.89,"5KLN9TRSSTU SUBSCRIPTION
Amazon Prime
Amazon.com
WA
SUBSCRIPTION",Amazon Prime        Amazon.com          WA,440 TERRY AVE NORTH,"SEATTLE
WA",98109,UNITED STATES,3.20233E+17,Merchandise & Supplies-Mail Order
9/16/23,AplPay ANGIES MARKETFOREST HILLS        NY,16.65,"00001181    718-544-2828
AplPay ANGIES MARKET
FOREST HILLS
NY
Description : GROCERIES/SUNDRIES Price : 0.00
718-544-2828",AplPay ANGIES MARKETFOREST HILLS        NY,100 27 METROPOLITAN AVE,"FOREST HILLS
NY",11375,UNITED STATES,3.20233E+17,Merchandise & Supplies-Groceries
9/14/23,AplPay CVS PHARMACY FOREST HILLS        NY,15,"10118440    8007467287
AplPay CVS PHARMACY
FOREST HILLS
NY
Description : PHARMACIES Price : 0.15
8007467287",AplPay CVS PHARMACY FOREST HILLS        NY,9715 METROPOLITAN AVE,"FOREST HILLS
NY",11375,UNITED STATES,3.20233E+17,Merchandise & Supplies-Pharmacies
9/13/23,AplPay DD/BR #304484FLUSHING            NY,5.44,"23131229365 718-478-5407
AplPay DD/BR #304484 Q35 3044
FLUSHING
NY
Description : FAST FOOD RESTAURAN Price : 0.00
718-478-5407",AplPay DD/BR #304484FLUSHING            NY,6365 WOODHAVEN BLVD,"REGO PARK
NY",11374,UNITED STATES,3.20233E+17,Restaurant-Bar & Caf√©
9/12/23,Interest Charge on Pay Over Time Purchases,64.85,"Interest Charge on Pay Over Time Purchases
",Interest Charge on Pay Over Time Purchases,,,,,1.30913E+17,Fees & Adjustments-Fees & Adjustments
9/11/23,AplPay DD/BR #304484FLUSHING            NY,9.67,"23111200275 718-478-5407
AplPay DD/BR #304484 Q35 3044
FLUSHING
NY
Description : FAST FOOD RESTAURAN Price : 0.00
718-478-5407",AplPay DD/BR #304484FLUSHING            NY,6365 WOODHAVEN BLVD,"REGO PARK
NY",11374,UNITED STATES,3.20233E+17,Restaurant-Bar & Caf√©
9/9/23,P.J. CLARKES        NEW YORK            NY,70.79,"00000010493 9176997445
P.J. CLARKES
NEW YORK
NY
Description : NO DATA SUBMITTED Price : 0.00
9176997445",P.J. CLARKES        NEW YORK            NY,915 3RD AVE,"NEW YORK
NY",10022-3767,UNITED STATES,3.20233E+17,Restaurant-Restaurant
9/9/23,TST* THE NAKED PIG 0NEW YORK            NY,19.32,"21105173253 RESTAURANT
TST* THE NAKED PIG 00067601
NEW YORK
NY
RESTAURANT",TST* THE NAKED PIG 0NEW YORK            NY,922 3RD AVE,"NEW YORK
NY",10022,UNITED STATES,3.20233E+17,Restaurant-Restaurant
9/8/23,AplPay DD/BR #304484FLUSHING            NY,4.24,"23081244295 718-478-5407
AplPay DD/BR #304484 Q35 3044
FLUSHING
NY
Description : FAST FOOD RESTAURAN Price : 0.00
718-478-5407",AplPay DD/BR #304484FLUSHING            NY,6365 WOODHAVEN BLVD,"REGO PARK
NY",11374,UNITED STATES,3.20233E+17,Restaurant-Bar & Caf√©
9/7/23,AplPay DD/BR #304484FLUSHING            NY,8.47,"23071247255 718-478-5407
AplPay DD/BR #304484 Q35 3044
FLUSHING
NY
Description : FAST FOOD RESTAURAN Price : 0.00
718-478-5407",AplPay DD/BR #304484FLUSHING            NY,6365 WOODHAVEN BLVD,"REGO PARK
NY",11374,UNITED STATES,3.20233E+17,Restaurant-Bar & Caf√©
9/7/23,MOBILE PAYMENT - THANK YOU,-100,"MOBILE PAYMENT - THANK YOU
",MOBILE PAYMENT - THANK YOU,,,,,3.20233E+17,
9/3/23,AplPay STARBUCKS STOFOREST HILLS        NY,10.12,"E0C01E4D74E FAST FOOD RESTAURANT
AplPay STARBUCKS STORE 0721
FOREST HILLS
NY
FAST FOOD RESTAURANT",AplPay STARBUCKS STOFOREST HILLS        NY,7000 AUSTIN ST,"FOREST HILLS
NY",11375,UNITED STATES,3.20232E+17,Restaurant-Bar & Caf√©
9/2/23,AplPay Arons KissenaFlushing            NY,24.07,"1149172924  ymwymw@gmail.com
AplPay Arons Kissena Farm
Flushing
NY
ymwymw@gmail.com",AplPay Arons KissenaFlushing            NY,7215 KISSENA BLVD,"FLUSHING
NY",11367,UNITED STATES,3.20232E+17,Merchandise & Supplies-Groceries
9/2/23,DD/BR #304484 Q35 30FLUSHING            NY,9.47,"23021210165 718-478-5407
DD/BR #304484 Q35 3044
FLUSHING
NY
Description : FAST FOOD RESTAURAN Price : 0.00
718-478-5407",DD/BR #304484 Q35 30FLUSHING            NY,6365 WOODHAVEN BLVD,"REGO PARK
NY",11374,UNITED STATES,3.20232E+17,Restaurant-Bar & Caf√©
9/1/23,AplPay DD/BR #304484FLUSHING            NY,9.47,"23011232285 718-478-5407
AplPay DD/BR #304484 Q35 3044
FLUSHING
NY
Description : FAST FOOD RESTAURAN Price : 0.00
718-478-5407",AplPay DD/BR #304484FLUSHING            NY,6365 WOODHAVEN BLVD,"REGO PARK
NY",11374,UNITED STATES,3.20232E+17,Restaurant-Bar & Caf√©
9/1/23,FS *CAPTURE ONE     877-327-8914        CA,20,"AO2UMWHTTTW3AC9610BA69D3D7E 93101
FS *CAPTURE ONE
877-327-8914
CA
3AC9610BA69D3D7E 93101",FS *CAPTURE ONE     877-327-8914        CA,801 GDN ST 201,"SANTA BARBARA
CA",93101,UNITED STATES,3.20232E+17,Merchandise & Supplies-Internet Purchase
8/29/23,AplPay TST* BURRITO MIDDLE VILLAGE      NY,30.76,"21105173242 RESTAURANT
AplPay TST* BURRITO BLVD - MIDDL 00113595
MIDDLE VILLAGE
NY
RESTAURANT",AplPay TST* BURRITO MIDDLE VILLAGE      NY,7264 METROPOLITAN AVE,"MIDDLE VILLAGE
NY",11379,UNITED STATES,3.20232E+17,Restaurant-Restaurant
8/25/23,AplPay DD/BR #304484FLUSHING            NY,18.38,"23251233515 718-478-5407
AplPay DD/BR #304484 Q35 3044
FLUSHING
NY
Description : FAST FOOD RESTAURAN Price : 0.00
718-478-5407",AplPay DD/BR #304484FLUSHING            NY,6365 WOODHAVEN BLVD,"REGO PARK
NY",11374,UNITED STATES,3.20232E+17,Restaurant-Bar & Caf√©
8/24/23,AplPay DD/BR #304484FLUSHING            NY,4.24,"23241242485 718-478-5407
AplPay DD/BR #304484 Q35 3044
FLUSHING
NY
Description : FAST FOOD RESTAURAN Price : 0.00
718-478-5407",AplPay DD/BR #304484FLUSHING            NY,6365 WOODHAVEN BLVD,"REGO PARK
NY",11374,UNITED STATES,3.20232E+17,Restaurant-Bar & Caf√©
8/22/23,AplPay DD/BR #304484FLUSHING            NY,5.24,"23221248425 718-478-5407
AplPay DD/BR #304484 Q35 3044
FLUSHING
NY
Description : FAST FOOD RESTAURAN Price : 0.00
718-478-5407",AplPay DD/BR #304484FLUSHING            NY,6365 WOODHAVEN BLVD,"REGO PARK
NY",11374,UNITED STATES,3.20232E+17,Restaurant-Bar & Caf√©
8/20/23,MCDONALD'S          FOREST HILLS        NY,13.46,"000010176   7189391881
MCDONALD'S
FOREST HILLS
NY
7189391881",MCDONALD'S          FOREST HILLS        NY,9801 METROPOLITAN AVE,"FOREST HILLS
NY",11375,UNITED STATES,3.20232E+17,Restaurant-Bar & Caf√©
8/19/23,ADAMS BAGELS & DELI REGO PARK           NY,20.37,"73011003232 AMIR.DARW@GMAIL.COM
ADAMS BAGELS & DELI 924600283026887
REGO PARK
NY
AMIR.DARW@GMAIL.COM",ADAMS BAGELS & DELI REGO PARK           NY,6356 WOODHAVEN BLVD,"REGO PARK
NY",11374,UNITED STATES,3.20232E+17,Merchandise & Supplies-Groceries
8/19/23,AplPay DD/BR #304484FLUSHING            NY,4.24,"23191234065 718-478-5407
AplPay DD/BR #304484 Q35 3044
FLUSHING
NY
Description : FAST FOOD RESTAURAN Price : 0.00
718-478-5407",AplPay DD/BR #304484FLUSHING            NY,6365 WOODHAVEN BLVD,"REGO PARK
NY",11374,UNITED STATES,3.20232E+17,Restaurant-Bar & Caf√©
8/17/23,Amazon Prime        Amazon.com          WA,15.89,"1NQUM0MZ3Z1 SUBSCRIPTION
Amazon Prime
Amazon.com
WA
SUBSCRIPTION",Amazon Prime        Amazon.com          WA,440 TERRY AVE NORTH,"SEATTLE
WA",98109,UNITED STATES,3.20232E+17,Merchandise & Supplies-Mail Order
8/14/23,AplPay DD/BR #304484FLUSHING            NY,4.24,"23131556005 718-478-5407
AplPay DD/BR #304484 Q35 3044
FLUSHING
NY
Description : FAST FOOD RESTAURAN Price : 0.00
718-478-5407",AplPay DD/BR #304484FLUSHING            NY,6365 WOODHAVEN BLVD,"REGO PARK
NY",11374,UNITED STATES,3.20232E+17,Restaurant-Bar & Caf√©
8/13/23,Interest Charge on Pay Over Time Purchases,60.85,"Interest Charge on Pay Over Time Purchases
",Interest Charge on Pay Over Time Purchases,,,,,1.30814E+17,Fees & Adjustments-Fees & Adjustments
8/12/23,AplPay DD/BR #304484FLUSHING            NY,9.47,"23121830445 718-478-5407
AplPay DD/BR #304484 Q35 3044
FLUSHING
NY
Description : FAST FOOD RESTAURAN Price : 0.00
718-478-5407",AplPay DD/BR #304484FLUSHING            NY,6365 WOODHAVEN BLVD,"REGO PARK
NY",11374,UNITED STATES,3.20232E+17,Restaurant-Bar & Caf√©
8/9/23,AplPay DD/BR #304484FLUSHING            NY,4.24,"23091058335 718-478-5407
AplPay DD/BR #304484 Q35 3044
FLUSHING
NY
Description : FAST FOOD RESTAURAN Price : 0.00
718-478-5407",AplPay DD/BR #304484FLUSHING            NY,6365 WOODHAVEN BLVD,"REGO PARK
NY",11374,UNITED STATES,3.20232E+17,Restaurant-Bar & Caf√©
8/8/23,AplPay DD/BR #304484FLUSHING            NY,8.47,"23081217445 718-478-5407
AplPay DD/BR #304484 Q35 3044
FLUSHING
NY
Description : FAST FOOD RESTAURAN Price : 0.00
718-478-5407",AplPay DD/BR #304484FLUSHING            NY,6365 WOODHAVEN BLVD,"REGO PARK
NY",11374,UNITED STATES,3.20232E+17,Restaurant-Bar & Caf√©
8/7/23,DUNKIN #339943 Q35 3MASPETH             NY,4.56,"23071124066 516-472-7100
DUNKIN #339943 Q35 3399
MASPETH
NY
Description : FAST FOOD RESTAURAN Price : 0.00
516-472-7100",DUNKIN #339943 Q35 3MASPETH             NY,59-51 QUEENS MIDTOWN EXPE,"MASPETH
NY",11378,UNITED STATES,3.20232E+17,Restaurant-Bar & Caf√©
8/7/23,MOBILE PAYMENT - THANK YOU,-71.7,"MOBILE PAYMENT - THANK YOU
",MOBILE PAYMENT - THANK YOU,,,,,3.20232E+17,
8/5/23,AplPay DD/BR #304484FLUSHING            NY,7.5,"23051514305 718-478-5407
AplPay DD/BR #304484 Q35 3044
FLUSHING
NY
Description : FAST FOOD RESTAURAN Price : 0.00
718-478-5407",AplPay DD/BR #304484FLUSHING            NY,6365 WOODHAVEN BLVD,"REGO PARK
NY",11374,UNITED STATES,3.20232E+17,Restaurant-Bar & Caf√©
8/4/23,AplPay DD/BR #304484FLUSHING            NY,8.47,"23041244375 718-478-5407
AplPay DD/BR #304484 Q35 3044
FLUSHING
NY
Description : FAST FOOD RESTAURAN Price : 0.00
718-478-5407",AplPay DD/BR #304484FLUSHING            NY,6365 WOODHAVEN BLVD,"REGO PARK
NY",11374,UNITED STATES,3.20232E+17,Restaurant-Bar & Caf√©
8/3/23,AplPay DD/BR #304484FLUSHING            NY,8.47,"23031238515 718-478-5407
AplPay DD/BR #304484 Q35 3044
FLUSHING
NY
Description : FAST FOOD RESTAURAN Price : 0.00
718-478-5407",AplPay DD/BR #304484FLUSHING            NY,6365 WOODHAVEN BLVD,"REGO PARK
NY",11374,UNITED STATES,3.20232E+17,Restaurant-Bar & Caf√©
8/2/23,AplPay DD/BR #304484FLUSHING            NY,8.47,"23021259455 718-478-5407
AplPay DD/BR #304484 Q35 3044
FLUSHING
NY
Description : FAST FOOD RESTAURAN Price : 0.00
718-478-5407",AplPay DD/BR #304484FLUSHING            NY,6365 WOODHAVEN BLVD,"REGO PARK
NY",11374,UNITED STATES,3.20232E+17,Restaurant-Bar & Caf√©
8/1/23,AplPay DUNKIN #33045FOREST HILLS        NY,8.91,"23011437355 718-793-5785
AplPay DUNKIN #330459 Q35 3304
FOREST HILLS
NY
Description : FAST FOOD RESTAURAN Price : 0.00
718-793-5785",AplPay DUNKIN #33045FOREST HILLS        NY,9712 METROPOLITAN AVE,"FOREST HILLS
NY",11375-6626,UNITED STATES,3.20232E+17,Restaurant-Bar & Caf√©
8/1/23,FS *CAPTURE ONE     877-327-8914        CA,20,"ZCXRNXODQCM3AC9610BA69D3D7E 93101
FS *CAPTURE ONE
877-327-8914
CA
3AC9610BA69D3D7E 93101",FS *CAPTURE ONE     877-327-8914        CA,801 GDN ST 201,"SANTA BARBARA
CA",93101,UNITED STATES,3.20232E+17,Merchandise & Supplies-Internet Purchase
7/31/23,AplPay DD/BR #304484FLUSHING            NY,4.24,"23311851325 718-478-5407
AplPay DD/BR #304484 Q35 3044
FLUSHING
NY
Description : FAST FOOD RESTAURAN Price : 0.00
718-478-5407",AplPay DD/BR #304484FLUSHING            NY,6365 WOODHAVEN BLVD,"REGO PARK
NY",11374,UNITED STATES,3.20232E+17,Restaurant-Bar & Caf√©
7/30/23,AplPay DD/BR #304484FLUSHING            NY,8.47,"23301207315 718-478-5407
AplPay DD/BR #304484 Q35 3044
FLUSHING
NY
Description : FAST FOOD RESTAURAN Price : 0.00
718-478-5407",AplPay DD/BR #304484FLUSHING            NY,6365 WOODHAVEN BLVD,"REGO PARK
NY",11374,UNITED STATES,3.20232E+17,Restaurant-Bar & Caf√©
7/30/23,AplPay KEY FOOD 2188REGO PARK           NY,22.74,"99999993212 9175484585
AplPay KEY FOOD 2188 000002188
REGO PARK
NY
Description : GROCERY STORES Price : 0.2274
9175484585",AplPay KEY FOOD 2188REGO PARK           NY,9202 63RD DR,"REGO PARK
NY",11374,UNITED STATES,3.20232E+17,Merchandise & Supplies-Groceries
7/29/23,AplPay DD/BR #304484FLUSHING            NY,8.47,"23291124445 718-478-5407
AplPay DD/BR #304484 Q35 3044
FLUSHING
NY
Description : FAST FOOD RESTAURAN Price : 0.00
718-478-5407",AplPay DD/BR #304484FLUSHING            NY,6365 WOODHAVEN BLVD,"REGO PARK
NY",11374,UNITED STATES,3.20232E+17,Restaurant-Bar & Caf√©
7/28/23,AplPay ANGIES MARKETFOREST HILLS        NY,33.44,"00001624    718-544-2828
AplPay ANGIES MARKET
FOREST HILLS
NY
Description : GROCERIES/SUNDRIES Price : 0.00
718-544-2828",AplPay ANGIES MARKETFOREST HILLS        NY,100 27 METROPOLITAN AVE,"FOREST HILLS
NY",11375,UNITED STATES,3.20232E+17,Merchandise & Supplies-Groceries
7/26/23,AplPay DD/BR #304484FLUSHING            NY,4.24,"23260922315 718-478-5407
AplPay DD/BR #304484 Q35 3044
FLUSHING
NY
Description : FAST FOOD RESTAURAN Price : 0.00
718-478-5407",AplPay DD/BR #304484FLUSHING            NY,6365 WOODHAVEN BLVD,"REGO PARK
NY",11374,UNITED STATES,3.20232E+17,Restaurant-Bar & Caf√©
7/24/23,AplPay DD/BR #304484FLUSHING            NY,13.9,"23241126465 718-478-5407
AplPay DD/BR #304484 Q35 3044
FLUSHING
NY
Description : FAST FOOD RESTAURAN Price : 0.00
718-478-5407",AplPay DD/BR #304484FLUSHING            NY,6365 WOODHAVEN BLVD,"REGO PARK
NY",11374,UNITED STATES,3.20232E+17,Restaurant-Bar & Caf√©
7/23/23,ADAMS BAGELS & DELI REGO PARK           NY,17.83,"73011003204 AMIR.DARW@GMAIL.COM
ADAMS BAGELS & DELI 924600283026887
REGO PARK
NY
AMIR.DARW@GMAIL.COM",ADAMS BAGELS & DELI REGO PARK           NY,6356 WOODHAVEN BLVD,"REGO PARK
NY",11374,UNITED STATES,3.20232E+17,Merchandise & Supplies-Groceries
7/23/23,ANGIES MARKET       FOREST HILLS        NY,31.79,"00001248    718-544-2828
ANGIES MARKET
FOREST HILLS
NY
Description : GROCERIES/SUNDRIES Price : 0.00
718-544-2828",ANGIES MARKET       FOREST HILLS        NY,100 27 METROPOLITAN AVE,"FOREST HILLS
NY",11375,UNITED STATES,3.20232E+17,Merchandise & Supplies-Groceries
7/23/23,AplPay DUNKIN #33045FOREST HILLS        NY,4.45,"23231221525 718-793-5785
AplPay DUNKIN #330459 Q35 3304
FOREST HILLS
NY
Description : FAST FOOD RESTAURAN Price : 0.00
718-793-5785",AplPay DUNKIN #33045FOREST HILLS        NY,9712 METROPOLITAN AVE,"FOREST HILLS
NY",11375-6626,UNITED STATES,3.20232E+17,Restaurant-Bar & Caf√©
7/23/23,DD/BR #304484 Q35 30FLUSHING            NY,4.24,"23230823055 718-478-5407
DD/BR #304484 Q35 3044
FLUSHING
NY
Description : FAST FOOD RESTAURAN Price : 0.00
718-478-5407",DD/BR #304484 Q35 30FLUSHING            NY,6365 WOODHAVEN BLVD,"REGO PARK
NY",11374,UNITED STATES,3.20232E+17,Restaurant-Bar & Caf√©
7/22/23,AplPay 7-ELEVEN 2993REGO PARK           NY,15.53,"120690723 7 718-459-0403
AplPay 7-ELEVEN 29937 00072993701
REGO PARK
NY
Description : GAS/MSC97  12693701 Price : 0.1553
718-459-0403",AplPay 7-ELEVEN 2993REGO PARK           NY,"CITY PLACE CTR EAST
2711 NORTH HASKELL AVE","DALLAS
TX",75204,UNITED STATES,3.20232E+17,Merchandise & Supplies-Groceries
7/22/23,AplPay DD/BR #304484FLUSHING            NY,21.08,"23221108575 718-478-5407
AplPay DD/BR #304484 Q35 3044
FLUSHING
NY
Description : FAST FOOD RESTAURAN Price : 0.00
718-478-5407",AplPay DD/BR #304484FLUSHING            NY,6365 WOODHAVEN BLVD,"REGO PARK
NY",11374,UNITED STATES,3.20232E+17,Restaurant-Bar & Caf√©
7/21/23,AplPay DD/BR #304484FLUSHING            NY,11.46,"23211238565 718-478-5407
AplPay DD/BR #304484 Q35 3044
FLUSHING
NY
Description : FAST FOOD RESTAURAN Price : 0.00
718-478-5407",AplPay DD/BR #304484FLUSHING            NY,6365 WOODHAVEN BLVD,"REGO PARK
NY",11374,UNITED STATES,3.20232E+17,Restaurant-Bar & Caf√©
7/20/23,AplPay DD/BR #304484FLUSHING            NY,10.91,"23201116155 718-478-5407
AplPay DD/BR #304484 Q35 3044
FLUSHING
NY
Description : FAST FOOD RESTAURAN Price : 0.00
718-478-5407",AplPay DD/BR #304484FLUSHING            NY,6365 WOODHAVEN BLVD,"REGO PARK
NY",11374,UNITED STATES,3.20232E+17,Restaurant-Bar & Caf√©
7/19/23,AplPay DD/BR #304484FLUSHING            NY,8.47,"23191323025 718-478-5407
AplPay DD/BR #304484 Q35 3044
FLUSHING
NY
Description : FAST FOOD RESTAURAN Price : 0.00
718-478-5407",AplPay DD/BR #304484FLUSHING            NY,6365 WOODHAVEN BLVD,"REGO PARK
NY",11374,UNITED STATES,3.20232E+17,Restaurant-Bar & Caf√©
7/18/23,AplPay DD/BR #304484FLUSHING            NY,4.24,"23181135215 718-478-5407
AplPay DD/BR #304484 Q35 3044
FLUSHING
NY
Description : FAST FOOD RESTAURAN Price : 0.00
718-478-5407",AplPay DD/BR #304484FLUSHING            NY,6365 WOODHAVEN BLVD,"REGO PARK
NY",11374,UNITED STATES,3.20232E+17,Restaurant-Bar & Caf√©
7/17/23,ADAMS BAGELS & DELI REGO PARK           NY,7.28,"73011003198 AMIR.DARW@GMAIL.COM
ADAMS BAGELS & DELI 924600283026887
REGO PARK
NY
AMIR.DARW@GMAIL.COM",ADAMS BAGELS & DELI REGO PARK           NY,6356 WOODHAVEN BLVD,"REGO PARK
NY",11374,UNITED STATES,3.20232E+17,Merchandise & Supplies-Groceries
7/17/23,Amazon Prime        Amazon.com          WA,15.89,"6XK9TO25PE4 SUBSCRIPTION
Amazon Prime
Amazon.com
WA
SUBSCRIPTION",Amazon Prime        Amazon.com          WA,440 TERRY AVE NORTH,"SEATTLE
WA",98109,UNITED STATES,3.20232E+17,Merchandise & Supplies-Mail Order
7/17/23,AplPay DD/BR #304484FLUSHING            NY,12.71,"23171041485 718-478-5407
AplPay DD/BR #304484 Q35 3044
FLUSHING
NY
Description : FAST FOOD RESTAURAN Price : 0.00
718-478-5407",AplPay DD/BR #304484FLUSHING            NY,6365 WOODHAVEN BLVD,"REGO PARK
NY",11374,UNITED STATES,3.20232E+17,Restaurant-Bar & Caf√©
7/16/23,AplPay DD/BR #304484FLUSHING            NY,28.11,"23161130155 718-478-5407
AplPay DD/BR #304484 Q35 3044
FLUSHING
NY
Description : FAST FOOD RESTAURAN Price : 0.00
718-478-5407",AplPay DD/BR #304484FLUSHING            NY,6365 WOODHAVEN BLVD,"REGO PARK
NY",11374,UNITED STATES,3.20232E+17,Restaurant-Bar & Caf√©
7/14/23,AplPay DD/BR #304484FLUSHING            NY,7.5,"23140847215 718-478-5407
AplPay DD/BR #304484 Q35 3044
FLUSHING
NY
Description : FAST FOOD RESTAURAN Price : 0.00
718-478-5407",AplPay DD/BR #304484FLUSHING            NY,6365 WOODHAVEN BLVD,"REGO PARK
NY",11374,UNITED STATES,3.20232E+17,Restaurant-Bar & Caf√©
7/14/23,MCDONALD'S F1159 000EAST ELMHURST       NY,9.56,"000014338   7188987437
MCDONALD'S F1159 000000000235623
EAST ELMHURST
NY
7188987437",MCDONALD'S F1159 000EAST ELMHURST       NY,8805 ASTORIA BLVD,"EAST ELMHURST
NY",11369,UNITED STATES,3.20232E+17,Restaurant-Bar & Caf√©
7/13/23,AplPay DD/BR #304484FLUSHING            NY,20.42,"23131119315 718-478-5407
AplPay DD/BR #304484 Q35 3044
FLUSHING
NY
Description : FAST FOOD RESTAURAN Price : 0.00
718-478-5407",AplPay DD/BR #304484FLUSHING            NY,6365 WOODHAVEN BLVD,"REGO PARK
NY",11374,UNITED STATES,3.20232E+17,Restaurant-Bar & Caf√©
7/13/23,Interest Charge on Pay Over Time Purchases,49.69,"Interest Charge on Pay Over Time Purchases
",Interest Charge on Pay Over Time Purchases,,,,,1.30714E+17,Fees & Adjustments-Fees & Adjustments
7/12/23,AplPay WENDY'S #3115REGO PARK           NY,21.32,"1003020300410030203004      11374
FAST FOOD REST.
AplPay WENDY'S #3115 000003115
REGO PARK
NY
FAST FOOD REST.
10030203004      11374",AplPay WENDY'S #3115REGO PARK           NY,90 13 METROPOLITAN,"REGO PARK
NY",11374,UNITED STATES,3.20232E+17,Restaurant-Bar & Caf√©
7/12/23,DD/BR #304484 Q35 30FLUSHING            NY,10.47,"23121124405 718-478-5407
DD/BR #304484 Q35 3044
FLUSHING
NY
Description : FAST FOOD RESTAURAN Price : 0.00
718-478-5407",DD/BR #304484 Q35 30FLUSHING            NY,6365 WOODHAVEN BLVD,"REGO PARK
NY",11374,UNITED STATES,3.20232E+17,Restaurant-Bar & Caf√©
7/11/23,AplPay DUNKIN #33045FOREST HILLS        NY,4.45,"23111051215 718-793-5785
AplPay DUNKIN #330459 Q35 3304
FOREST HILLS
NY
Description : FAST FOOD RESTAURAN Price : 0.00
718-793-5785",AplPay DUNKIN #33045FOREST HILLS        NY,9712 METROPOLITAN AVE,"FOREST HILLS
NY",11375-6626,UNITED STATES,3.20232E+17,Restaurant-Bar & Caf√©
7/10/23,AplPay DD/BR #304484FLUSHING            NY,11.73,"23101124375 718-478-5407
AplPay DD/BR #304484 Q35 3044
FLUSHING
NY
Description : FAST FOOD RESTAURAN Price : 0.00
718-478-5407",AplPay DD/BR #304484FLUSHING            NY,6365 WOODHAVEN BLVD,"REGO PARK
NY",11374,UNITED STATES,3.20232E+17,Restaurant-Bar & Caf√©
7/9/23,ANGIES MARKET       FOREST HILLS        NY,31.17,"00001689    718-544-2828
ANGIES MARKET
FOREST HILLS
NY
Description : GROCERIES/SUNDRIES Price : 0.00
718-544-2828",ANGIES MARKET       FOREST HILLS        NY,100 27 METROPOLITAN AVE,"FOREST HILLS
NY",11375,UNITED STATES,3.20232E+17,Merchandise & Supplies-Groceries
7/8/23,ADAMS BAGELS & DELI REGO PARK           NY,15.57,"73011003190 AMIR.DARW@GMAIL.COM
ADAMS BAGELS & DELI 924600283026887
REGO PARK
NY
AMIR.DARW@GMAIL.COM",ADAMS BAGELS & DELI REGO PARK           NY,6356 WOODHAVEN BLVD,"REGO PARK
NY",11374,UNITED STATES,3.20232E+17,Merchandise & Supplies-Groceries
7/8/23,AplPay DD/BR #304484FLUSHING            NY,4.24,"23081038585 718-478-5407
AplPay DD/BR #304484 Q35 3044
FLUSHING
NY
Description : FAST FOOD RESTAURAN Price : 0.00
718-478-5407",AplPay DD/BR #304484FLUSHING            NY,6365 WOODHAVEN BLVD,"REGO PARK
NY",11374,UNITED STATES,3.20232E+17,Restaurant-Bar & Caf√©
7/8/23,AplPay DUNKIN #33045FOREST HILLS        NY,9.91,"23081746525 718-793-5785
AplPay DUNKIN #330459 Q35 3304
FOREST HILLS
NY
Description : FAST FOOD RESTAURAN Price : 0.00
718-793-5785",AplPay DUNKIN #33045FOREST HILLS        NY,9712 METROPOLITAN AVE,"FOREST HILLS
NY",11375-6626,UNITED STATES,3.20232E+17,Restaurant-Bar & Caf√©
7/7/23,AplPay DD/BR #304484FLUSHING            NY,6.4,"23071102235 718-478-5407
AplPay DD/BR #304484 Q35 3044
FLUSHING
NY
Description : FAST FOOD RESTAURAN Price : 0.00
718-478-5407",AplPay DD/BR #304484FLUSHING            NY,6365 WOODHAVEN BLVD,"REGO PARK
NY",11374,UNITED STATES,3.20232E+17,Restaurant-Bar & Caf√©
7/7/23,AplPay KEY FOOD 2188REGO PARK           NY,6.61,"99999993189 9175484585
AplPay KEY FOOD 2188 000002188
REGO PARK
NY
Description : GROCERY STORES Price : 0.0661
9175484585",AplPay KEY FOOD 2188REGO PARK           NY,9202 63RD DR,"REGO PARK
NY",11374,UNITED STATES,3.20232E+17,Merchandise & Supplies-Groceries
7/7/23,AplPay TRADER JOE S REGO PARK           NY,71.47,"000153406416265993700
AplPay TRADER JOE S #557 000000557
REGO PARK
NY
6265993700",AplPay TRADER JOE S REGO PARK           NY,9030 METROPOLITAN AVE,"REGO PARK
NY",11374,UNITED STATES,3.20232E+17,Merchandise & Supplies-Groceries
7/6/23,DD/BR #304484 Q35 30FLUSHING            NY,11.07,"23061103335 718-478-5407
DD/BR #304484 Q35 3044
FLUSHING
NY
Description : FAST FOOD RESTAURAN Price : 0.00
718-478-5407",DD/BR #304484 Q35 30FLUSHING            NY,6365 WOODHAVEN BLVD,"REGO PARK
NY",11374,UNITED STATES,3.20232E+17,Restaurant-Bar & Caf√©
7/5/23,MOBILE PAYMENT - THANK YOU,-250,"MOBILE PAYMENT - THANK YOU
",MOBILE PAYMENT - THANK YOU,,,,,3.20232E+17,
7/4/23,AplPay DUANE READE #REGO PARK           NY,21.75,"99999993186NONE             11374
PHARMACIES
AplPay DUANE READE #14477 000014477
REGO PARK
NY
PHARMACIES
NONE             11374",AplPay DUANE READE #REGO PARK           NY,9511 63RD DR,"REGO PARK
NY",11374-2024,UNITED STATES,3.20232E+17,Merchandise & Supplies-Pharmacies
7/4/23,PANERA BREAD #204403GLENDALE            NY,11.92,"808940     938327173        11385
PANERA BREAD #204403
GLENDALE
NY
938327173        11385",PANERA BREAD #204403GLENDALE            NY,7325 WOODHAVEN BLVD STE 4,"GLENDALE
NY",11385,UNITED STATES,3.20232E+17,Restaurant-Bar & Caf√©
7/3/23,ADAMS BAGELS & DELI REGO PARK           NY,19.25,"73011003184 AMIR.DARW@GMAIL.COM
ADAMS BAGELS & DELI 924600283026887
REGO PARK
NY
AMIR.DARW@GMAIL.COM",ADAMS BAGELS & DELI REGO PARK           NY,6356 WOODHAVEN BLVD,"REGO PARK
NY",11374,UNITED STATES,3.20232E+17,Merchandise & Supplies-Groceries
7/3/23,AplPay DD/BR #304484FLUSHING            NY,10.47,"23031140175 718-478-5407
AplPay DD/BR #304484 Q35 3044
FLUSHING
NY
Description : FAST FOOD RESTAURAN Price : 0.00
718-478-5407",AplPay DD/BR #304484FLUSHING            NY,6365 WOODHAVEN BLVD,"REGO PARK
NY",11374,UNITED STATES,3.20232E+17,Restaurant-Bar & Caf√©
7/2/23,AplPay DD/BR #304484FLUSHING            NY,7.5,"23020933015 718-478-5407
AplPay DD/BR #304484 Q35 3044
FLUSHING
NY
Description : FAST FOOD RESTAURAN Price : 0.00
718-478-5407",AplPay DD/BR #304484FLUSHING            NY,6365 WOODHAVEN BLVD,"REGO PARK
NY",11374,UNITED STATES,3.20232E+17,Restaurant-Bar & Caf√©
7/1/23,AplPay DD/BR #304484FLUSHING            NY,4.24,"23011242025 718-478-5407
AplPay DD/BR #304484 Q35 3044
FLUSHING
NY
Description : FAST FOOD RESTAURAN Price : 0.00
718-478-5407",AplPay DD/BR #304484FLUSHING            NY,6365 WOODHAVEN BLVD,"REGO PARK
NY",11374,UNITED STATES,3.20232E+17,Restaurant-Bar & Caf√©
7/1/23,FS *CAPTURE ONE     877-327-8914        CA,20,"MPK13RTMSII3AC9610BA69D3D7E 93101
FS *CAPTURE ONE
877-327-8914
CA
3AC9610BA69D3D7E 93101",FS *CAPTURE ONE     877-327-8914        CA,801 GDN ST 201,"SANTA BARBARA
CA",93101,UNITED STATES,3.20232E+17,Merchandise & Supplies-Internet Purchase
6/30/23,AplPay CVS PHARMACY FOREST HILLS        NY,30,"10107718    8007467287
AplPay CVS PHARMACY
FOREST HILLS
NY
Description : PHARMACIES Price : 0.30
8007467287",AplPay CVS PHARMACY FOREST HILLS        NY,9715 METROPOLITAN AVE,"FOREST HILLS
NY",11375,UNITED STATES,3.20232E+17,Merchandise & Supplies-Pharmacies
6/30/23,CVS PHARMACY        FOREST HILLS        NY,11.58,"10177562    8007467287
CVS PHARMACY
FOREST HILLS
NY
Description : PHARMACIES Price : 0.1158
8007467287",CVS PHARMACY        FOREST HILLS        NY,9715 METROPOLITAN AVE,"FOREST HILLS
NY",11375,UNITED STATES,3.20232E+17,Merchandise & Supplies-Pharmacies
6/30/23,CVS PHARMACY        MIDDLE VILLAGE      NY,17.71,"10176239   8007467287
PHARMACIES
CVS PHARMACY
MIDDLE VILLAGE
NY
PHARMACIES
8007467287",CVS PHARMACY        MIDDLE VILLAGE      NY,7960 METROPOLITAN AVE,"MIDDLE VILLAGE
NY",11379,UNITED STATES,3.20232E+17,Merchandise & Supplies-Pharmacies
6/29/23,AplPay DD/BR #304484FLUSHING            NY,12.46,"23291239495 718-478-5407
AplPay DD/BR #304484 Q35 3044
FLUSHING
NY
Description : FAST FOOD RESTAURAN Price : 0.00
718-478-5407",AplPay DD/BR #304484FLUSHING            NY,6365 WOODHAVEN BLVD,"REGO PARK
NY",11374,UNITED STATES,3.20232E+17,Restaurant-Bar & Caf√©
6/26/23,AplPay DD/BR #304484FLUSHING            NY,4.24,"23261241495 718-478-5407
AplPay DD/BR #304484 Q35 3044
FLUSHING
NY
Description : FAST FOOD RESTAURAN Price : 0.00
718-478-5407",AplPay DD/BR #304484FLUSHING            NY,6365 WOODHAVEN BLVD,"REGO PARK
NY",11374,UNITED STATES,3.20232E+17,Restaurant-Bar & Caf√©
6/26/23,AplPay DUNKIN #33045FOREST HILLS        NY,16.63,"23261046265 718-793-5785
AplPay DUNKIN #330459 Q35 3304
FOREST HILLS
NY
Description : FAST FOOD RESTAURAN Price : 0.00
718-793-5785",AplPay DUNKIN #33045FOREST HILLS        NY,9712 METROPOLITAN AVE,"FOREST HILLS
NY",11375-6626,UNITED STATES,3.20232E+17,Restaurant-Bar & Caf√©
6/25/23,VITELLO S MARKETPLACFOREST HILLS        NY,20.3,"00500020474 7182617505
VITELLO S MARKETPLACE 000001672
FOREST HILLS
NY
Description : GROCERY STORES Price : 0.203
7182617505",VITELLO S MARKETPLACFOREST HILLS        NY,7176 YELLOWSTONE BLVD,"FOREST HILLS
NY",11375,UNITED STATES,3.20232E+17,Merchandise & Supplies-Groceries
6/24/23,REGO MARKET PLACE 00REGO PARK           NY,16.57,"99999993175 7183268800
REGO MARKET PLACE 000000001
REGO PARK
NY
Description : GROCERY STORES Price : 0.1657
7183268800",REGO MARKET PLACE 00REGO PARK           NY,6376 WOODHAVEN BLVD,"REGO PARK
NY",11374-4840,UNITED STATES,3.20232E+17,Merchandise & Supplies-Groceries
6/22/23,JAPAN VILLAGE FOOD CBROOKLYN            NY,14.95,"73011003173 SUNRISEMART4@GMAIL.CO
SUNRISEMART4@GMAIL.COM
JAPAN VILLAGE FOOD COURT 7392900013004
BROOKLYN
NY
SUNRISEMART4@GMAIL.COM",JAPAN VILLAGE FOOD CBROOKLYN            NY,934 3RD AVE,"BROOKLYN
NY",11232,UNITED STATES,3.20232E+17,Restaurant-Restaurant
6/20/23,AplPay DD/BR #304484FLUSHING            NY,4.24,"23201237515 718-478-5407
AplPay DD/BR #304484 Q35 3044
FLUSHING
NY
Description : FAST FOOD RESTAURAN Price : 0.00
718-478-5407",AplPay DD/BR #304484FLUSHING            NY,6365 WOODHAVEN BLVD,"REGO PARK
NY",11374,UNITED STATES,3.20232E+17,Restaurant-Bar & Caf√©
6/19/23,AplPay DD/BR #304484FLUSHING            NY,10.47,"23191218575 718-478-5407
AplPay DD/BR #304484 Q35 3044
FLUSHING
NY
Description : FAST FOOD RESTAURAN Price : 0.00
718-478-5407",AplPay DD/BR #304484FLUSHING            NY,6365 WOODHAVEN BLVD,"REGO PARK
NY",11374,UNITED STATES,3.20232E+17,Restaurant-Bar & Caf√©
6/18/23,Amazon Prime        Amazon.com          WA,15.89,"2UQ11947HGU SHIPPINGCLUB
Amazon Prime
Amazon.com
WA
SHIPPINGCLUB",Amazon Prime        Amazon.com          WA,440 TERRY AVE NORTH,"SEATTLE
WA",98109,UNITED STATES,3.20232E+17,Merchandise & Supplies-Mail Order
6/18/23,AplPay CVS PHARMACY MIDDLE VILLAGE      NY,30.65,"10081112   8007467287
PHARMACIES
AplPay CVS PHARMACY
MIDDLE VILLAGE
NY
PHARMACIES
8007467287",AplPay CVS PHARMACY MIDDLE VILLAGE      NY,7960 METROPOLITAN AVE,"MIDDLE VILLAGE
NY",11379,UNITED STATES,3.20232E+17,Merchandise & Supplies-Pharmacies
6/18/23,AplPay DD/BR #304484FLUSHING            NY,4.24,"23181203185 718-478-5407
AplPay DD/BR #304484 Q35 3044
FLUSHING
NY
Description : FAST FOOD RESTAURAN Price : 0.00
718-478-5407",AplPay DD/BR #304484FLUSHING            NY,6365 WOODHAVEN BLVD,"REGO PARK
NY",11374,UNITED STATES,3.20232E+17,Restaurant-Bar & Caf√©
6/18/23,AplPay DD/BR #304484FLUSHING            NY,6.93,"23181202425 718-478-5407
AplPay DD/BR #304484 Q35 3044
FLUSHING
NY
Description : FAST FOOD RESTAURAN Price : 0.00
718-478-5407",AplPay DD/BR #304484FLUSHING            NY,6365 WOODHAVEN BLVD,"REGO PARK
NY",11374,UNITED STATES,3.20232E+17,Restaurant-Bar & Caf√©
6/17/23,7-ELEVEN 29937 00072REGO PARK           NY,3.37,"140510618 7 718-459-0403
7-ELEVEN 29937 00072993701
REGO PARK
NY
Description : GAS/MSC97  14513701 Price : 0.0337
718-459-0403",7-ELEVEN 29937 00072REGO PARK           NY,"CITY PLACE CTR EAST
2711 NORTH HASKELL AVE","DALLAS
TX",75204,UNITED STATES,3.20232E+17,Merchandise & Supplies-Groceries
6/17/23,AplPay DD/BR #304484FLUSHING            NY,9.47,"23171303175 718-478-5407
AplPay DD/BR #304484 Q35 3044
FLUSHING
NY
Description : FAST FOOD RESTAURAN Price : 0.00
718-478-5407",AplPay DD/BR #304484FLUSHING            NY,6365 WOODHAVEN BLVD,"REGO PARK
NY",11374,UNITED STATES,3.20232E+17,Restaurant-Bar & Caf√©
6/17/23,AplPay DD/BR #358915NEW YORK            NY,10.21,"23171506517 609-586-6680
AplPay DD/BR #358915 3589
NEW YORK
NY
Description : FAST FOOD RESTAURAN Price : 0.00
609-586-6680",AplPay DD/BR #358915NEW YORK            NY,693 9TH AVE FRNT 1,"NEW YORK
NY",10036,UNITED STATES,3.20232E+17,Restaurant-Bar & Caf√©
6/16/23,AplPay DD/BR #304484FLUSHING            NY,8.47,"23161131375 718-478-5407
AplPay DD/BR #304484 Q35 3044
FLUSHING
NY
Description : FAST FOOD RESTAURAN Price : 0.00
718-478-5407",AplPay DD/BR #304484FLUSHING            NY,6365 WOODHAVEN BLVD,"REGO PARK
NY",11374,UNITED STATES,3.20232E+17,Restaurant-Bar & Caf√©
6/15/23,AplPay DD/BR #304484FLUSHING            NY,4.24,"23152022345 718-478-5407
AplPay DD/BR #304484 Q35 3044
FLUSHING
NY
Description : FAST FOOD RESTAURAN Price : 0.00
718-478-5407",AplPay DD/BR #304484FLUSHING            NY,6365 WOODHAVEN BLVD,"REGO PARK
NY",11374,UNITED STATES,3.20232E+17,Restaurant-Bar & Caf√©
6/15/23,AplPay DD/BR #304484FLUSHING            NY,9.47,"23151103405 718-478-5407
AplPay DD/BR #304484 Q35 3044
FLUSHING
NY
Description : FAST FOOD RESTAURAN Price : 0.00
718-478-5407",AplPay DD/BR #304484FLUSHING            NY,6365 WOODHAVEN BLVD,"REGO PARK
NY",11374,UNITED STATES,3.20232E+17,Restaurant-Bar & Caf√©
6/15/23,CROSBY STREET HOTEL-NEW YORK            NY,11.71,"29878       212-226-6400
CROSBY STREET HOTEL-3
NEW YORK
NY
",CROSBY STREET HOTEL-NEW YORK            NY,79 CROSBY ST,"NEW YORK
NY",10012,UNITED STATES,3.20232E+17,Travel-Lodging
6/14/23,AplPay DD/BR #304484FLUSHING            NY,8.47,"23141113545 718-478-5407
AplPay DD/BR #304484 Q35 3044
FLUSHING
NY
Description : FAST FOOD RESTAURAN Price : 0.00
718-478-5407",AplPay DD/BR #304484FLUSHING            NY,6365 WOODHAVEN BLVD,"REGO PARK
NY",11374,UNITED STATES,3.20232E+17,Restaurant-Bar & Caf√©
6/14/23,CVS PHARMACY        FOREST HILLS        NY,16.79,"10095629    8007467287
CVS PHARMACY
FOREST HILLS
NY
Description : PHARMACIES Price : 0.1679
8007467287",CVS PHARMACY        FOREST HILLS        NY,9715 METROPOLITAN AVE,"FOREST HILLS
NY",11375,UNITED STATES,3.20232E+17,Merchandise & Supplies-Pharmacies
6/13/23,AplPay DD/BR #304484FLUSHING            NY,12.71,"23131040555 718-478-5407
AplPay DD/BR #304484 Q35 3044
FLUSHING
NY
Description : FAST FOOD RESTAURAN Price : 0.00
718-478-5407",AplPay DD/BR #304484FLUSHING            NY,6365 WOODHAVEN BLVD,"REGO PARK
NY",11374,UNITED STATES,3.20232E+17,Restaurant-Bar & Caf√©
6/13/23,AplPay DUNKIN #33170FOREST HILLS        NY,10.34,"23131402192 718-846-2371
AplPay DUNKIN #331708 Q35 3317
FOREST HILLS
NY
Description : FAST FOOD RESTAURAN Price : 0.00
718-846-2371",AplPay DUNKIN #33170FOREST HILLS        NY,7167 YELLOWSTONE BLVD,"FOREST HILLS
NY",11375,UNITED STATES,3.20232E+17,Restaurant-Bar & Caf√©
6/12/23,AplPay DD/BR #304484FLUSHING            NY,12.71,"23121139155 718-478-5407
AplPay DD/BR #304484 Q35 3044
FLUSHING
NY
Description : FAST FOOD RESTAURAN Price : 0.00
718-478-5407",AplPay DD/BR #304484FLUSHING            NY,6365 WOODHAVEN BLVD,"REGO PARK
NY",11374,UNITED STATES,3.20232E+17,Restaurant-Bar & Caf√©
6/12/23,Interest Charge on Pay Over Time Purchases,29.05,"Interest Charge on Pay Over Time Purchases
",Interest Charge on Pay Over Time Purchases,,,,,1.30613E+17,Fees & Adjustments-Fees & Adjustments
6/12/23,KEY FOOD 2188 000002REGO PARK           NY,16.08,"99999993164 9175484585
KEY FOOD 2188 000002188
REGO PARK
NY
Description : GROCERY STORES Price : 0.1608
9175484585",KEY FOOD 2188 000002REGO PARK           NY,9202 63RD DR,"REGO PARK
NY",11374,UNITED STATES,3.20232E+17,Merchandise & Supplies-Groceries
6/11/23,AplPay STARBUCKS STOGLENDALE            NY,5.17,"E90C91586D8 FAST FOOD RESTAURANT
AplPay STARBUCKS STORE 1181
GLENDALE
NY
FAST FOOD RESTAURANT",AplPay STARBUCKS STOGLENDALE            NY,8000 COOPER AVE STE 1,"GLENDALE
NY",11385,UNITED STATES,3.20232E+17,Restaurant-Bar & Caf√©
6/11/23,DD/BR #304484 Q35 30FLUSHING            NY,8.47,"23111616225 718-478-5407
DD/BR #304484 Q35 3044
FLUSHING
NY
Description : FAST FOOD RESTAURAN Price : 0.00
718-478-5407",DD/BR #304484 Q35 30FLUSHING            NY,6365 WOODHAVEN BLVD,"REGO PARK
NY",11374,UNITED STATES,3.20232E+17,Restaurant-Bar & Caf√©
6/10/23,AplPay DD/BR #304484FLUSHING            NY,23.69,"23101048335 718-478-5407
AplPay DD/BR #304484 Q35 3044
FLUSHING
NY
Description : FAST FOOD RESTAURAN Price : 0.00
718-478-5407",AplPay DD/BR #304484FLUSHING            NY,6365 WOODHAVEN BLVD,"REGO PARK
NY",11374,UNITED STATES,3.20232E+17,Restaurant-Bar & Caf√©
6/9/23,AplPay DD/BR #304484FLUSHING            NY,9.47,"23091133105 718-478-5407
AplPay DD/BR #304484 Q35 3044
FLUSHING
NY
Description : FAST FOOD RESTAURAN Price : 0.00
718-478-5407",AplPay DD/BR #304484FLUSHING            NY,6365 WOODHAVEN BLVD,"REGO PARK
NY",11374,UNITED STATES,3.20232E+17,Restaurant-Bar & Caf√©
6/9/23,KEY FOOD 2188 000002REGO PARK           NY,16.65,"99999993161 9175484585
KEY FOOD 2188 000002188
REGO PARK
NY
Description : GROCERY STORES Price : 0.1665
9175484585",KEY FOOD 2188 000002REGO PARK           NY,9202 63RD DR,"REGO PARK
NY",11374,UNITED STATES,3.20232E+17,Merchandise & Supplies-Groceries
6/9/23,LILLIAN PIZZERIA    FOREST HILLS        NY,32.91,"85183533162        USFC1LILL11375
LILLIAN PIZZERIA
FOREST HILLS
NY
USFC1LILL11375",LILLIAN PIZZERIA    FOREST HILLS        NY,9601 69TH AVE,"FOREST HILLS
NY",11375,UNITED STATES,3.20232E+17,Restaurant-Bar & Caf√©
6/8/23,AplPay RITE AID 0486REGO PARK           NY,18.5,"00000579114 717-975-5881
AplPay RITE AID 04866 0486
REGO PARK
NY
Description : PRESCRIPTIONS/SUNDR Price : 0.00
717-975-5881",AplPay RITE AID 0486REGO PARK           NY,9514 63RD DR,"REGO PARK
NY",11374,UNITED STATES,3.20232E+17,Merchandise & Supplies-Pharmacies
6/6/23,AplPay DD/BR #358915NEW YORK            NY,14.23,"23061028427 609-586-6680
AplPay DD/BR #358915 3589
NEW YORK
NY
Description : FAST FOOD RESTAURAN Price : 0.00
609-586-6680",AplPay DD/BR #358915NEW YORK            NY,693 9TH AVE FRNT 1,"NEW YORK
NY",10036,UNITED STATES,3.20232E+17,Restaurant-Bar & Caf√©
6/6/23,CAFE FRESCO 00-08040NEW YORK            NY,15.49,"31099533157 FAST FOOD RESTAURANT
CAFE FRESCO 00-08040986302
NEW YORK
NY
FAST FOOD RESTAURANT",CAFE FRESCO 00-08040NEW YORK            NY,875 1ST AVE,"NEW YORK
NY",10017,UNITED STATES,3.20232E+17,Restaurant-Bar & Caf√©
6/6/23,KEY FOOD 2188 000002REGO PARK           NY,29.85,"99999993158 9175484585
KEY FOOD 2188 000002188
REGO PARK
NY
Description : GROCERY STORES Price : 0.2985
9175484585",KEY FOOD 2188 000002REGO PARK           NY,9202 63RD DR,"REGO PARK
NY",11374,UNITED STATES,3.20232E+17,Merchandise & Supplies-Groceries
6/5/23,DD/BR #358915 3589  NEW YORK            NY,18.5,"23051054187 609-586-6680
DD/BR #358915 3589
NEW YORK
NY
Description : FAST FOOD RESTAURAN Price : 0.00
609-586-6680",DD/BR #358915 3589  NEW YORK            NY,693 9TH AVE FRNT 1,"NEW YORK
NY",10036,UNITED STATES,3.20232E+17,Restaurant-Bar & Caf√©
6/5/23,WENDY'S #3115 000003REGO PARK           NY,8.68,"1005022400410050224004      11374
FAST FOOD REST.
WENDY'S #3115 000003115
REGO PARK
NY
FAST FOOD REST.
10050224004      11374",WENDY'S #3115 000003REGO PARK           NY,90 13 METROPOLITAN,"REGO PARK
NY",11374,UNITED STATES,3.20232E+17,Restaurant-Bar & Caf√©
6/4/23,TST* JAMESONS 001018NEW YORK            NY,10.79,"21105173156 BAR/NIGHTCLUB
TST* JAMESONS 00101809
NEW YORK
NY
BAR/NIGHTCLUB",TST* JAMESONS 001018NEW YORK            NY,2071 VAN NOSTRAND AVE,"MERRICK
NY",11566,UNITED STATES,3.20232E+17,Restaurant-Bar & Caf√©
6/3/23,AplPay DD/BR #304484FLUSHING            NY,8.47,"23031648515 718-478-5407
AplPay DD/BR #304484 Q35 3044
FLUSHING
NY
Description : FAST FOOD RESTAURAN Price : 0.00
718-478-5407",AplPay DD/BR #304484FLUSHING            NY,6365 WOODHAVEN BLVD,"REGO PARK
NY",11374,UNITED STATES,3.20232E+17,Restaurant-Bar & Caf√©
6/3/23,AplPay DD/BR #358915NEW YORK            NY,10.21,"23031028427 609-586-6680
AplPay DD/BR #358915 3589
NEW YORK
NY
Description : FAST FOOD RESTAURAN Price : 0.00
609-586-6680",AplPay DD/BR #358915NEW YORK            NY,693 9TH AVE FRNT 1,"NEW YORK
NY",10036,UNITED STATES,3.20232E+17,Restaurant-Bar & Caf√©
6/3/23,BURGER KING #22770 0BRONX               NY,15.33,"002790      732-406-2445
BURGER KING #22770 0000
BRONX
NY
Description : FAST FOOD RESTAURAN Price : 0.00
732-406-2445",BURGER KING #22770 0BRONX               NY,3261 WESTCHESTER AVE,"BRONX
NY",10461,UNITED STATES,3.20232E+17,Restaurant-Bar & Caf√©
6/3/23,MOBILE PAYMENT - THANK YOU,-500,"MOBILE PAYMENT - THANK YOU
",MOBILE PAYMENT - THANK YOU,,,,,3.20232E+17,
6/3/23,PEAK THAI RESTAURANTNEW YORK            NY,36.17,"73011003155 PEAKTHAI2014@GMAIL.CO
PEAKTHAI2014@GMAIL.COM
PEAK THAI RESTAURANT 436845559943617
NEW YORK
NY
PEAKTHAI2014@GMAIL.COM",PEAK THAI RESTAURANTNEW YORK            NY,301 EAST 49,"NEW YORK
NY",10017,UNITED STATES,3.20232E+17,Restaurant-Restaurant
6/2/23,AplPay NY GRILL AND NEW YORK            NY,20.38,"85183533153646-952-0037
AplPay NY GRILL AND DELI
NEW YORK
NY
646-952-0037",AplPay NY GRILL AND NEW YORK            NY,882 1ST AVE,"NEW YORK
NY",10022,UNITED STATES,3.20232E+17,Merchandise & Supplies-Groceries
6/1/23,AplPay DD/BR #359682NEW YORK            NY,7.83,"23011154123 212-532-5003
AplPay DD/BR #359682
NEW YORK
NY
Description : FAST FOOD RESTAURAN Price : 0.00
212-532-5003",AplPay DD/BR #359682NEW YORK            NY,355 3RD AVE,"NEW YORK
NY",10010,UNITED STATES,3.20232E+17,Restaurant-Bar & Caf√©
6/1/23,FS *CAPTURE ONE     877-327-8914        CA,20,"ZPG41GQHTFI3AC9610BA69D3D7E 93101
FS *CAPTURE ONE
877-327-8914
CA
3AC9610BA69D3D7E 93101",FS *CAPTURE ONE     877-327-8914        CA,801 GDN ST 201,"SANTA BARBARA
CA",93101,UNITED STATES,3.20232E+17,Merchandise & Supplies-Internet Purchase
5/31/23,AplPay DD/BR #304484FLUSHING            NY,7.5,"23311134395 718-478-5407
AplPay DD/BR #304484 Q35 3044
FLUSHING
NY
Description : FAST FOOD RESTAURAN Price : 0.00
718-478-5407",AplPay DD/BR #304484FLUSHING            NY,6365 WOODHAVEN BLVD,"REGO PARK
NY",11374,UNITED STATES,3.20232E+17,Restaurant-Bar & Caf√©
5/30/23,AplPay DD/BR #358915NEW YORK            NY,8.37,"23301403187 609-586-6680
AplPay DD/BR #358915 3589
NEW YORK
NY
Description : FAST FOOD RESTAURAN Price : 0.00
609-586-6680",AplPay DD/BR #358915NEW YORK            NY,693 9TH AVE FRNT 1,"NEW YORK
NY",10036,UNITED STATES,3.20232E+17,Restaurant-Bar & Caf√©
5/30/23,AplPay DUNKIN #34663REGO PK             NY,7.71,"23301534014 718-275-2949
AplPay DUNKIN #346634 Q35 3466
REGO PK
NY
Description : FAST FOOD RESTAURAN Price : 0.00
718-275-2949",AplPay DUNKIN #34663REGO PK             NY,9637 QUEENS BLVD,"REGO PARK
NY",11374,UNITED STATES,3.20232E+17,Restaurant-Bar & Caf√©
5/29/23,STARBUCKS STORE 4811NEW YORK            NY,5.17,"950D780A858 FAST FOOD RESTAURANT
STARBUCKS STORE 4811
NEW YORK
NY
FAST FOOD RESTAURANT",STARBUCKS STORE 4811NEW YORK            NY,969 1ST AVE,"NEW YORK
NY",10022,UNITED STATES,3.20232E+17,Restaurant-Bar & Caf√©
5/29/23,TRADER JOE S #571 00NEW YORK            NY,121.62,"00021340595 6265993700
TRADER JOE S #571 000000571
NEW YORK
NY
6265993700",TRADER JOE S #571 00NEW YORK            NY,405 EAST 59TH ST,"NEW YORK
NY",10022,UNITED STATES,3.20232E+17,Merchandise & Supplies-Groceries
5/29/23,WHOLE FOODS MARKET  NEW YORK            NY,55.45,"06DVVEV2R1X 6464971222
WHOLE FOODS MARKET
NEW YORK
NY
Description : GROCERY STORES Price : 0.5545
6464971222",WHOLE FOODS MARKET  NEW YORK            NY,226 EAST 57TH ST,"NEW YORK
NY",10022,UNITED STATES,3.20232E+17,Merchandise & Supplies-Groceries
5/28/23,AplPay DD/BR #338712NEW YORK            NY,9.12,"23281417485 212-532-5003
AplPay DD/BR #338712 3357
NEW YORK
NY
Description : FAST FOOD RESTAURAN Price : 0.00
212-532-5003",AplPay DD/BR #338712NEW YORK            NY,601 2ND AVE,"NEW YORK
NY",10016,UNITED STATES,3.20231E+17,Restaurant-Bar & Caf√©
5/28/23,AplPay STARBUCKS STONEW YORK            NY,4.95,"DE439EDAB22 FAST FOOD RESTAURANT
AplPay STARBUCKS STORE 0083
NEW YORK
NY
FAST FOOD RESTAURANT",AplPay STARBUCKS STONEW YORK            NY,585 2ND AVE,"NEW YORK
NY",10016,UNITED STATES,3.20231E+17,Restaurant-Bar & Caf√©
5/28/23,FIVE GUYS NJ 0208 QSVAUXHALL            NJ,38.93,"00250200001 9086888877
FIVE GUYS NJ 0208 QSR 000000208
VAUXHALL
NJ
Description : FAST FOOD REST. Price : 0.3893
9086888877",FIVE GUYS NJ 0208 QSVAUXHALL            NJ,2933 VAUXHALL RD STE 1,"VAUXHALL
NJ",7088,UNITED STATES,3.20231E+17,Restaurant-Bar & Caf√©
5/28/23,FRESH FOOD 0000     NEW YORK            NY,33.28,"16400048    917-388-3597
FRESH FOOD 0000
NEW YORK
NY
Description : GROCERIES/SUNDRIES Price : 0.00
917-388-3597",FRESH FOOD 0000     NEW YORK            NY,926 2ND AVE,"NEW YORK
NY",10022,UNITED STATES,3.20231E+17,Merchandise & Supplies-Groceries
5/27/23,AplPay DD/BR #358915NEW YORK            NY,6.11,"23271546437 609-586-6680
AplPay DD/BR #358915 3589
NEW YORK
NY
Description : FAST FOOD RESTAURAN Price : 0.00
609-586-6680",AplPay DD/BR #358915NEW YORK            NY,693 9TH AVE FRNT 1,"NEW YORK
NY",10036,UNITED STATES,3.20231E+17,Restaurant-Bar & Caf√©
5/27/23,FRESH FOOD 0000     NEW YORK            NY,4.16,"16300047    917-388-3597
FRESH FOOD 0000
NEW YORK
NY
Description : GROCERIES/SUNDRIES Price : 0.00
917-388-3597",FRESH FOOD 0000     NEW YORK            NY,926 2ND AVE,"NEW YORK
NY",10022,UNITED STATES,3.20231E+17,Merchandise & Supplies-Groceries
5/27/23,FRESH FOOD 0000     NEW YORK            NY,16.64,"16300046    917-388-3597
FRESH FOOD 0000
NEW YORK
NY
Description : GROCERIES/SUNDRIES Price : 0.00
917-388-3597",FRESH FOOD 0000     NEW YORK            NY,926 2ND AVE,"NEW YORK
NY",10022,UNITED STATES,3.20231E+17,Merchandise & Supplies-Groceries
5/27/23,MORTON WILLIAMS - GRNEW YORK            NY,15.1,"000063538   2123086922
MORTON WILLIAMS - GRAY 000000000579371
NEW YORK
NY
2123086922",MORTON WILLIAMS - GRNEW YORK            NY,908 SECOND AVE,"NEW YORK
NY",10017,UNITED STATES,3.20231E+17,Merchandise & Supplies-Groceries
5/26/23,AplPay STARBUCKS STONEW YORK            NY,10.25,"3E15E472068 FAST FOOD RESTAURANT
AplPay STARBUCKS STORE 0083
NEW YORK
NY
FAST FOOD RESTAURANT",AplPay STARBUCKS STONEW YORK            NY,585 2ND AVE,"NEW YORK
NY",10016,UNITED STATES,3.20231E+17,Restaurant-Bar & Caf√©
5/26/23,FRESH FOOD 0000     NEW YORK            NY,16.64,"16200103    917-388-3597
FRESH FOOD 0000
NEW YORK
NY
Description : GROCERIES/SUNDRIES Price : 0.00
917-388-3597",FRESH FOOD 0000     NEW YORK            NY,926 2ND AVE,"NEW YORK
NY",10022,UNITED STATES,3.20231E+17,Merchandise & Supplies-Groceries
5/25/23,AplPay DUNKIN #33046NEW YORK            NY,10.21,"23251216293 860-779-2757
AplPay DUNKIN #330461 Q35 3304
NEW YORK
NY
Description : FAST FOOD RESTAURAN Price : 0.00
860-779-2757",AplPay DUNKIN #33046NEW YORK            NY,412 3RD AVE,"NEW YORK
NY",10016,UNITED STATES,3.20231E+17,Restaurant-Bar & Caf√©
5/25/23,JAPAN VILLAGE FOOD CBROOKLYN            NY,13.8,"73011003145 SUNRISEMART4@GMAIL.CO
SUNRISEMART4@GMAIL.COM
JAPAN VILLAGE FOOD COURT 7392900013004
BROOKLYN
NY
SUNRISEMART4@GMAIL.COM",JAPAN VILLAGE FOOD CBROOKLYN            NY,934 3RD AVE,"BROOKLYN
NY",11232,UNITED STATES,3.20231E+17,Restaurant-Restaurant
5/24/23,AplPay DD/BR #338712NEW YORK            NY,7.83,"23241239275 212-532-5003
AplPay DD/BR #338712 3357
NEW YORK
NY
Description : FAST FOOD RESTAURAN Price : 0.00
212-532-5003",AplPay DD/BR #338712NEW YORK            NY,601 2ND AVE,"NEW YORK
NY",10016,UNITED STATES,3.20231E+17,Restaurant-Bar & Caf√©
5/23/23,AplPay DD/BR #358915NEW YORK            NY,10.56,"23231156397 609-586-6680
AplPay DD/BR #358915 3589
NEW YORK
NY
Description : FAST FOOD RESTAURAN Price : 0.00
609-586-6680",AplPay DD/BR #358915NEW YORK            NY,693 9TH AVE FRNT 1,"NEW YORK
NY",10036,UNITED STATES,3.20231E+17,Restaurant-Bar & Caf√©
5/22/23,AplPay DD/BR #358915NEW YORK            NY,8.37,"23221306557 609-586-6680
AplPay DD/BR #358915 3589
NEW YORK
NY
Description : FAST FOOD RESTAURAN Price : 0.00
609-586-6680",AplPay DD/BR #358915NEW YORK            NY,693 9TH AVE FRNT 1,"NEW YORK
NY",10036,UNITED STATES,3.20231E+17,Restaurant-Bar & Caf√©
5/22/23,BALTHAZAR RESTAURANTNEW YORK            NY,108.27,"0000582181  2129255340
BALTHAZAR RESTAURANT 682971
NEW YORK
NY
",BALTHAZAR RESTAURANTNEW YORK            NY,568 BROADWAY RM 401,"NEW YORK
NY",10012-3265,UNITED STATES,3.20231E+17,Restaurant-Restaurant
5/21/23,AplPay WHOLE FOODS MNEW YORK            NY,23.62,"08SQ3IKFECR 6464971222
AplPay WHOLE FOODS MARKET
NEW YORK
NY
Description : GROCERY STORES Price : 0.2362
6464971222",AplPay WHOLE FOODS MNEW YORK            NY,226 EAST 57TH ST,"NEW YORK
NY",10022,UNITED STATES,3.20231E+17,Merchandise & Supplies-Groceries
5/21/23,FRESH FOOD 0000     NEW YORK            NY,16.64,"16700026    917-388-3597
FRESH FOOD 0000
NEW YORK
NY
Description : GROCERIES/SUNDRIES Price : 0.00
917-388-3597",FRESH FOOD 0000     NEW YORK            NY,926 2ND AVE,"NEW YORK
NY",10022,UNITED STATES,3.20231E+17,Merchandise & Supplies-Groceries
5/21/23,TRADER JOE S #571 00NEW YORK            NY,123.2,"000271745916265993700
TRADER JOE S #571 000000571
NEW YORK
NY
6265993700",TRADER JOE S #571 00NEW YORK            NY,405 EAST 59TH ST,"NEW YORK
NY",10022,UNITED STATES,3.20231E+17,Merchandise & Supplies-Groceries
5/20/23,AplPay DD/BR #358915NEW YORK            NY,17.5,"23201226547 609-586-6680
AplPay DD/BR #358915 3589
NEW YORK
NY
Description : FAST FOOD RESTAURAN Price : 0.00
609-586-6680",AplPay DD/BR #358915NEW YORK            NY,693 9TH AVE FRNT 1,"NEW YORK
NY",10036,UNITED STATES,3.20231E+17,Restaurant-Bar & Caf√©
5/20/23,FRESH FOOD 0000     NEW YORK            NY,16.64,"16600124    917-388-3597
FRESH FOOD 0000
NEW YORK
NY
Description : GROCERIES/SUNDRIES Price : 0.00
917-388-3597",FRESH FOOD 0000     NEW YORK            NY,926 2ND AVE,"NEW YORK
NY",10022,UNITED STATES,3.20231E+17,Merchandise & Supplies-Groceries
5/20/23,FRESH FOOD 0000     NEW YORK            NY,16.64,"16600040    917-388-3597
FRESH FOOD 0000
NEW YORK
NY
Description : GROCERIES/SUNDRIES Price : 0.00
917-388-3597",FRESH FOOD 0000     NEW YORK            NY,926 2ND AVE,"NEW YORK
NY",10022,UNITED STATES,3.20231E+17,Merchandise & Supplies-Groceries
5/20/23,MORTON WILLIAMS - GRNEW YORK            NY,16.68,"000060415   2123086922
MORTON WILLIAMS - GRAY 000000000579371
NEW YORK
NY
2123086922",MORTON WILLIAMS - GRNEW YORK            NY,908 SECOND AVE,"NEW YORK
NY",10017,UNITED STATES,3.20231E+17,Merchandise & Supplies-Groceries
5/19/23,AplPay DD/BR #358915NEW YORK            NY,25.53,"23191100007 609-586-6680
AplPay DD/BR #358915 3589
NEW YORK
NY
Description : FAST FOOD RESTAURAN Price : 0.00
609-586-6680",AplPay DD/BR #358915NEW YORK            NY,693 9TH AVE FRNT 1,"NEW YORK
NY",10036,UNITED STATES,3.20231E+17,Restaurant-Bar & Caf√©
5/19/23,TRADER JOE S #544 00NEW YORK            NY,31.02,"00004272426 6265993700
TRADER JOE S #544 000000544
NEW YORK
NY
6265993700",TRADER JOE S #544 00NEW YORK            NY,200 EAST 32ND ST,"NEW YORK
NY",10016,UNITED STATES,3.20231E+17,Merchandise & Supplies-Groceries
5/18/23,Amazon Prime        Amazon.com          WA,-15.89,"VNL1V62SCNF SHIPPINGCLUB
Amazon Prime
Amazon.com
WA
SHIPPINGCLUB",Amazon Prime        Amazon.com          WA,440 TERRY AVE NORTH,"SEATTLE
WA",98109,UNITED STATES,3.20231E+17,Merchandise & Supplies-Mail Order
5/18/23,Amazon Prime        Amazon.com          WA,-15.89,"VSAW9SZQVON SHIPPINGCLUB
Amazon Prime
Amazon.com
WA
SHIPPINGCLUB",Amazon Prime        Amazon.com          WA,440 TERRY AVE NORTH,"SEATTLE
WA",98109,UNITED STATES,3.20231E+17,Merchandise & Supplies-Mail Order
5/18/23,Amazon Prime        Amazon.com          WA,-15.89,"1NOP77UM3M9 SHIPPINGCLUB
Amazon Prime
Amazon.com
WA
SHIPPINGCLUB",Amazon Prime        Amazon.com          WA,440 TERRY AVE NORTH,"SEATTLE
WA",98109,UNITED STATES,3.20231E+17,Merchandise & Supplies-Mail Order
5/18/23,AplPay DD/BR #358915NEW YORK            NY,8.37,"23181253297 609-586-6680
AplPay DD/BR #358915 3589
NEW YORK
NY
Description : FAST FOOD RESTAURAN Price : 0.00
609-586-6680",AplPay DD/BR #358915NEW YORK            NY,693 9TH AVE FRNT 1,"NEW YORK
NY",10036,UNITED STATES,3.20231E+17,Restaurant-Bar & Caf√©
5/18/23,UN GOURMET DELI 0000NEW YORK            NY,7.27,"78300123    212-688-0910
UN GOURMET DELI 0000
NEW YORK
NY
Description : GROCERIES/SUNDRIES Price : 0.00
212-688-0910",UN GOURMET DELI 0000NEW YORK            NY,361 EAST 49TH ST,"NEW YORK
NY",10017,UNITED STATES,3.20231E+17,Merchandise & Supplies-Groceries
5/17/23,Amazon Prime        Amazon.com          WA,15.89,"10APP2ZY2IK SHIPPINGCLUB
Amazon Prime
Amazon.com
WA
SHIPPINGCLUB",Amazon Prime        Amazon.com          WA,440 TERRY AVE NORTH,"SEATTLE
WA",98109,UNITED STATES,3.20231E+17,Merchandise & Supplies-Mail Order
5/17/23,AplPay DD/BR #358915NEW YORK            NY,8.37,"23171308327 609-586-6680
AplPay DD/BR #358915 3589
NEW YORK
NY
Description : FAST FOOD RESTAURAN Price : 0.00
609-586-6680",AplPay DD/BR #358915NEW YORK            NY,693 9TH AVE FRNT 1,"NEW YORK
NY",10036,UNITED STATES,3.20231E+17,Restaurant-Bar & Caf√©
5/16/23,AplPay DD/BR #338712NEW YORK            NY,9.55,"23161349145 212-532-5003
AplPay DD/BR #338712 3357
NEW YORK
NY
Description : FAST FOOD RESTAURAN Price : 0.00
212-532-5003",AplPay DD/BR #338712NEW YORK            NY,601 2ND AVE,"NEW YORK
NY",10016,UNITED STATES,3.20231E+17,Restaurant-Bar & Caf√©
5/16/23,TST* 7TH STREET BURGNEW YORK            NY,25.13,"21105173137 RESTAURANT
TST* 7TH STREET BURGER - 00101799
NEW YORK
NY
RESTAURANT",TST* 7TH STREET BURGNEW YORK            NY,91 EAST 7TH ST,"NEW YORK
NY",10009,UNITED STATES,3.20231E+17,Restaurant-Restaurant
5/15/23,AplPay DUNKIN #33046NEW YORK            NY,4.78,"23151258273 860-779-2757
AplPay DUNKIN #330461 Q35 3304
NEW YORK
NY
Description : FAST FOOD RESTAURAN Price : 0.00
860-779-2757",AplPay DUNKIN #33046NEW YORK            NY,412 3RD AVE,"NEW YORK
NY",10016,UNITED STATES,3.20231E+17,Restaurant-Bar & Caf√©
5/15/23,MORTON WILLIAMS - GRNEW YORK            NY,3.58,"000038404   2123086922
MORTON WILLIAMS - GRAY 000000000579371
NEW YORK
NY
2123086922",MORTON WILLIAMS - GRNEW YORK            NY,908 SECOND AVE,"NEW YORK
NY",10017,UNITED STATES,3.20231E+17,Merchandise & Supplies-Groceries
5/14/23,2ND AVE GOURMET DELINEW YORK            NY,25.59,"73011763134 IBRAHEEMALOMARI2017@G
IBRAHEEMALOMARI2017@GMAIL
2ND AVE GOURMET DELI 630778280572990
NEW YORK
NY
IBRAHEEMALOMARI2017@GMAIL",2ND AVE GOURMET DELINEW YORK            NY,301 EAST 47TH ST,"NEW YORK
NY",10017,UNITED STATES,3.20231E+17,Merchandise & Supplies-Groceries
5/14/23,DD/BR #358915 3589  NEW YORK            NY,10.21,"23141150307 609-586-6680
DD/BR #358915 3589
NEW YORK
NY
Description : FAST FOOD RESTAURAN Price : 0.00
609-586-6680",DD/BR #358915 3589  NEW YORK            NY,693 9TH AVE FRNT 1,"NEW YORK
NY",10036,UNITED STATES,3.20231E+17,Restaurant-Bar & Caf√©
5/14/23,FRESH FOOD 0000     NEW YORK            NY,16.64,"16000034    917-388-3597
FRESH FOOD 0000
NEW YORK
NY
Description : GROCERIES/SUNDRIES Price : 0.00
917-388-3597",FRESH FOOD 0000     NEW YORK            NY,926 2ND AVE,"NEW YORK
NY",10022,UNITED STATES,3.20231E+17,Merchandise & Supplies-Groceries
5/14/23,FRESH FOOD 0000     NEW YORK            NY,18.12,"16000021    917-388-3597
FRESH FOOD 0000
NEW YORK
NY
Description : GROCERIES/SUNDRIES Price : 0.00
917-388-3597",FRESH FOOD 0000     NEW YORK            NY,926 2ND AVE,"NEW YORK
NY",10022,UNITED STATES,3.20231E+17,Merchandise & Supplies-Groceries
5/13/23,AplPay DD/BR #358915NEW YORK            NY,11.21,"23131436157 609-586-6680
AplPay DD/BR #358915 3589
NEW YORK
NY
Description : FAST FOOD RESTAURAN Price : 0.00
609-586-6680",AplPay DD/BR #358915NEW YORK            NY,693 9TH AVE FRNT 1,"NEW YORK
NY",10036,UNITED STATES,3.20231E+17,Restaurant-Bar & Caf√©
5/13/23,WHOLE FOODS MARKET  NEW YORK            NY,61.52,"08S8DLT977Z 6464971222
WHOLE FOODS MARKET
NEW YORK
NY
Description : GROCERY STORES Price : 0.6152
6464971222",WHOLE FOODS MARKET  NEW YORK            NY,226 EAST 57TH ST,"NEW YORK
NY",10022,UNITED STATES,3.20231E+17,Merchandise & Supplies-Groceries
5/11/23,STARBUCKS STORE 0737NEW YORK            NY,6.34,"2B00A89C1F5 FAST FOOD RESTAURANT
STARBUCKS STORE 0737
NEW YORK
NY
FAST FOOD RESTAURANT",STARBUCKS STORE 0737NEW YORK            NY,757 THIRD AVE,"NEW YORK
NY",10017,UNITED STATES,3.20231E+17,Restaurant-Bar & Caf√©
5/10/23,MORTON WILLIAMS - GRNEW YORK            NY,6.16,"000047727   2123086922
MORTON WILLIAMS - GRAY 000000000579371
NEW YORK
NY
2123086922",MORTON WILLIAMS - GRNEW YORK            NY,908 SECOND AVE,"NEW YORK
NY",10017,UNITED STATES,3.20231E+17,Merchandise & Supplies-Groceries
5/9/23,AplPay STARBUCKS STONEW YORK            NY,69.12,"BBBB7499E20 FAST FOOD RESTAURANT
AplPay STARBUCKS STORE 1886
NEW YORK
NY
FAST FOOD RESTAURANT",AplPay STARBUCKS STONEW YORK            NY,393 THIRD AVE,"NEW YORK
NY",10016,UNITED STATES,3.20231E+17,Restaurant-Bar & Caf√©
5/7/23,DAINOBU 403903425000NEW YORK            NY,12.57,"73011753128 DNBU2@DAINOBU.COM
DAINOBU 403903425000404
NEW YORK
NY
DNBU2@DAINOBU.COM",DAINOBU 403903425000NEW YORK            NY,129 EAST 47TH ST,"NEW YORK
NY",10017-2026,UNITED STATES,3.20231E+17,Merchandise & Supplies-Groceries
5/7/23,MORTON WILLIAMS - GRNEW YORK            NY,28.11,"000069321   2123086922
MORTON WILLIAMS - GRAY 000000000579371
NEW YORK
NY
2123086922",MORTON WILLIAMS - GRNEW YORK            NY,908 SECOND AVE,"NEW YORK
NY",10017,UNITED STATES,3.20231E+17,Merchandise & Supplies-Groceries
5/7/23,TED'S CORNER TAVERN NEW YORK            NY,21.42,"574178      RESTAURANT
TED'S CORNER TAVERN
NEW YORK
NY
RESTAURANT",TED'S CORNER TAVERN NEW YORK            NY,523 3RD AVE,"NEW YORK
NY",10016-4763,UNITED STATES,3.20231E+17,Restaurant-Restaurant
5/6/23,AplPay DD/BR #358915NEW YORK            NY,8.37,"23061231277 609-586-6680
AplPay DD/BR #358915 3589
NEW YORK
NY
Description : FAST FOOD RESTAURAN Price : 0.00
609-586-6680",AplPay DD/BR #358915NEW YORK            NY,693 9TH AVE FRNT 1,"NEW YORK
NY",10036,UNITED STATES,3.20231E+17,Restaurant-Bar & Caf√©
5/6/23,FRESH FOOD 0000     NEW YORK            NY,16.64,"16200064    917-388-3597
FRESH FOOD 0000
NEW YORK
NY
Description : GROCERIES/SUNDRIES Price : 0.00
917-388-3597",FRESH FOOD 0000     NEW YORK            NY,926 2ND AVE,"NEW YORK
NY",10022,UNITED STATES,3.20231E+17,Merchandise & Supplies-Groceries
5/5/23,AplPay TST* 7TH STRENEW YORK            NY,29,"21105173126 RESTAURANT
AplPay TST* 7TH STREET BURGER - 00101799
NEW YORK
NY
RESTAURANT",AplPay TST* 7TH STRENEW YORK            NY,91 EAST 7TH ST,"NEW YORK
NY",10009,UNITED STATES,3.20231E+17,Restaurant-Restaurant
5/4/23,AplPay DD/BR #358915NEW YORK            NY,2.19,"23041238407 609-586-6680
AplPay DD/BR #358915 3589
NEW YORK
NY
Description : FAST FOOD RESTAURAN Price : 0.00
609-586-6680",AplPay DD/BR #358915NEW YORK            NY,693 9TH AVE FRNT 1,"NEW YORK
NY",10036,UNITED STATES,3.20231E+17,Restaurant-Bar & Caf√©
5/4/23,AplPay LA VERA PIZZANEW YORK            NY,16.76,"08800138    212-826-8777
AplPay LA VERA PIZZA. 0000
NEW YORK
NY
Description : FOOD/BEVERAGE Price : 0.00
212-826-8777",AplPay LA VERA PIZZANEW YORK            NY,922 2ND AVE,"NEW YORK
NY",10017,UNITED STATES,3.20231E+17,Restaurant-Restaurant
5/4/23,AplPay MORTON WILLIANEW YORK            NY,8.38,"000068244   2123086922
AplPay MORTON WILLIAMS - GRAY 000000000579
NEW YORK
NY
2123086922",AplPay MORTON WILLIANEW YORK            NY,908 SECOND AVE,"NEW YORK
NY",10017,UNITED STATES,3.20231E+17,Merchandise & Supplies-Groceries
5/4/23,AplPay NY GRILL AND NEW YORK            NY,17.55,"85183533124646-952-0037
AplPay NY GRILL AND DELI
NEW YORK
NY
646-952-0037",AplPay NY GRILL AND NEW YORK            NY,882 1ST AVE,"NEW YORK
NY",10022,UNITED STATES,3.20231E+17,Merchandise & Supplies-Groceries
5/4/23,DD/BR #358915 3589  NEW YORK            NY,6.11,"23041233167 609-586-6680
DD/BR #358915 3589
NEW YORK
NY
Description : FAST FOOD RESTAURAN Price : 0.00
609-586-6680",DD/BR #358915 3589  NEW YORK            NY,693 9TH AVE FRNT 1,"NEW YORK
NY",10036,UNITED STATES,3.20231E+17,Restaurant-Bar & Caf√©
5/3/23,AplPay DUANE READE #NEW YORK            NY,5.99,"99999993124 8002892273
AplPay DUANE READE #14368 000014368
NEW YORK
NY
Description : PHARMACIES Price : 0.0599
8002892273",AplPay DUANE READE #NEW YORK            NY,931 1ST AVE,"NEW YORK
NY",10022,UNITED STATES,3.20231E+17,Merchandise & Supplies-Pharmacies
5/2/23,MOBILE PAYMENT - THANK YOU,-1475.6,"MOBILE PAYMENT - THANK YOU
",MOBILE PAYMENT - THANK YOU,,,,,3.20231E+17,
5/2/23,NY GRILL AND DELI   NEW YORK            NY,19.76,"85183533122646-952-0037
NY GRILL AND DELI
NEW YORK
NY
646-952-0037",NY GRILL AND DELI   NEW YORK            NY,882 1ST AVE,"NEW YORK
NY",10022,UNITED STATES,3.20231E+17,Merchandise & Supplies-Groceries
5/1/23,AplPay DUANE READE #NEW YORK            NY,23.41,"99999993122 8002892273
AplPay DUANE READE #14368 000014368
NEW YORK
NY
Description : PHARMACIES Price : 0.2341
8002892273",AplPay DUANE READE #NEW YORK            NY,931 1ST AVE,"NEW YORK
NY",10022,UNITED STATES,3.20231E+17,Merchandise & Supplies-Pharmacies
5/1/23,AplPay DUNKIN #30625NEW YORK            NY,8.37,"23011259283 212-599-1100
AplPay DUNKIN #306250 3062
NEW YORK
NY
Description : FAST FOOD RESTAURAN Price : 0.00
212-599-1100",AplPay DUNKIN #30625NEW YORK            NY,"800 2ND AVE
FRNT B","NEW YORK
NY",10017,UNITED STATES,3.20231E+17,Restaurant-Bar & Caf√©
5/1/23,FS *CAPTURE ONE     877-327-8914        CA,20,"9IKUC0LGT5W3AC9610BA69D3D7E 93101
FS *CAPTURE ONE
877-327-8914
CA
3AC9610BA69D3D7E 93101",FS *CAPTURE ONE     877-327-8914        CA,801 GDN ST 201,"SANTA BARBARA
CA",93101,UNITED STATES,3.20231E+17,Merchandise & Supplies-Internet Purchase
4/30/23,MORTON WILLIAMS - GRNEW YORK            NY,32.96,"000066533   2123086922
MORTON WILLIAMS - GRAY 000000000579371
NEW YORK
NY
2123086922",MORTON WILLIAMS - GRNEW YORK            NY,908 SECOND AVE,"NEW YORK
NY",10017,UNITED STATES,3.20231E+17,Merchandise & Supplies-Groceries
4/30/23,STARBUCKS STORE 4811NEW YORK            NY,11.31,"9B92462CC99 FAST FOOD RESTAURANT
STARBUCKS STORE 4811
NEW YORK
NY
FAST FOOD RESTAURANT",STARBUCKS STORE 4811NEW YORK            NY,969 1ST AVE,"NEW YORK
NY",10022,UNITED STATES,3.20231E+17,Restaurant-Bar & Caf√©
4/29/23,CVS PHARMACY #11014 NEW YORK            NY,28.76,"10178601   8007467287
PHARMACIES
CVS PHARMACY #11014 000011014
NEW YORK
NY
PHARMACIES
8007467287",CVS PHARMACY #11014 NEW YORK            NY,2704 OAKLAWN BLVD,"NEW YORK
NY",10022,UNITED STATES,3.20231E+17,Merchandise & Supplies-Pharmacies
4/29/23,FRESH FOOD 0000     NEW YORK            NY,16.64,"16500054    917-388-3597
FRESH FOOD 0000
NEW YORK
NY
Description : GROCERIES/SUNDRIES Price : 0.00
917-388-3597",FRESH FOOD 0000     NEW YORK            NY,926 2ND AVE,"NEW YORK
NY",10022,UNITED STATES,3.20231E+17,Merchandise & Supplies-Groceries
4/28/23,AplPay MORTON WILLIANEW YORK            NY,41.41,"000065985   2123086922
AplPay MORTON WILLIAMS - GRAY 000000000579
NEW YORK
NY
2123086922",AplPay MORTON WILLIANEW YORK            NY,908 SECOND AVE,"NEW YORK
NY",10017,UNITED STATES,3.20231E+17,Merchandise & Supplies-Groceries
4/28/23,AplPay NY GRILL AND NEW YORK            NY,25.32,"85183533118646-952-0037
AplPay NY GRILL AND DELI
NEW YORK
NY
646-952-0037",AplPay NY GRILL AND NEW YORK            NY,882 1ST AVE,"NEW YORK
NY",10022,UNITED STATES,3.20231E+17,Merchandise & Supplies-Groceries
4/28/23,STARBUCKS STORE 1886NEW YORK            NY,11.97,"5375D05620A FAST FOOD RESTAURANT
STARBUCKS STORE 1886
NEW YORK
NY
FAST FOOD RESTAURANT",STARBUCKS STORE 1886NEW YORK            NY,393 THIRD AVE,"NEW YORK
NY",10016,UNITED STATES,3.20231E+17,Restaurant-Bar & Caf√©
4/27/23,CVS PHARMACY #11014 NEW YORK            NY,30,"10142618    8007467287
CVS PHARMACY #11014 000011014
NEW YORK
NY
Description : PHARMACIES Price : 0.30
8007467287",CVS PHARMACY #11014 NEW YORK            NY,2704 OAKLAWN BLVD,"NEW YORK
NY",10022,UNITED STATES,3.20231E+17,Merchandise & Supplies-Pharmacies
4/27/23,D'AGOSTINO          NEW YORK            NY,13.97,"00493200064 2123194870
D'AGOSTINO
NEW YORK
NY
Description : GROCERY STORES Price : 0.1397
2123194870",D'AGOSTINO          NEW YORK            NY,966 1ST AVE,"NEW YORK
NY",10022,UNITED STATES,3.20231E+17,Merchandise & Supplies-Groceries
4/26/23,AplPay DD/BR #358915NEW YORK            NY,13.14,"23261255017 609-586-6680
AplPay DD/BR #358915 3589
NEW YORK
NY
Description : FAST FOOD RESTAURAN Price : 0.00
609-586-6680",AplPay DD/BR #358915NEW YORK            NY,693 9TH AVE FRNT 1,"NEW YORK
NY",10036,UNITED STATES,3.20231E+17,Restaurant-Bar & Caf√©
4/26/23,AplPay MORTON WILLIANEW YORK            NY,35.56,"000079297   2123086922
AplPay MORTON WILLIAMS - GRAY 000000000579
NEW YORK
NY
2123086922",AplPay MORTON WILLIANEW YORK            NY,908 SECOND AVE,"NEW YORK
NY",10017,UNITED STATES,3.20231E+17,Merchandise & Supplies-Groceries
4/25/23,AplPay DUNKIN #33046NEW YORK            NY,8.03,"23251236443 860-779-2757
AplPay DUNKIN #330461 Q35 3304
NEW YORK
NY
Description : FAST FOOD RESTAURAN Price : 0.00
860-779-2757",AplPay DUNKIN #33046NEW YORK            NY,412 3RD AVE,"NEW YORK
NY",10016,UNITED STATES,3.20231E+17,Restaurant-Bar & Caf√©
4/25/23,MORTON WILLIAMS - GRNEW YORK            NY,11.98,"000023437   2123086922
MORTON WILLIAMS - GRAY 000000000579371
NEW YORK
NY
2123086922",MORTON WILLIAMS - GRNEW YORK            NY,908 SECOND AVE,"NEW YORK
NY",10017,UNITED STATES,3.20231E+17,Merchandise & Supplies-Groceries
4/23/23,FRESH FOOD 0000     NEW YORK            NY,16.64,"16900031    917-388-3597
FRESH FOOD 0000
NEW YORK
NY
Description : GROCERIES/SUNDRIES Price : 0.00
917-388-3597",FRESH FOOD 0000     NEW YORK            NY,926 2ND AVE,"NEW YORK
NY",10022,UNITED STATES,3.20231E+17,Merchandise & Supplies-Groceries
4/22/23,AplPay EMACK & BOLIONEW YORK            NY,17.53,"NwVaJEtXgMD squareup.com/receipts
AplPay EMACK & BOLIO'S MIDTOWN
NEW YORK
NY
squareup.com/receipts",AplPay EMACK & BOLIONEW YORK            NY,1005 2ND AVE,"NEW YORK
NY",10022,UNITED STATES,3.20231E+17,Merchandise & Supplies-Groceries
4/22/23,CVS/PHARMACY #01618 NEW YORK            NY,12.18,"10025234    8007467287
CVS/PHARMACY #01618 000001618
NEW YORK
NY
Description : PHARMACIES Price : 0.1218
8007467287",CVS/PHARMACY #01618 NEW YORK            NY,81 8TH AVE,"NEW YORK
NY",10011,UNITED STATES,3.20231E+17,Merchandise & Supplies-Pharmacies
4/22/23,WOGIES BAR          NEW YORK            NY,20,"2122292171
WOGIES BAR
NEW YORK
NY
2122292171",WOGIES BAR          NEW YORK            NY,39 GREENWICH AVE,"NEW YORK
NY",10014,UNITED STATES,3.20231E+17,Restaurant-Restaurant
4/21/23,AplPay WHOLE FOODS MNEW YORK            NY,68.18,"0QJ4Z7OIE53 6464971222
AplPay WHOLE FOODS MARKET
NEW YORK
NY
Description : GROCERY STORES Price : 0.6818
6464971222",AplPay WHOLE FOODS MNEW YORK            NY,226 EAST 57TH ST,"NEW YORK
NY",10022,UNITED STATES,3.20231E+17,Merchandise & Supplies-Groceries
4/20/23,DD/BR #358915 3589  NEW YORK            NY,6.57,"23201117447 609-586-6680
DD/BR #358915 3589
NEW YORK
NY
Description : FAST FOOD RESTAURAN Price : 0.00
609-586-6680",DD/BR #358915 3589  NEW YORK            NY,693 9TH AVE FRNT 1,"NEW YORK
NY",10036,UNITED STATES,3.20231E+17,Restaurant-Bar & Caf√©
4/20/23,MORTON WILLIAMS - GRNEW YORK            NY,10.27,"000062146   2123086922
MORTON WILLIAMS - GRAY 000000000579371
NEW YORK
NY
2123086922",MORTON WILLIAMS - GRNEW YORK            NY,908 SECOND AVE,"NEW YORK
NY",10017,UNITED STATES,3.20231E+17,Merchandise & Supplies-Groceries
4/18/23,DD/BR #358915 3589  NEW YORK            NY,10.21,"23181124387 609-586-6680
DD/BR #358915 3589
NEW YORK
NY
Description : FAST FOOD RESTAURAN Price : 0.00
609-586-6680",DD/BR #358915 3589  NEW YORK            NY,693 9TH AVE FRNT 1,"NEW YORK
NY",10036,UNITED STATES,3.20231E+17,Restaurant-Bar & Caf√©
4/18/23,TST* DOS TOROS - 636NEW YORK            NY,11.75,"ovltLeZbc00 3474865856
TST* DOS TOROS - 636 LEXI 300550425
NEW YORK
NY
Description : RESTAURANTS Price : 0.1175
3474865856",TST* DOS TOROS - 636NEW YORK            NY,636 LEXINGTON AVE,"NEW YORK
NY",10022,UNITED STATES,3.20231E+17,Restaurant-Bar & Caf√©
4/17/23,Amazon Prime        Amazon.com          WA,15.89,"6DG25BU15SI SHIPPINGCLUB
Amazon Prime
Amazon.com
WA
SHIPPINGCLUB",Amazon Prime        Amazon.com          WA,440 TERRY AVE NORTH,"SEATTLE
WA",98109,UNITED STATES,3.20231E+17,Merchandise & Supplies-Mail Order
4/17/23,VAN LEEUWEN ICE CREANew York            NY,7.48,"5gOekA6kmOX squareup.com/receipts
VAN LEEUWEN ICE CREAM - MURRAY HILL
New York
NY
squareup.com/receipts",VAN LEEUWEN ICE CREANew York            NY,432 3RD AVE,"NEW YORK
NY",10016,UNITED STATES,3.20231E+17,Restaurant-Restaurant
4/16/23,AplPay TARGET       NEW YORK            NY,5.44,"001664537   612-3044357
AplPay TARGET        023804 09100023804
NEW YORK
NY
Description : SEE INVOICE Price : 0.0544
612-3044357",AplPay TARGET       NEW YORK            NY,517 EAST 117TH ST,"NEW YORK
NY",10035,UNITED STATES,3.20231E+17,Merchandise & Supplies-Wholesale Stores
4/15/23,AplPay MORTON WILLIANEW YORK            NY,24.94,"000074747   2123086922
AplPay MORTON WILLIAMS - GRAY 000000000579
NEW YORK
NY
2123086922",AplPay MORTON WILLIANEW YORK            NY,908 SECOND AVE,"NEW YORK
NY",10017,UNITED STATES,3.20231E+17,Merchandise & Supplies-Groceries
4/15/23,FRESH FOOD 0000     NEW YORK            NY,16.64,"16000027    917-388-3597
FRESH FOOD 0000
NEW YORK
NY
Description : GROCERIES/SUNDRIES Price : 0.00
917-388-3597",FRESH FOOD 0000     NEW YORK            NY,926 2ND AVE,"NEW YORK
NY",10022,UNITED STATES,3.20231E+17,Merchandise & Supplies-Groceries
4/15/23,TST* TREADWELL PARK NEW YORK            NY,39.94,"21105173106 BAR/NIGHTCLUB
TST* TREADWELL PARK - UPT 00105316
NEW YORK
NY
BAR/NIGHTCLUB",TST* TREADWELL PARK NEW YORK            NY,1125 1ST AVE,"NEW YORK
NY",10065,UNITED STATES,3.20231E+17,Restaurant-Bar & Caf√©
4/14/23,AplPay DD/BR #338712NEW YORK            NY,4.56,"23141240335 212-532-5003
AplPay DD/BR #338712 3357
NEW YORK
NY
Description : FAST FOOD RESTAURAN Price : 0.00
212-532-5003",AplPay DD/BR #338712NEW YORK            NY,601 2ND AVE,"NEW YORK
NY",10016,UNITED STATES,3.20231E+17,Restaurant-Bar & Caf√©
4/14/23,TST* 7TH STREET BURGNEW YORK            NY,29,"21105173105 RESTAURANT
TST* 7TH STREET BURGER - 00101799
NEW YORK
NY
RESTAURANT",TST* 7TH STREET BURGNEW YORK            NY,91 EAST 7TH ST,"NEW YORK
NY",10009,UNITED STATES,3.20231E+17,Restaurant-Restaurant
4/13/23,WHOLEFDS NOM #10773 NEW YORK            NY,30.78,"097Z5I356QP 5139004000
WHOLEFDS NOM #10773 000010773
NEW YORK
NY
Description : GROCERY STORES Price : 0.3078
5139004000",WHOLEFDS NOM #10773 NEW YORK            NY,63 MADISON AVE,"NEW YORK
NY",10016,UNITED STATES,3.20231E+17,Merchandise & Supplies-Groceries
4/12/23,RENEWAL MEMBERSHIP FEE,250,"RENEWAL MEMBERSHIP FEE
",RENEWAL MEMBERSHIP FEE,,,,,3.20231E+17,Fees & Adjustments-Fees & Adjustments
4/11/23,AMISH MARKET 0217700NEW YORK            NY,53.19,"73011003101LOCAL            10017
AMISH MARKET 021770021655908
NEW YORK
NY
LOCAL            10017",AMISH MARKET 0217700NEW YORK            NY,240 EAST 45TH ST,"NEW YORK
NY",10017,UNITED STATES,3.20231E+17,Merchandise & Supplies-Groceries
4/11/23,AplPay DD/BR #359682NEW YORK            NY,7.83,"23111403533 212-532-5003
AplPay DD/BR #359682
NEW YORK
NY
Description : FAST FOOD RESTAURAN Price : 0.00
212-532-5003",AplPay DD/BR #359682NEW YORK            NY,355 3RD AVE,"NEW YORK
NY",10010,UNITED STATES,3.20231E+17,Restaurant-Bar & Caf√©
4/10/23,AplPay MCDONALD'S   NEW YORK            NY,12.65,"000009943   2125328186
AplPay MCDONALD'S
NEW YORK
NY
2125328186",AplPay MCDONALD'S   NEW YORK            NY,480 3RD AVE,"NEW YORK
NY",10016,UNITED STATES,3.20231E+17,Restaurant-Bar & Caf√©
4/10/23,MORTON WILLIAMS - GRNEW YORK            NY,7.73,"000068577   2123086922
MORTON WILLIAMS - GRAY 000000000579371
NEW YORK
NY
2123086922",MORTON WILLIAMS - GRNEW YORK            NY,908 SECOND AVE,"NEW YORK
NY",10017,UNITED STATES,3.20231E+17,Merchandise & Supplies-Groceries
4/9/23,AplPay DD/BR #358915NEW YORK            NY,26.45,"23091317517 609-586-6680
AplPay DD/BR #358915 3589
NEW YORK
NY
Description : FAST FOOD RESTAURAN Price : 0.00
609-586-6680",AplPay DD/BR #358915NEW YORK            NY,693 9TH AVE FRNT 1,"NEW YORK
NY",10036,UNITED STATES,3.20231E+17,Restaurant-Bar & Caf√©
4/9/23,FRESH FOOD 0000     NEW YORK            NY,35.36,"16400024    917-388-3597
FRESH FOOD 0000
NEW YORK
NY
Description : GROCERIES/SUNDRIES Price : 0.00
917-388-3597",FRESH FOOD 0000     NEW YORK            NY,926 2ND AVE,"NEW YORK
NY",10022,UNITED STATES,3.20231E+17,Merchandise & Supplies-Groceries
4/9/23,TST* CLINTON HALL - NEW YORK            NY,55.73,"99999993099 2127588519
TST* CLINTON HALL - 51 300607368
NEW YORK
NY
Description : BARS Price : 0.5573
2127588519",TST* CLINTON HALL - NEW YORK            NY,230 EAST 51ST ST,"NEW YORK
NY",10022,UNITED STATES,3.20231E+17,Restaurant-Bar & Caf√©
4/8/23,AplPay DD/BR #337561NEW YORK            NY,4.78,"23081120222 718-846-2371
AplPay DD/BR #337561 Q35 3375
NEW YORK
NY
Description : FAST FOOD RESTAURAN Price : 0.00
718-846-2371",AplPay DD/BR #337561NEW YORK            NY,1225 1ST AVE,"NEW YORK
NY",10065-6309,UNITED STATES,3.20231E+17,Restaurant-Bar & Caf√©
4/7/23,MORTON WILLIAMS - GRNEW YORK            NY,13.95,"000067699   2123086922
MORTON WILLIAMS - GRAY 000000000579371
NEW YORK
NY
2123086922",MORTON WILLIAMS - GRNEW YORK            NY,908 SECOND AVE,"NEW YORK
NY",10017,UNITED STATES,3.20231E+17,Merchandise & Supplies-Groceries
4/6/23,MORTON WILLIAMS - GRNEW YORK            NY,5.26,"000067063   2123086922
MORTON WILLIAMS - GRAY 000000000579371
NEW YORK
NY
2123086922",MORTON WILLIAMS - GRNEW YORK            NY,908 SECOND AVE,"NEW YORK
NY",10017,UNITED STATES,3.20231E+17,Merchandise & Supplies-Groceries
4/6/23,NY GRILL AND DELI   NEW YORK            NY,18.61,"85183533097646-952-0037
NY GRILL AND DELI
NEW YORK
NY
646-952-0037",NY GRILL AND DELI   NEW YORK            NY,882 1ST AVE,"NEW YORK
NY",10022,UNITED STATES,3.20231E+17,Merchandise & Supplies-Groceries
4/6/23,WHOLE FOODS MARKET  NEW YORK            NY,148.53,"0NPGA8KL3YI 6464971222
WHOLE FOODS MARKET
NEW YORK
NY
Description : GROCERY STORES Price : 1.4853
6464971222",WHOLE FOODS MARKET  NEW YORK            NY,226 EAST 57TH ST,"NEW YORK
NY",10022,UNITED STATES,3.20231E+17,Merchandise & Supplies-Groceries
4/5/23,AplPay DD/BR #358915NEW YORK            NY,15.23,"23051310397 609-586-6680
AplPay DD/BR #358915 3589
NEW YORK
NY
Description : FAST FOOD RESTAURAN Price : 0.00
609-586-6680",AplPay DD/BR #358915NEW YORK            NY,693 9TH AVE FRNT 1,"NEW YORK
NY",10036,UNITED STATES,3.20231E+17,Restaurant-Bar & Caf√©
4/5/23,UN GOURMET DELI 0000NEW YORK            NY,12.46,"78000109    212-688-0910
UN GOURMET DELI 0000
NEW YORK
NY
Description : GROCERIES/SUNDRIES Price : 0.00
212-688-0910",UN GOURMET DELI 0000NEW YORK            NY,361 EAST 49TH ST,"NEW YORK
NY",10017,UNITED STATES,3.20231E+17,Merchandise & Supplies-Groceries
4/4/23,AplPay DD/BR #359682NEW YORK            NY,7.83,"23041121193 212-532-5003
AplPay DD/BR #359682
NEW YORK
NY
Description : FAST FOOD RESTAURAN Price : 0.00
212-532-5003",AplPay DD/BR #359682NEW YORK            NY,355 3RD AVE,"NEW YORK
NY",10010,UNITED STATES,3.20231E+17,Restaurant-Bar & Caf√©
4/4/23,TST* 7TH STREET BURGNEW YORK            NY,32.86,"21105173095 RESTAURANT
TST* 7TH STREET BURGER - 00101799
NEW YORK
NY
RESTAURANT",TST* 7TH STREET BURGNEW YORK            NY,91 EAST 7TH ST,"NEW YORK
NY",10009,UNITED STATES,3.20231E+17,Restaurant-Restaurant
4/3/23,LA VERA PIZZA. 0000 NEW YORK            NY,19.85,"08600144    212-826-8777
LA VERA PIZZA. 0000
NEW YORK
NY
Description : FOOD/BEVERAGE Price : 0.00
212-826-8777",LA VERA PIZZA. 0000 NEW YORK            NY,922 2ND AVE,"NEW YORK
NY",10017,UNITED STATES,3.20231E+17,Restaurant-Restaurant
4/2/23,EL CHINGON 545500001DENVER              CO,97.43,"73011543093 LORENZOJR32@OUTLOOK.C
LORENZOJR32@OUTLOOK.COM
EL CHINGON 545500001604479
DENVER
CO
LORENZOJR32@OUTLOOK.COM",EL CHINGON 545500001DENVER              CO,1691 CENTRAL ST,"DENVER
CO",80212-2308,UNITED STATES,3.20231E+17,Restaurant-Restaurant
4/1/23,AplPay DAIRY QUEEN #FEDERAL HEIGH       CO,8.12,"00000000006 303-439-2434
AplPay DAIRY QUEEN #40948 0000
FEDERAL HEIGH
CO
Description : FAST FOOD RESTAURAN Price : 0.00
303-439-2434",AplPay DAIRY QUEEN #FEDERAL HEIGH       CO,10250 FEDERAL BLVD UNIT 200 UNIT 200,"DENVER
CO",80260-8619,UNITED STATES,3.20231E+17,Restaurant-Bar & Caf√©
4/1/23,DAIRY QUEEN #40948 0FEDERAL HEIGH       CO,19.33,"00000000006 303-439-2434
DAIRY QUEEN #40948 0000
FEDERAL HEIGH
CO
Description : FAST FOOD RESTAURAN Price : 0.00
303-439-2434",DAIRY QUEEN #40948 0FEDERAL HEIGH       CO,10250 FEDERAL BLVD UNIT 200 UNIT 200,"DENVER
CO",80260-8619,UNITED STATES,3.20231E+17,Restaurant-Bar & Caf√©
4/1/23,DUNKIN #359596      WESTMINSTER         CO,4.82,"23011740371 720-375-3637
DUNKIN #359596
WESTMINSTER
CO
Description : FAST FOOD RESTAURAN Price : 0.00
720-375-3637",DUNKIN #359596      WESTMINSTER         CO,7303 FEDERAL BLVD,"WESTMINSTER
CO",80030,UNITED STATES,3.20231E+17,Restaurant-Bar & Caf√©
4/1/23,FS *CAPTURE ONE     877-327-8914        CA,20,"N-3JQP-LQ9Y3AC9610BA69D3D7E 93101
FS *CAPTURE ONE
877-327-8914
CA
3AC9610BA69D3D7E 93101",FS *CAPTURE ONE     877-327-8914        CA,801 GDN ST 201,"SANTA BARBARA
CA",93101,UNITED STATES,3.20231E+17,Merchandise & Supplies-Internet Purchase
3/30/23,MOBILE PAYMENT - THANK YOU,-533.95,"MOBILE PAYMENT - THANK YOU
",MOBILE PAYMENT - THANK YOU,,,,,3.20231E+17,
3/29/23,AplPay LGA DUNKIN 4TFLUSHING            NY,18.36,"3367a6b37fe3367A6B37FE943F6A11371
AplPay LGA DUNKIN 4TH FL 16207122006
FLUSHING
NY
3367A6B37FE943F6A11371",AplPay LGA DUNKIN 4TFLUSHING            NY,"TERMINAL
B 3RD FLOOR ROOM 3629","FLUSHING
NY",11371,UNITED STATES,3.20231E+17,Restaurant-Bar & Caf√©
3/28/23,AplPay CVS PHARMACY NEW YORK            NY,30,"10130604    8007467287
AplPay CVS PHARMACY #11014 000011014
NEW YORK
NY
Description : PHARMACIES Price : 0.30
8007467287",AplPay CVS PHARMACY NEW YORK            NY,2704 OAKLAWN BLVD,"NEW YORK
NY",10022,UNITED STATES,3.20231E+17,Merchandise & Supplies-Pharmacies
3/28/23,AplPay DD/BR #358915NEW YORK            NY,19.34,"23281149357 609-586-6680
AplPay DD/BR #358915 3589
NEW YORK
NY
Description : FAST FOOD RESTAURAN Price : 0.00
609-586-6680",AplPay DD/BR #358915NEW YORK            NY,693 9TH AVE FRNT 1,"NEW YORK
NY",10036,UNITED STATES,3.20231E+17,Restaurant-Bar & Caf√©
3/28/23,AplPay LA VERA PIZZANEW YORK            NY,21.37,"08400135    212-826-8777
AplPay LA VERA PIZZA. 0000
NEW YORK
NY
Description : FOOD/BEVERAGE Price : 0.00
212-826-8777",AplPay LA VERA PIZZANEW YORK            NY,922 2ND AVE,"NEW YORK
NY",10017,UNITED STATES,3.20231E+17,Restaurant-Restaurant
3/27/23,AplPay CAFE FRESCO 0NEW YORK            NY,18.51,"31099533086 FAST FOOD RESTAURANT
AplPay CAFE FRESCO 00-08040986302
NEW YORK
NY
FAST FOOD RESTAURANT",AplPay CAFE FRESCO 0NEW YORK            NY,875 1ST AVE,"NEW YORK
NY",10017,UNITED STATES,3.20231E+17,Restaurant-Bar & Caf√©
3/27/23,AplPay DD/BR #358915NEW YORK            NY,14.23,"23271106367 609-586-6680
AplPay DD/BR #358915 3589
NEW YORK
NY
Description : FAST FOOD RESTAURAN Price : 0.00
609-586-6680",AplPay DD/BR #358915NEW YORK            NY,693 9TH AVE FRNT 1,"NEW YORK
NY",10036,UNITED STATES,3.20231E+17,Restaurant-Bar & Caf√©
3/26/23,AplPay DD/BR #358915NEW YORK            NY,11.3,"23261923247 609-586-6680
AplPay DD/BR #358915 3589
NEW YORK
NY
Description : FAST FOOD RESTAURAN Price : 0.00
609-586-6680",AplPay DD/BR #358915NEW YORK            NY,693 9TH AVE FRNT 1,"NEW YORK
NY",10036,UNITED STATES,3.20231E+17,Restaurant-Bar & Caf√©
3/26/23,CORNERSTONE TAV - STNEW YORK            NY,21.42,"00027559    212-888-7403
CORNERSTONE TAV - STAGS
NEW YORK
NY
Description : FOOD/BEVERAGE Price : 0.00
212-888-7403",CORNERSTONE TAV - STNEW YORK            NY,961 2ND AVE,"NEW YORK
NY",10022,UNITED STATES,3.20231E+17,Restaurant-Restaurant
3/26/23,DUANE READE #14368 0NEW YORK            NY,15.48,"99999993086 8002892273
DUANE READE #14368 000014368
NEW YORK
NY
Description : PHARMACIES Price : 0.1548
8002892273",DUANE READE #14368 0NEW YORK            NY,931 1ST AVE,"NEW YORK
NY",10022,UNITED STATES,3.20231E+17,Merchandise & Supplies-Pharmacies
3/26/23,QB HOUSE 000000001  NEW YORK CITY       NY,30,"99999993088 6466502815
QB HOUSE 000000001
NEW YORK CITY
NY
Description : BEAUTY & BARBER Price : 0.30
6466502815",QB HOUSE 000000001  NEW YORK CITY       NY,"151 EAST 43RD ST
FRNT A","NEW YORK
NY",10017,UNITED STATES,3.20231E+17,Business Services-Other Services
3/25/23,AplPay WHOLE FOODS MNEW YORK            NY,178.93,"0LCKIWM3BU7 6464971222
AplPay WHOLE FOODS MARKET
NEW YORK
NY
Description : GROCERY STORES Price : 1.7893
6464971222",AplPay WHOLE FOODS MNEW YORK            NY,226 EAST 57TH ST,"NEW YORK
NY",10022,UNITED STATES,3.20231E+17,Merchandise & Supplies-Groceries
3/23/23,AplPay DUNKIN #30625NEW YORK            NY,8.37,"23231153403 212-599-1100
AplPay DUNKIN #306250 3062
NEW YORK
NY
Description : FAST FOOD RESTAURAN Price : 0.00
212-599-1100",AplPay DUNKIN #30625NEW YORK            NY,"800 2ND AVE
FRNT B","NEW YORK
NY",10017,UNITED STATES,3.20231E+17,Restaurant-Bar & Caf√©
3/23/23,AplPay TRADER JOE S NEW YORK            NY,31.99,"00013306121 6265993700
AplPay TRADER JOE S #544 000000544
NEW YORK
NY
6265993700",AplPay TRADER JOE S NEW YORK            NY,200 EAST 32ND ST,"NEW YORK
NY",10016,UNITED STATES,3.20231E+17,Merchandise & Supplies-Groceries
3/22/23,AplPay DUNKIN #33046NEW YORK            NY,4.67,"23221259163 860-779-2757
AplPay DUNKIN #330461 Q35 3304
NEW YORK
NY
Description : FAST FOOD RESTAURAN Price : 0.00
860-779-2757",AplPay DUNKIN #33046NEW YORK            NY,412 3RD AVE,"NEW YORK
NY",10016,UNITED STATES,3.20231E+17,Restaurant-Bar & Caf√©
3/20/23,HUNTINGTON 09504044 HUNTINGTON          NY,46.72,"9609947399  HUNTINGTON
HUNTINGTON 09504044
HUNTINGTON
NY
HUNTINGTON",HUNTINGTON 09504044 HUNTINGTON          NY,411 S. KEELER,"BARTLESVILLE
OK",74004,UNITED STATES,3.20231E+17,Transportation-Fuel
3/20/23,MCDONALD'S          NORTHPORT           NY,6.52,"000183928   6317541608
MCDONALD'S
NORTHPORT
NY
6317541608",MCDONALD'S          NORTHPORT           NY,"834 FT SALONGA RD
STE A","NORTHPORT
NY",11768,UNITED STATES,3.20231E+17,Restaurant-Bar & Caf√©
3/18/23,AplPay DUANE READE #NEW YORK            NY,10.48,"99999993078 8002892273
AplPay DUANE READE #14368 000014368
NEW YORK
NY
Description : PHARMACIES Price : 0.1048
8002892273",AplPay DUANE READE #NEW YORK            NY,931 1ST AVE,"NEW YORK
NY",10022,UNITED STATES,3.20231E+17,Merchandise & Supplies-Pharmacies
3/18/23,MORTON WILLIAMS - GRNEW YORK            NY,18.95,"000073589   2123086922
MORTON WILLIAMS - GRAY 000000000579371
NEW YORK
NY
2123086922",MORTON WILLIAMS - GRNEW YORK            NY,908 SECOND AVE,"NEW YORK
NY",10017,UNITED STATES,3.20231E+17,Merchandise & Supplies-Groceries
3/17/23,Amazon Prime        Amazon.com          WA,15.89,"5KUDAE3MZP2 SHIPPINGCLUB
Amazon Prime
Amazon.com
WA
SHIPPINGCLUB",Amazon Prime        Amazon.com          WA,440 TERRY AVE NORTH,"SEATTLE
WA",98109,UNITED STATES,3.20231E+17,Merchandise & Supplies-Mail Order
3/17/23,MORTON WILLIAMS - GRNEW YORK            NY,33.9,"000048023   2123086922
MORTON WILLIAMS - GRAY 000000000579371
NEW YORK
NY
2123086922",MORTON WILLIAMS - GRNEW YORK            NY,908 SECOND AVE,"NEW YORK
NY",10017,UNITED STATES,3.20231E+17,Merchandise & Supplies-Groceries
3/14/23,AplPay DUNKIN #33046NEW YORK            NY,4.67,"23141340223 860-779-2757
AplPay DUNKIN #330461 Q35 3304
NEW YORK
NY
Description : FAST FOOD RESTAURAN Price : 0.00
860-779-2757",AplPay DUNKIN #33046NEW YORK            NY,412 3RD AVE,"NEW YORK
NY",10016,UNITED STATES,3.20231E+17,Restaurant-Bar & Caf√©
3/14/23,AplPay MORTON WILLIANEW YORK            NY,36.5,"000072001   2123086922
AplPay MORTON WILLIAMS - GRAY 000000000579
NEW YORK
NY
2123086922",AplPay MORTON WILLIANEW YORK            NY,908 SECOND AVE,"NEW YORK
NY",10017,UNITED STATES,3.20231E+17,Merchandise & Supplies-Groceries
3/14/23,MOBILE PAYMENT - THANK YOU,-593.96,"MOBILE PAYMENT - THANK YOU
",MOBILE PAYMENT - THANK YOU,,,,,3.20231E+17,
3/12/23,DD/BR #358915 3589  NEW YORK            NY,14.56,"23121354517 609-586-6680
DD/BR #358915 3589
NEW YORK
NY
Description : FAST FOOD RESTAURAN Price : 0.00
609-586-6680",DD/BR #358915 3589  NEW YORK            NY,693 9TH AVE FRNT 1,"NEW YORK
NY",10036,UNITED STATES,3.20231E+17,Restaurant-Bar & Caf√©
3/12/23,MORTON WILLIAMS - GRNEW YORK            NY,2.12,"000071271   2123086922
MORTON WILLIAMS - GRAY 000000000579371
NEW YORK
NY
2123086922",MORTON WILLIAMS - GRNEW YORK            NY,908 SECOND AVE,"NEW YORK
NY",10017,UNITED STATES,3.20231E+17,Merchandise & Supplies-Groceries
3/11/23,LA VERA PIZZA. 0000 NEW YORK            NY,22.04,"08000167    212-826-8777
LA VERA PIZZA. 0000
NEW YORK
NY
Description : FOOD/BEVERAGE Price : 0.00
212-826-8777",LA VERA PIZZA. 0000 NEW YORK            NY,922 2ND AVE,"NEW YORK
NY",10017,UNITED STATES,3.20231E+17,Restaurant-Restaurant
3/10/23,DD/BR #358915 3589  NEW YORK            NY,24.02,"23101256007 609-586-6680
DD/BR #358915 3589
NEW YORK
NY
Description : FAST FOOD RESTAURAN Price : 0.00
609-586-6680",DD/BR #358915 3589  NEW YORK            NY,693 9TH AVE FRNT 1,"NEW YORK
NY",10036,UNITED STATES,3.20231E+17,Restaurant-Bar & Caf√©
3/10/23,MORTON WILLIAMS - GRNEW YORK            NY,7.21,"000066738   2123086922
MORTON WILLIAMS - GRAY 000000000579371
NEW YORK
NY
2123086922",MORTON WILLIAMS - GRNEW YORK            NY,908 SECOND AVE,"NEW YORK
NY",10017,UNITED STATES,3.20231E+17,Merchandise & Supplies-Groceries
3/9/23,AplPay MORTON WILLIANEW YORK            NY,12.56,"000070500   2123086922
AplPay MORTON WILLIAMS - GRAY 000000000579
NEW YORK
NY
2123086922",AplPay MORTON WILLIANEW YORK            NY,908 SECOND AVE,"NEW YORK
NY",10017,UNITED STATES,3.20231E+17,Merchandise & Supplies-Groceries
3/8/23,MORTON WILLIAMS - GRNEW YORK            NY,42.93,"000027154   2123086922
MORTON WILLIAMS - GRAY 000000000579371
NEW YORK
NY
2123086922",MORTON WILLIAMS - GRNEW YORK            NY,908 SECOND AVE,"NEW YORK
NY",10017,UNITED STATES,3.20231E+17,Merchandise & Supplies-Groceries
3/7/23,AplPay CVS PHARMACY NEW YORK            NY,7.6,"10183960   8007467287
PHARMACIES
AplPay CVS PHARMACY #11014 000011014
NEW YORK
NY
PHARMACIES
8007467287",AplPay CVS PHARMACY NEW YORK            NY,2704 OAKLAWN BLVD,"NEW YORK
NY",10022,UNITED STATES,3.20231E+17,Merchandise & Supplies-Pharmacies
3/5/23,AplPay DUNKIN #35364GLENDALE            NY,9.89,"23051803425 516-472-7100
AplPay DUNKIN #353641 Q35 3536
GLENDALE
NY
Description : FAST FOOD RESTAURAN Price : 0.00
516-472-7100",AplPay DUNKIN #35364GLENDALE            NY,90-05 MYRTL AVE,"GLENDALE
NY",11385,UNITED STATES,3.20231E+17,Restaurant-Bar & Caf√©
3/4/23,AplPay DUNKIN #30298RIDGEWOOD           NY,11.2,"23042009585 718-381-3200
AplPay DUNKIN #302982 Q35 3029
RIDGEWOOD
NY
Description : FAST FOOD RESTAURAN Price : 0.00
718-381-3200",AplPay DUNKIN #30298RIDGEWOOD           NY,5602 METROPOLITAN AVE,"RIDGEWOOD
NY",11385-1927,UNITED STATES,3.20231E+17,Restaurant-Bar & Caf√©
3/3/23,MOBILE PAYMENT - THANK YOU,-300,"MOBILE PAYMENT - THANK YOU
",MOBILE PAYMENT - THANK YOU,,,,,3.20231E+17,
3/3/23,MORTON WILLIAMS - GRNEW YORK            NY,20.97,"000042236   2123086922
MORTON WILLIAMS - GRAY 000000000579371
NEW YORK
NY
2123086922",MORTON WILLIAMS - GRNEW YORK            NY,908 SECOND AVE,"NEW YORK
NY",10017,UNITED STATES,3.20231E+17,Merchandise & Supplies-Groceries
3/2/23,AplPay BUTTERCUP 2NDNew York            NY,8.5,"XRtrHOPKRtD squareup.com/receipts
AplPay BUTTERCUP 2ND AVE
New York
NY
squareup.com/receipts",AplPay BUTTERCUP 2NDNew York            NY,973 2ND AVE,"NEW YORK
NY",10022,UNITED STATES,3.20231E+17,Merchandise & Supplies-Groceries
3/2/23,AplPay DD/BR #338712NEW YORK            NY,9.12,"23021326235 212-532-5003
AplPay DD/BR #338712 3357
NEW YORK
NY
Description : FAST FOOD RESTAURAN Price : 0.00
212-532-5003",AplPay DD/BR #338712NEW YORK            NY,601 2ND AVE,"NEW YORK
NY",10016,UNITED STATES,3.20231E+17,Restaurant-Bar & Caf√©
3/2/23,AplPay TST* 7TH STRENEW YORK            NY,32.87,"21105173062 RESTAURANT
AplPay TST* 7TH STREET BURGER - 00101799
NEW YORK
NY
RESTAURANT",AplPay TST* 7TH STRENEW YORK            NY,91 EAST 7TH ST,"NEW YORK
NY",10009,UNITED STATES,3.20231E+17,Restaurant-Restaurant
3/1/23,AplPay WHOLE FOODS MNEW YORK            NY,61.06,"0U8JTXF4LGA 6464971222
AplPay WHOLE FOODS MARKET
NEW YORK
NY
Description : GROCERY STORES Price : 0.6106
6464971222",AplPay WHOLE FOODS MNEW YORK            NY,226 EAST 57TH ST,"NEW YORK
NY",10022,UNITED STATES,3.20231E+17,Merchandise & Supplies-Groceries
3/1/23,FS *CAPTURE ONE     877-327-8914        CA,20,"JXPVB1YLQ_Y3AC9610BA69D3D7E 93101
FS *CAPTURE ONE
877-327-8914
CA
3AC9610BA69D3D7E 93101",FS *CAPTURE ONE     877-327-8914        CA,801 GDN ST 201,"SANTA BARBARA
CA",93101,UNITED STATES,3.20231E+17,Merchandise & Supplies-Internet Purchase
2/27/23,AplPay LA VERA PIZZANEW YORK            NY,11.96,"08400255    212-826-8777
AplPay LA VERA PIZZA. 0000
NEW YORK
NY
Description : FOOD/BEVERAGE Price : 0.00
212-826-8777",AplPay LA VERA PIZZANEW YORK            NY,922 2ND AVE,"NEW YORK
NY",10017,UNITED STATES,3.20231E+17,Restaurant-Restaurant
2/27/23,LA VERA PIZZA. 0000 NEW YORK            NY,22.04,"08600152    212-826-8777
LA VERA PIZZA. 0000
NEW YORK
NY
Description : FOOD/BEVERAGE Price : 0.00
212-826-8777",LA VERA PIZZA. 0000 NEW YORK            NY,922 2ND AVE,"NEW YORK
NY",10017,UNITED STATES,3.20231E+17,Restaurant-Restaurant
2/27/23,RESERVOIR           NEW YORK CITY       NY,111.74,"85133313059 212-475-0770
RESERVOIR
NEW YORK CITY
NY
",RESERVOIR           NEW YORK CITY       NY,"70 UNIVERSITY PL
FRNT A","NEW YORK
NY",10003,UNITED STATES,3.20231E+17,Restaurant-Restaurant
2/26/23,AplPay DUANE READE #NEW YORK            NY,38,"99999993058NONE             10022
PHARMACIES
AplPay DUANE READE #14368 000014368
NEW YORK
NY
PHARMACIES
NONE             10022",AplPay DUANE READE #NEW YORK            NY,931 1ST AVE,"NEW YORK
NY",10022,UNITED STATES,3.20231E+17,Merchandise & Supplies-Pharmacies
2/26/23,TAL BAGELS INC.     NEW YORK            NY,8.4,"21105173058 FAST FOOD RESTAURANT
TAL BAGELS INC.
NEW YORK
NY
FAST FOOD RESTAURANT",TAL BAGELS INC.     NEW YORK            NY,977 1ST AVE,"NEW YORK
NY",10022,UNITED STATES,3.20231E+17,Restaurant-Bar & Caf√©
2/25/23,AplPay DD/BR #358915NEW YORK            NY,6.11,"23251230447 609-586-6680
AplPay DD/BR #358915 3589
NEW YORK
NY
Description : FAST FOOD RESTAURAN Price : 0.00
609-586-6680",AplPay DD/BR #358915NEW YORK            NY,693 9TH AVE FRNT 1,"NEW YORK
NY",10036,UNITED STATES,3.20231E+17,Restaurant-Bar & Caf√©
2/25/23,AplPay MCDONALD'S   WOODSIDE            NY,6.53,"000030932   7185453287
AplPay MCDONALD'S
WOODSIDE
NY
7185453287",AplPay MCDONALD'S   WOODSIDE            NY,51-35 NORTHERN BVLD,"WOODSIDE
NY",11377,UNITED STATES,3.20231E+17,Restaurant-Bar & Caf√©
2/25/23,TST* FONDA CHELSEA 3NEW YORK            NY,99.75,"99999993056 9175255252
TST* FONDA CHELSEA 300531453
NEW YORK
NY
Description : RESTAURANTS Price : 0.9975
9175255252",TST* FONDA CHELSEA 3NEW YORK            NY,189 9TH AVE,"NEW YORK
NY",10011,UNITED STATES,3.20231E+17,Restaurant-Restaurant
2/24/23,AplPay DD/BR #358915NEW YORK            NY,10.56,"23241603017 609-586-6680
AplPay DD/BR #358915 3589
NEW YORK
NY
Description : FAST FOOD RESTAURAN Price : 0.00
609-586-6680",AplPay DD/BR #358915NEW YORK            NY,693 9TH AVE FRNT 1,"NEW YORK
NY",10036,UNITED STATES,3.20231E+17,Restaurant-Bar & Caf√©
2/24/23,CORNERSTONE TAV - STNEW YORK            NY,21.42,"00023877    212-888-7403
CORNERSTONE TAV - STAGS
NEW YORK
NY
Description : FOOD/BEVERAGE Price : 0.00
212-888-7403",CORNERSTONE TAV - STNEW YORK            NY,961 2ND AVE,"NEW YORK
NY",10022,UNITED STATES,3.20231E+17,Restaurant-Restaurant
2/24/23,KEENS STEAKHOUSE 519NEW YORK            NY,85.06,"RESTAURANT
KEENS STEAKHOUSE 51921
NEW YORK
NY
RESTAURANT",KEENS STEAKHOUSE 519NEW YORK            NY,72 WEST 36TH ST,"NEW YORK
NY",10018,UNITED STATES,3.20231E+17,Restaurant-Restaurant
2/24/23,MORTON WILLIAMS - GRNEW YORK            NY,15.53,"000049896   2123086922
MORTON WILLIAMS - GRAY 000000000579371
NEW YORK
NY
2123086922",MORTON WILLIAMS - GRNEW YORK            NY,908 SECOND AVE,"NEW YORK
NY",10017,UNITED STATES,3.20231E+17,Merchandise & Supplies-Groceries
2/23/23,AplPay DD/BR #338712NEW YORK            NY,4.56,"23231458225 212-532-5003
AplPay DD/BR #338712 3357
NEW YORK
NY
Description : FAST FOOD RESTAURAN Price : 0.00
212-532-5003",AplPay DD/BR #338712NEW YORK            NY,601 2ND AVE,"NEW YORK
NY",10016,UNITED STATES,3.20231E+17,Restaurant-Bar & Caf√©
2/23/23,AplPay TST* DOS TORONEW YORK            NY,11.75,"7TNgjbEMd00 6469214880
AplPay TST* DOS TOROS - 48TH STR 300550433
NEW YORK
NY
Description : RESTAURANTS Price : 0.1175
6469214880",AplPay TST* DOS TORONEW YORK            NY,10 EAST 48TH ST,"NEW YORK
NY",10017,UNITED STATES,3.20231E+17,Restaurant-Bar & Caf√©
2/23/23,TST* JAMESON'S 30061NEW YORK            NY,32.21,"99999993054 9142582582
TST* JAMESON'S 300610638
NEW YORK
NY
Description : RESTAURANTS Price : 0.3221
9142582582",TST* JAMESON'S 30061NEW YORK            NY,920 2ND AVE,"NEW YORK
NY",10017-1504,UNITED STATES,3.20231E+17,Restaurant-Bar & Caf√©
2/22/23,CVS PHARMACY #11014 NEW YORK            NY,30,"10149245    8007467287
CVS PHARMACY #11014 000011014
NEW YORK
NY
Description : PHARMACIES Price : 0.30
8007467287",CVS PHARMACY #11014 NEW YORK            NY,2704 OAKLAWN BLVD,"NEW YORK
NY",10022,UNITED STATES,3.20231E+17,Merchandise & Supplies-Pharmacies
2/21/23,ONLINE PAYMENT - THANK YOU,-315.39,"ONLINE PAYMENT - THANK YOU
",ONLINE PAYMENT - THANK YOU,,,,,3.20231E+17,
2/20/23,AplPay DUNKIN #30625NEW YORK            NY,9.47,"23201445013 212-599-1100
AplPay DUNKIN #306250 3062
NEW YORK
NY
Description : FAST FOOD RESTAURAN Price : 0.00
212-599-1100",AplPay DUNKIN #30625NEW YORK            NY,"800 2ND AVE
FRNT B","NEW YORK
NY",10017,UNITED STATES,3.20231E+17,Restaurant-Bar & Caf√©
2/20/23,MORTON WILLIAMS - GRNEW YORK            NY,20.89,"000069505   2123086922
MORTON WILLIAMS - GRAY 000000000579371
NEW YORK
NY
2123086922",MORTON WILLIAMS - GRNEW YORK            NY,908 SECOND AVE,"NEW YORK
NY",10017,UNITED STATES,3.20231E+17,Merchandise & Supplies-Groceries
2/20/23,MORTON WILLIAMS - GRNEW YORK            NY,28.34,"000073579   2123086922
MORTON WILLIAMS - GRAY 000000000579371
NEW YORK
NY
2123086922",MORTON WILLIAMS - GRNEW YORK            NY,908 SECOND AVE,"NEW YORK
NY",10017,UNITED STATES,3.20231E+17,Merchandise & Supplies-Groceries
2/19/23,FRED'S              NEW YORK            NY,77.87,"02248555    212-579-3076
FRED'S
NEW YORK
NY
Description : BUSINESS SERVICES Price : 0.00
212-579-3076",FRED'S              NEW YORK            NY,476 AMSTERDAM AVE MANHATTAN,"NEW YORK
NY",10024,UNITED STATES,3.20231E+17,Restaurant-Restaurant
2/17/23,Amazon Prime        Amazon.com          WA,15.89,"6CTXWR3PGVI SHIPPINGCLUB
Amazon Prime
Amazon.com
WA
SHIPPINGCLUB",Amazon Prime        Amazon.com          WA,440 TERRY AVE NORTH,"SEATTLE
WA",98109,UNITED STATES,3.2023E+17,Merchandise & Supplies-Mail Order
2/15/23,AplPay DD/BR #338712NEW YORK            NY,6.08,"23151358435 212-532-5003
AplPay DD/BR #338712 3357
NEW YORK
NY
Description : FAST FOOD RESTAURAN Price : 0.00
212-532-5003",AplPay DD/BR #338712NEW YORK            NY,601 2ND AVE,"NEW YORK
NY",10016,UNITED STATES,3.2023E+17,Restaurant-Bar & Caf√©
2/14/23,LA VERA PIZZA. 0000 NEW YORK            NY,28.49,"08000104    212-826-8777
LA VERA PIZZA. 0000
NEW YORK
NY
Description : FOOD/BEVERAGE Price : 0.00
212-826-8777",LA VERA PIZZA. 0000 NEW YORK            NY,922 2ND AVE,"NEW YORK
NY",10017,UNITED STATES,3.2023E+17,Restaurant-Restaurant
2/13/23,AplPay MORTON WILLIANEW YORK            NY,4.59,"000071010   2123086922
AplPay MORTON WILLIAMS - GRAY 000000000579
NEW YORK
NY
2123086922",AplPay MORTON WILLIANEW YORK            NY,908 SECOND AVE,"NEW YORK
NY",10017,UNITED STATES,3.2023E+17,Merchandise & Supplies-Groceries
2/13/23,CORNERSTONE TAV - STNEW YORK            NY,32.35,"00022676    212-888-7403
CORNERSTONE TAV - STAGS
NEW YORK
NY
Description : FOOD/BEVERAGE Price : 0.00
212-888-7403",CORNERSTONE TAV - STNEW YORK            NY,961 2ND AVE,"NEW YORK
NY",10022,UNITED STATES,3.2023E+17,Restaurant-Restaurant
2/12/23,AplPay D AGOSTINO STNEW YORK            NY,51.52,"00523200079 2129565770
AplPay D AGOSTINO STORE #550 000000550
NEW YORK
NY
Description : GROCERY STORES Price : 0.5152
2129565770",AplPay D AGOSTINO STNEW YORK            NY,528 3RD AVE,"NEW YORK
NY",10016,UNITED STATES,3.2023E+17,Merchandise & Supplies-Groceries
2/12/23,TRADER JOE S #544 00NEW YORK            NY,20.71,"00030193213 6265993700
TRADER JOE S #544 000000544
NEW YORK
NY
6265993700",TRADER JOE S #544 00NEW YORK            NY,200 EAST 32ND ST,"NEW YORK
NY",10016,UNITED STATES,3.2023E+17,Merchandise & Supplies-Groceries
2/10/23,MCDONALD'S          NEW YORK            NY,9.44,"000026579   2125328186
MCDONALD'S
NEW YORK
NY
2125328186",MCDONALD'S          NEW YORK            NY,480 3RD AVE,"NEW YORK
NY",10016,UNITED STATES,3.2023E+17,Restaurant-Bar & Caf√©
2/9/23,AplPay DD/BR #358915NEW YORK            NY,18.57,"23091435117 609-586-6680
AplPay DD/BR #358915 3589
NEW YORK
NY
Description : FAST FOOD RESTAURAN Price : 0.00
609-586-6680",AplPay DD/BR #358915NEW YORK            NY,693 9TH AVE FRNT 1,"NEW YORK
NY",10036,UNITED STATES,3.2023E+17,Restaurant-Bar & Caf√©
2/8/23,DUANE READE #14229 0NEW YORK            NY,5.3,"99999993040NONE             10017
PHARMACIES
DUANE READE #14229 000014229
NEW YORK
NY
PHARMACIES
NONE             10017",DUANE READE #14229 0NEW YORK            NY,852 2ND AVE,"NEW YORK
NY",10017-2901,UNITED STATES,3.2023E+17,Merchandise & Supplies-Pharmacies
2/7/23,AplPay DUNKIN #33046NEW YORK            NY,6.3,"23071354273 860-779-2757
AplPay DUNKIN #330461 Q35 3304
NEW YORK
NY
Description : FAST FOOD RESTAURAN Price : 0.00
860-779-2757",AplPay DUNKIN #33046NEW YORK            NY,412 3RD AVE,"NEW YORK
NY",10016,UNITED STATES,3.2023E+17,Restaurant-Bar & Caf√©
2/7/23,AplPay MORTON WILLIANEW YORK            NY,46.16,"000032975   2123086922
AplPay MORTON WILLIAMS - GRAY 000000000579
NEW YORK
NY
2123086922",AplPay MORTON WILLIANEW YORK            NY,908 SECOND AVE,"NEW YORK
NY",10017,UNITED STATES,3.2023E+17,Merchandise & Supplies-Groceries
2/7/23,TST* MAXETTE 3006109NEW YORK            NY,13.89,"99999993039 9172617769
TST* MAXETTE 300610954
NEW YORK
NY
Description : RESTAURANTS Price : 0.1389
9172617769",TST* MAXETTE 3006109NEW YORK            NY,451 3RD AVE,"NEW YORK
NY",10016-6033,UNITED STATES,3.2023E+17,Restaurant-Restaurant
2/6/23,MOBILE PAYMENT - THANK YOU,-300,"MOBILE PAYMENT - THANK YOU
",MOBILE PAYMENT - THANK YOU,,,,,3.2023E+17,
2/6/23,TST* THE FLYING COCKNEW YORK            NY,11.79,"99999993037 2126896900
TST* THE FLYING COCK 300548384
NEW YORK
NY
Description : RESTAURANTS Price : 0.1179
2126896900",TST* THE FLYING COCKNEW YORK            NY,497 3RD AVE,"NEW YORK
NY",10016-4854,UNITED STATES,3.2023E+17,Restaurant-Restaurant
2/5/23,TST* NISHIDA SHO-TENNEW YORK            NY,47.69,"99999993036 2123080791
TST* NISHIDA SHO-TEN 300615335
NEW YORK
NY
Description : RESTAURANTS Price : 0.4769
2123080791",TST* NISHIDA SHO-TENNEW YORK            NY,302 EAST 49TH ST,"NEW YORK
NY",10017-1683,UNITED STATES,3.2023E+17,Restaurant-Restaurant
2/4/23,AplPay DD/BR #358915NEW YORK            NY,18.4,"23041336167 609-586-6680
AplPay DD/BR #358915 3589
NEW YORK
NY
Description : FAST FOOD RESTAURAN Price : 0.00
609-586-6680",AplPay DD/BR #358915NEW YORK            NY,693 9TH AVE FRNT 1,"NEW YORK
NY",10036,UNITED STATES,3.2023E+17,Restaurant-Bar & Caf√©
2/3/23,LA VERA PIZZA. 0000 NEW YORK            NY,27.42,"08800132    212-826-8777
LA VERA PIZZA. 0000
NEW YORK
NY
Description : FOOD/BEVERAGE Price : 0.00
212-826-8777",LA VERA PIZZA. 0000 NEW YORK            NY,922 2ND AVE,"NEW YORK
NY",10017,UNITED STATES,3.2023E+17,Restaurant-Restaurant
2/3/23,STARBUCKS STORE 1886NEW YORK            NY,5.08,"EE75F525DA0 FAST FOOD RESTAURANT
STARBUCKS STORE 1886
NEW YORK
NY
FAST FOOD RESTAURANT",STARBUCKS STORE 1886NEW YORK            NY,393 THIRD AVE,"NEW YORK
NY",10016,UNITED STATES,3.2023E+17,Restaurant-Bar & Caf√©
2/2/23,AplPay MORTON WILLIANEW YORK            NY,14.48,"000076679   2123086922
AplPay MORTON WILLIAMS - GRAY 000000000579
NEW YORK
NY
2123086922",AplPay MORTON WILLIANEW YORK            NY,908 SECOND AVE,"NEW YORK
NY",10017,UNITED STATES,3.2023E+17,Merchandise & Supplies-Groceries
2/1/23,FS *CAPTURE ONE     877-327-8914        CA,20,"QMLO0DZZRRG3AC9610BA69D3D7E 93101
FS *CAPTURE ONE
877-327-8914
CA
3AC9610BA69D3D7E 93101",FS *CAPTURE ONE     877-327-8914        CA,801 GDN ST 201,"SANTA BARBARA
CA",93101,UNITED STATES,3.2023E+17,Merchandise & Supplies-Internet Purchase
1/31/23,AplPay DD/BR #358915NEW YORK            NY,5.11,"23311243577 609-586-6680
AplPay DD/BR #358915 3589
NEW YORK
NY
Description : FAST FOOD RESTAURAN Price : 0.00
609-586-6680",AplPay DD/BR #358915NEW YORK            NY,693 9TH AVE FRNT 1,"NEW YORK
NY",10036,UNITED STATES,3.2023E+17,Restaurant-Bar & Caf√©
1/31/23,CVS PHARMACY #11014 NEW YORK            NY,15.12,"10148226    8007467287
CVS PHARMACY #11014 000011014
NEW YORK
NY
Description : PHARMACIES Price : 0.1512
8007467287",CVS PHARMACY #11014 NEW YORK            NY,2704 OAKLAWN BLVD,"NEW YORK
NY",10022,UNITED STATES,3.2023E+17,Merchandise & Supplies-Pharmacies
1/29/23,AplPay MORTON WILLIANEW YORK            NY,15.53,"000060832   2123086922
AplPay MORTON WILLIAMS - GRAY 000000000579
NEW YORK
NY
2123086922",AplPay MORTON WILLIANEW YORK            NY,908 SECOND AVE,"NEW YORK
NY",10017,UNITED STATES,3.2023E+17,Merchandise & Supplies-Groceries
1/29/23,DUANE READE #14503 0NEW YORK            NY,8.49,"99999993030 8002892273
DUANE READE #14503 000014503
NEW YORK
NY
Description : PHARMACIES Price : 0.0849
8002892273",DUANE READE #14503 0NEW YORK            NY,711 THIRD AVE,"NEW YORK
NY",10017,UNITED STATES,3.2023E+17,Merchandise & Supplies-Pharmacies
1/29/23,MCDONALD'S          WOODSIDE            NY,25.55,"000029380   7185453287
MCDONALD'S
WOODSIDE
NY
7185453287",MCDONALD'S          WOODSIDE            NY,51-35 NORTHERN BVLD,"WOODSIDE
NY",11377,UNITED STATES,3.2023E+17,Restaurant-Bar & Caf√©
1/29/23,TED'S CORNER TAVERN NEW YORK            NY,10.71,"563930      RESTAURANT
TED'S CORNER TAVERN
NEW YORK
NY
RESTAURANT",TED'S CORNER TAVERN NEW YORK            NY,523 3RD AVE,"NEW YORK
NY",10016-4763,UNITED STATES,3.2023E+17,Restaurant-Restaurant
1/28/23,AplPay DD/BR #338712NEW YORK            NY,7.49,"23281630385 212-532-5003
AplPay DD/BR #338712 3357
NEW YORK
NY
Description : FAST FOOD RESTAURAN Price : 0.00
212-532-5003",AplPay DD/BR #338712NEW YORK            NY,601 2ND AVE,"NEW YORK
NY",10016,UNITED STATES,3.2023E+17,Restaurant-Bar & Caf√©
1/28/23,TRADER JOE S #544 00NEW YORK            NY,62.33,"00008182686 6265993700
TRADER JOE S #544 000000544
NEW YORK
NY
6265993700",TRADER JOE S #544 00NEW YORK            NY,200 EAST 32ND ST,"NEW YORK
NY",10016,UNITED STATES,3.2023E+17,Merchandise & Supplies-Groceries
1/27/23,AplPay DUNKIN #33046NEW YORK            NY,9.03,"23271353073 860-779-2757
AplPay DUNKIN #330461 Q35 3304
NEW YORK
NY
Description : FAST FOOD RESTAURAN Price : 0.00
860-779-2757",AplPay DUNKIN #33046NEW YORK            NY,412 3RD AVE,"NEW YORK
NY",10016,UNITED STATES,3.2023E+17,Restaurant-Bar & Caf√©
1/27/23,LA VERA PIZZA. 0000 NEW YORK            NY,28.37,"08400152    212-826-8777
LA VERA PIZZA. 0000
NEW YORK
NY
Description : FOOD/BEVERAGE Price : 0.00
212-826-8777",LA VERA PIZZA. 0000 NEW YORK            NY,922 2ND AVE,"NEW YORK
NY",10017,UNITED STATES,3.2023E+17,Restaurant-Restaurant
1/25/23,TST* ESS-A-BAGEL - 3NEW YORK            NY,29.23,"00033041010 RESTAURANT
TST* ESS-A-BAGEL - 3RD AV 00033041
NEW YORK
NY
RESTAURANT",TST* ESS-A-BAGEL - 3NEW YORK            NY,"831 3RD AVE
FRNT A","NEW YORK
NY",10022,UNITED STATES,3.2023E+17,Restaurant-Restaurant
1/23/23,AplPay TRADER JOE'S NEW YORK            NY,5.98,"0149573     626-599-3700
AplPay TRADER JOE'S #544 QPS 544
NEW YORK
NY
""Description : GROCERY STORES,SUPE Price : 0.00""
626-599-3700",AplPay TRADER JOE'S NEW YORK            NY,200 EAST 32ND ST,"NEW YORK
NY",10016,UNITED STATES,3.2023E+17,Merchandise & Supplies-Groceries
1/23/23,DD/BR #358915 3589  NEW YORK            NY,10.21,"23231053117 609-586-6680
DD/BR #358915 3589
NEW YORK
NY
Description : FAST FOOD RESTAURAN Price : 0.00
609-586-6680",DD/BR #358915 3589  NEW YORK            NY,693 9TH AVE FRNT 1,"NEW YORK
NY",10036,UNITED STATES,3.2023E+17,Restaurant-Bar & Caf√©
1/23/23,DUNKIN #330461 Q35 3NEW YORK            NY,8.26,"23231325443 860-779-2757
DUNKIN #330461 Q35 3304
NEW YORK
NY
Description : FAST FOOD RESTAURAN Price : 0.00
860-779-2757",DUNKIN #330461 Q35 3NEW YORK            NY,412 3RD AVE,"NEW YORK
NY",10016,UNITED STATES,3.2023E+17,Restaurant-Bar & Caf√©
1/23/23,TST* MAXETTE 3006109NEW YORK            NY,10.46,"99999993023 9172617769
TST* MAXETTE 300610954
NEW YORK
NY
Description : RESTAURANTS Price : 0.1046
9172617769",TST* MAXETTE 3006109NEW YORK            NY,451 3RD AVE,"NEW YORK
NY",10016-6033,UNITED STATES,3.2023E+17,Restaurant-Restaurant
1/21/23,AplPay TST* 7TH STRENEW YORK            NY,41.24,"99999993021 7328248529
AplPay TST* 7TH STREET BURGER - 300610626
NEW YORK
NY
Description : FAST FOOD REST. Price : 0.4124
7328248529",AplPay TST* 7TH STRENEW YORK            NY,304 EAST 49TH ST,"NEW YORK
NY",10017-7305,UNITED STATES,3.2023E+17,Restaurant-Bar & Caf√©
1/21/23,COPINETTE 0217700214NEW YORK            NY,65.52,"73011003022100603           10022
COPINETTE 021770021432448
NEW YORK
NY
100603           10022",COPINETTE 0217700214NEW YORK            NY,891 1ST AVE,"NEW YORK
NY",10022,UNITED STATES,3.2023E+17,Restaurant-Restaurant
1/21/23,ROSIE DUNN'S 0000   NEW YORK            NY,72.32,"56600030    646-245-5843
ROSIE DUNN'S 0000
NEW YORK
NY
Description : FOOD/BEVERAGE Price : 0.00
646-245-5843",ROSIE DUNN'S 0000   NEW YORK            NY,729 3RD AVE,"NEW YORK
NY",10017,UNITED STATES,3.2023E+17,Restaurant-Restaurant
1/20/23,FRESH FOOD 0000     NEW YORK            NY,16.64,"16300120    917-388-3597
FRESH FOOD 0000
NEW YORK
NY
Description : GROCERIES/SUNDRIES Price : 0.00
917-388-3597",FRESH FOOD 0000     NEW YORK            NY,926 2ND AVE,"NEW YORK
NY",10022,UNITED STATES,3.2023E+17,Merchandise & Supplies-Groceries
1/20/23,MOBILE PAYMENT - THANK YOU,-593.59,"MOBILE PAYMENT - THANK YOU
",MOBILE PAYMENT - THANK YOU,,,,,3.2023E+17,
1/17/23,Amazon Prime        Amazon.com          WA,15.89,"Q04SKJTTFI0 SHIPPINGCLUB
Amazon Prime
Amazon.com
WA
SHIPPINGCLUB",Amazon Prime        Amazon.com          WA,440 TERRY AVE NORTH,"SEATTLE
WA",98109,UNITED STATES,3.2023E+17,Merchandise & Supplies-Mail Order
1/17/23,TST* MAXETTE 3006109NEW YORK            NY,12.89,"99999993017 9172617769
TST* MAXETTE 300610954
NEW YORK
NY
Description : RESTAURANTS Price : 0.1289
9172617769",TST* MAXETTE 3006109NEW YORK            NY,451 3RD AVE,"NEW YORK
NY",10016-6033,UNITED STATES,3.2023E+17,Restaurant-Restaurant
1/17/23,TST* THE FLYING COCKNEW YORK            NY,11.79,"99999993017 2126896900
TST* THE FLYING COCK 300548384
NEW YORK
NY
Description : RESTAURANTS Price : 0.1179
2126896900",TST* THE FLYING COCKNEW YORK            NY,497 3RD AVE,"NEW YORK
NY",10016-4854,UNITED STATES,3.2023E+17,Restaurant-Restaurant
1/16/23,AplPay DD/BR #358915NEW YORK            NY,17.31,"23161316317 609-586-6680
AplPay DD/BR #358915 3589
NEW YORK
NY
Description : FAST FOOD RESTAURAN Price : 0.00
609-586-6680",AplPay DD/BR #358915NEW YORK            NY,693 9TH AVE FRNT 1,"NEW YORK
NY",10036,UNITED STATES,3.2023E+17,Restaurant-Bar & Caf√©
1/16/23,FRESH FOOD 0000     NEW YORK            NY,16.64,"16900050    917-388-3597
FRESH FOOD 0000
NEW YORK
NY
Description : GROCERIES/SUNDRIES Price : 0.00
917-388-3597",FRESH FOOD 0000     NEW YORK            NY,926 2ND AVE,"NEW YORK
NY",10022,UNITED STATES,3.2023E+17,Merchandise & Supplies-Groceries
1/16/23,TAL BAGELS INC.     NEW YORK            NY,9.2,"21105173017 FAST FOOD RESTAURANT
TAL BAGELS INC.
NEW YORK
NY
FAST FOOD RESTAURANT",TAL BAGELS INC.     NEW YORK            NY,977 1ST AVE,"NEW YORK
NY",10022,UNITED STATES,3.2023E+17,Restaurant-Bar & Caf√©
1/15/23,AplPay STARBUCKS STONEW YORK            NY,11.34,"D7DA4D3BAD9 FAST FOOD RESTAURANT
AplPay STARBUCKS STORE 0083
NEW YORK
NY
FAST FOOD RESTAURANT",AplPay STARBUCKS STONEW YORK            NY,585 2ND AVE,"NEW YORK
NY",10016,UNITED STATES,3.2023E+17,Restaurant-Bar & Caf√©
1/15/23,UN GOURMET DELI 0000NEW YORK            NY,35.86,"78000056    212-688-0910
UN GOURMET DELI 0000
NEW YORK
NY
Description : GROCERIES/SUNDRIES Price : 0.00
212-688-0910",UN GOURMET DELI 0000NEW YORK            NY,361 EAST 49TH ST,"NEW YORK
NY",10017,UNITED STATES,3.2023E+17,Merchandise & Supplies-Groceries
1/14/23,AplPay STARBUCKS STOWOODSIDE            NY,9.02,"2A96BD40152 FAST FOOD RESTAURANT
AplPay STARBUCKS STORE 0791
WOODSIDE
NY
FAST FOOD RESTAURANT",AplPay STARBUCKS STOWOODSIDE            NY,5106 NORTHERN BLVD,"WOODSIDE
NY",11377,UNITED STATES,3.2023E+17,Restaurant-Bar & Caf√©
1/14/23,SPARKS STEAK HOUSE  NEW YORK            NY,21.96,"811744      RESTAURANT
SPARKS STEAK HOUSE
NEW YORK
NY
RESTAURANT",SPARKS STEAK HOUSE  NEW YORK            NY,210 E 46th St,"New York
NY",10017,UNITED STATES,3.2023E+17,Restaurant-Restaurant
1/13/23,AplPay DD/BR #338712NEW YORK            NY,7.08,"23131342105 212-532-5003
AplPay DD/BR #338712 3357
NEW YORK
NY
Description : FAST FOOD RESTAURAN Price : 0.00
212-532-5003",AplPay DD/BR #338712NEW YORK            NY,601 2ND AVE,"NEW YORK
NY",10016,UNITED STATES,3.2023E+17,Restaurant-Bar & Caf√©
1/13/23,AplPay WHOLE FOODS MNEW YORK            NY,63.74,"0CP5YNX47HU 6464971222
AplPay WHOLE FOODS MARKET
NEW YORK
NY
Description : GROCERY STORES Price : 0.6374
6464971222",AplPay WHOLE FOODS MNEW YORK            NY,226 EAST 57TH ST,"NEW YORK
NY",10022,UNITED STATES,3.2023E+17,Merchandise & Supplies-Groceries
1/12/23,AplPay NYCT PAYGO   NEW YORK            NY,2.75,"00652646771 LOCAL TRANSPORTATION
AplPay NYCT PAYGO
NEW YORK
NY
LOCAL TRANSPORTATION",AplPay NYCT PAYGO   NEW YORK            NY,"ATTN NYCT CONTROLLER
2 BROADWAY 15TH FLOOR","NEW YORK
NY",10004,UNITED STATES,3.2023E+17,Transportation-Rail Services
1/11/23,TST* DOS TOROS - 48TNEW YORK            NY,13.6,"JgxIsc7PE00 6469214880
TST* DOS TOROS - 48TH STR 300550433
NEW YORK
NY
Description : RESTAURANTS Price : 0.136
6469214880",TST* DOS TOROS - 48TNEW YORK            NY,10 EAST 48TH ST,"NEW YORK
NY",10017,UNITED STATES,3.2023E+17,Restaurant-Bar & Caf√©
1/10/23,TST* MAXETTE 3006109NEW YORK            NY,10.32,"99999993010 9172617769
TST* MAXETTE 300610954
NEW YORK
NY
Description : RESTAURANTS Price : 0.1032
9172617769",TST* MAXETTE 3006109NEW YORK            NY,451 3RD AVE,"NEW YORK
NY",10016-6033,UNITED STATES,3.2023E+17,Restaurant-Restaurant
1/8/23,AplPay TST* 7TH STRENEW YORK            NY,25.11,"99999993008 7328248529
AplPay TST* 7TH STREET BURGER - 300610626
NEW YORK
NY
Description : FAST FOOD REST. Price : 0.2511
7328248529",AplPay TST* 7TH STRENEW YORK            NY,304 EAST 49TH ST,"NEW YORK
NY",10017-7305,UNITED STATES,3.2023E+17,Restaurant-Bar & Caf√©
1/7/23,AplPay DD/BR #358915NEW YORK            NY,8.14,"23071750317 609-586-6680
AplPay DD/BR #358915 3589
NEW YORK
NY
Description : FAST FOOD RESTAURAN Price : 0.00
609-586-6680",AplPay DD/BR #358915NEW YORK            NY,693 9TH AVE FRNT 1,"NEW YORK
NY",10036,UNITED STATES,3.2023E+17,Restaurant-Bar & Caf√©
1/6/23,MOBILE PAYMENT - THANK YOU,-500,"MOBILE PAYMENT - THANK YOU
",MOBILE PAYMENT - THANK YOU,,,,,3.2023E+17,
1/6/23,MORTON WILLIAMS - GRNEW YORK            NY,28.17,"000062255   2123086922
MORTON WILLIAMS - GRAY 000000000579371
NEW YORK
NY
2123086922",MORTON WILLIAMS - GRNEW YORK            NY,908 SECOND AVE,"NEW YORK
NY",10017,UNITED STATES,3.2023E+17,Merchandise & Supplies-Groceries
1/5/23,AplPay DUNKIN #33046NEW YORK            NY,11.95,"23051314443 860-779-2757
AplPay DUNKIN #330461 Q35 3304
NEW YORK
NY
Description : FAST FOOD RESTAURAN Price : 0.00
860-779-2757",AplPay DUNKIN #33046NEW YORK            NY,412 3RD AVE,"NEW YORK
NY",10016,UNITED STATES,3.2023E+17,Restaurant-Bar & Caf√©
1/5/23,TST* HILL AND BAY 00NEW YORK            NY,7.04,"21105173006 RESTAURANT
TST* HILL AND BAY 00055983
NEW YORK
NY
RESTAURANT",TST* HILL AND BAY 00NEW YORK            NY,581 2ND AVE,"NEW YORK
NY",10016,UNITED STATES,3.2023E+17,Restaurant-Restaurant
1/4/23,AplPay NYCT PAYGO   NEW YORK            NY,2.75,"00651480407 LOCAL TRANSPORTATION
AplPay NYCT PAYGO
NEW YORK
NY
LOCAL TRANSPORTATION",AplPay NYCT PAYGO   NEW YORK            NY,"ATTN NYCT CONTROLLER
2 BROADWAY 15TH FLOOR","NEW YORK
NY",10004,UNITED STATES,3.2023E+17,Transportation-Rail Services
1/2/23,AMAZON.COM          AMZN.COM/BILL       WA,238.44,"60M6P9XIUDG MERCHANDISE
AMAZON.COM
AMZN.COM/BILL
WA
MERCHANDISE",AMAZON.COM          AMZN.COM/BILL       WA,410 TERRY AVE N,"SEATTLE
WA",98109,UNITED STATES,3.2023E+17,Merchandise & Supplies-Internet Purchase
1/2/23,AplPay DUNKIN #30625NEW YORK            NY,10.65,"23021305033 212-599-1100
AplPay DUNKIN #306250 3062
NEW YORK
NY
Description : FAST FOOD RESTAURAN Price : 0.00
212-599-1100",AplPay DUNKIN #30625NEW YORK            NY,"800 2ND AVE
FRNT B","NEW YORK
NY",10017,UNITED STATES,3.2023E+17,Restaurant-Bar & Caf√©
1/1/23,Amazon Prime        Amazon.com          WA,150.95,"UTM6KH4IJFJ SHIPPINGCLUB
Amazon Prime
Amazon.com
WA
SHIPPINGCLUB",Amazon Prime        Amazon.com          WA,440 TERRY AVE NORTH,"SEATTLE
WA",98109,UNITED STATES,3.2023E+17,Merchandise & Supplies-Mail Order
1/1/23,AplPay TST* 7TH STRENEW YORK            NY,20.62,"99999993001 7328248529
AplPay TST* 7TH STREET BURGER - 300610626
NEW YORK
NY
Description : FAST FOOD REST. Price : 0.2062
7328248529",AplPay TST* 7TH STRENEW YORK            NY,304 EAST 49TH ST,"NEW YORK
NY",10017-7305,UNITED STATES,3.2023E+17,Restaurant-Bar & Caf√©
1/1/23,FRESH FOOD 0000     NEW YORK            NY,31.2,"16400059    917-388-3597
FRESH FOOD 0000
NEW YORK
NY
Description : GROCERIES/SUNDRIES Price : 0.00
917-388-3597",FRESH FOOD 0000     NEW YORK            NY,926 2ND AVE,"NEW YORK
NY",10022,UNITED STATES,3.2023E+17,Merchandise & Supplies-Groceries
1/1/23,FS *CAPTURE ONE     877-327-8914        CA,20,"RKSQ0EXKT5E3AC9610BA69D3D7E 93101
FS *CAPTURE ONE
877-327-8914
CA
3AC9610BA69D3D7E 93101",FS *CAPTURE ONE     877-327-8914        CA,801 GDN ST 201,"SANTA BARBARA
CA",93101,UNITED STATES,3.2023E+17,Merchandise & Supplies-Internet Purchase
1/1/23,KEY FOOD 1804 000001LNG ISLND CTY       NY,16.62,"99999993002 9176903047
KEY FOOD 1804 000001804
LNG ISLND CTY
NY
Description : GROCERY STORES Price : 0.1662
9176903047",KEY FOOD 1804 000001LNG ISLND CTY       NY,44 07 43RD AVE,"LNG ISLND CTY
NY",111042201,UNITED STATES,3.2023E+17,Merchandise & Supplies-Groceries