Date,Store Number,Transaction ID,Register Number,Job Name,SKU Number,SKU Description,Quantity,Unit price,Department Name,Class Name,Subclass Name,Program Discount Amount,Program Discount Indicator,Other Discount Amount,Extended Retail (before discount),Net Unit Price,Internet SKU,Purchaser
12/31/23,1220,13352,51,rego,217597,SPRAY PAINTS,1,$8.48 ,PAINT,SPRAY PAINT,SPECIALTY SPRAYS,$0.00 ,,$0.00 ,$8.48 ,$8.48 ,0,
12/31/23,1220,13352,51,rego,138142,GREAT STUFF GAPS & CRACKS 12OZ,1,$4.38 ,BLDG. MATERIALS,INSULATION,FOAM,$0.00 ,,($3.00),$1.38 ,$1.38 ,202893728,
12/31/23,1220,13352,51,rego,138142,GREAT STUFF GAPS & CRACKS 12OZ,1,$4.38 ,BLDG. MATERIALS,INSULATION,FOAM,$0.00 ,,($3.00),$1.38 ,$1.38 ,202893728,
12/31/23,1220,13352,51,rego,1002419404,"ROCK-ON SCREW 9X1-1/4"" 185PK",1,$12.58 ,HARDWARE,FASTENERS,DRYWALL SCREWS,$0.00 ,,$0.00 ,$12.58 ,$12.58 ,300662298,
12/31/23,1220,13352,51,rego,138142,GREAT STUFF GAPS & CRACKS 12OZ,1,$4.38 ,BLDG. MATERIALS,INSULATION,FOAM,$0.00 ,,($3.00),$1.38 ,$1.38 ,202893728,
12/31/23,1220,13352,51,rego,138142,GREAT STUFF GAPS & CRACKS 12OZ,1,$4.38 ,BLDG. MATERIALS,INSULATION,FOAM,$0.00 ,,($3.00),$1.38 ,$1.38 ,202893728,
12/31/23,1220,13352,51,rego,619851,2X BRRYPNK,1,$6.48 ,PAINT,SPRAY PAINT,GENERAL PURPOSE,$0.00 ,,$0.00 ,$6.48 ,$6.48 ,0,
12/31/23,1220,13352,51,rego,138142,GREAT STUFF GAPS & CRACKS 12OZ,1,$4.38 ,BLDG. MATERIALS,INSULATION,FOAM,$0.00 ,,($3.00),$1.38 ,$1.38 ,202893728,
12/31/23,1220,13352,51,rego,180869,3X5 HARDIBCK,1,$14.98 ,WALL&FLOOR COVER.,FLOORING TOOLS & MATERIA,BACKERBOARD,$0.00 ,,$0.00 ,$14.98 ,$14.98 ,0,
12/31/23,1220,13352,51,rego,619851,2X BRRYPNK,1,$6.48 ,PAINT,SPRAY PAINT,GENERAL PURPOSE,$0.00 ,,$0.00 ,$6.48 ,$6.48 ,0,
12/31/23,1220,13352,51,rego,138142,GREAT STUFF GAPS & CRACKS 12OZ,1,$4.38 ,BLDG. MATERIALS,INSULATION,FOAM,$0.00 ,,($3.00),$1.38 ,$1.38 ,202893728,
12/31/23,1220,13352,51,rego,138142,GREAT STUFF GAPS & CRACKS 12OZ,1,$4.38 ,BLDG. MATERIALS,INSULATION,FOAM,$0.00 ,,($3.00),$1.38 ,$1.38 ,202893728,
12/31/23,1220,13352,51,rego,180869,3X5 HARDIBCK,1,$14.98 ,WALL&FLOOR COVER.,FLOORING TOOLS & MATERIA,BACKERBOARD,$0.00 ,,$0.00 ,$14.98 ,$14.98 ,0,
12/31/23,1220,13352,51,rego,217597,SPRAY PAINTS,1,$8.48 ,PAINT,SPRAY PAINT,SPECIALTY SPRAYS,$0.00 ,,$0.00 ,$8.48 ,$8.48 ,0,
12/31/23,1220,13352,51,rego,180869,3X5 HARDIBCK,1,$14.98 ,WALL&FLOOR COVER.,FLOORING TOOLS & MATERIA,BACKERBOARD,$0.00 ,,$0.00 ,$14.98 ,$14.98 ,0,
12/30/23,1220,65813,81,rego,1005226560,"1/2"" X 7-IN PARAWEDGE (1-PK)",1,$6.50 ,HARDWARE,FASTENERS,MASONRY&CONCRETE ANCHORS,$0.00 ,,$0.00 ,$6.50 ,$6.50 ,300591992,
12/30/23,1220,65813,81,rego,1005226560,"1/2"" X 7-IN PARAWEDGE (1-PK)",1,$6.50 ,HARDWARE,FASTENERS,MASONRY&CONCRETE ANCHORS,$0.00 ,,$0.00 ,$6.50 ,$6.50 ,300591992,
12/30/23,1220,65813,81,rego,1005226560,"1/2"" X 7-IN PARAWEDGE (1-PK)",1,$6.50 ,HARDWARE,FASTENERS,MASONRY&CONCRETE ANCHORS,$0.00 ,,$0.00 ,$6.50 ,$6.50 ,300591992,
12/30/23,1220,65813,81,rego,549046,"PC 18GA 3/4"" BRT STRT BRAD 1M",1,$7.78 ,HARDWARE,PNEUMATIC FASTENERS,FINISH NAILS/STAPLES,$0.00 ,,$0.00 ,$7.78 ,$7.78 ,100202410,
12/30/23,1220,65813,81,rego,1005226560,"1/2"" X 7-IN PARAWEDGE (1-PK)",1,$6.50 ,HARDWARE,FASTENERS,MASONRY&CONCRETE ANCHORS,$0.00 ,,$0.00 ,$6.50 ,$6.50 ,300591992,
12/29/23,1220,7531,54,rego,445394,7/8 X 10 FC,1,$12.28 ,BLDG. MATERIALS,GYPSUM,METAL STUDS/LATHE,$0.00 ,,$0.00 ,$12.28 ,$12.28 ,0,
12/29/23,1220,7531,54,rego,1002992216,R13KF15X32,1,$21.97 ,BLDG. MATERIALS,INSULATION,FIBERGLASS ROLLS,$0.00 ,,$0.00 ,$21.97 ,$21.97 ,0,
12/29/23,1220,7531,54,rego,219681,10FT CRNRBD,1,$4.35 ,BLDG. MATERIALS,GYPSUM,CORNERBEAD/TRIM,$0.00 ,,$0.00 ,$4.35 ,$4.35 ,0,
12/29/23,1220,7531,54,rego,1009902056,2 IN. TO 7 I,1,$42.97 ,HARDWARE,POWER TOOL ACCESSORIES,HOLESAWS,$0.00 ,,$0.00 ,$42.97 ,$42.97 ,0,
12/26/23,1220,43172,1,rego,914622,1X3X6 NO.2,1,$4.98 ,LUMBER,BOARDS,WHITEWOOD,$0.00 ,,$0.00 ,$4.98 ,$4.98 ,0,
12/26/23,1220,43172,1,rego,843542,25L MULTI INCAN C9 LIGHTS,1,$14.98 ,GARDEN/SEASONAL,DECORATIVE HOLIDAY,CHRISTMAS LIGHTS,$0.00 ,,($7.50),$7.48 ,$7.48 ,205919408,
12/26/23,1220,43172,1,rego,619375,2X4 HARDBD,1,$6.99 ,LUMBER,PLYWOOD,PROJECT PANELS,$0.00 ,,$0.00 ,$6.99 ,$6.99 ,0,
12/26/23,1220,43172,1,rego,725670,GREAT STUFF WINDOW & DOOR 12OZ,1,$5.98 ,BLDG. MATERIALS,INSULATION,FOAM,$0.00 ,,($3.00),$2.98 ,$2.98 ,202893747,
12/26/23,1220,43172,1,rego,138142,GREAT STUFF GAPS & CRACKS 12OZ,1,$4.38 ,BLDG. MATERIALS,INSULATION,FOAM,$0.00 ,,($3.00),$1.38 ,$1.38 ,202893728,
12/26/23,1220,43172,1,rego,914622,1X3X6 NO.2,1,$4.98 ,LUMBER,BOARDS,WHITEWOOD,$0.00 ,,$0.00 ,$4.98 ,$4.98 ,0,
12/26/23,1220,43172,1,rego,843542,25L MULTI INCAN C9 LIGHTS,1,$14.98 ,GARDEN/SEASONAL,DECORATIVE HOLIDAY,CHRISTMAS LIGHTS,$0.00 ,,($7.50),$7.48 ,$7.48 ,205919408,
12/26/23,1220,43172,1,rego,1001504381,TITEFOAM12,1,$7.97 ,BLDG. MATERIALS,INSULATION,FOAM,$0.00 ,,($3.00),$4.97 ,$4.97 ,0,
12/26/23,1220,43172,1,rego,138142,GREAT STUFF GAPS & CRACKS 12OZ,1,$4.38 ,BLDG. MATERIALS,INSULATION,FOAM,$0.00 ,,($3.00),$1.38 ,$1.38 ,202893728,
12/20/23,1220,16570,55,REGO,1005512714,3 TO 4IN ADJUSTABLE WORM CLAMP,1,$2.76 ,PLUMBING,AIR CIRCULATION/ACCES.,DRYER VENTING,$0.00 ,,$0.00 ,$2.76 ,$2.76 ,313684998,
12/20/23,1220,16570,55,REGO,1000021918,LOLLIPOPS,1,$0.97 ,GARDEN/SEASONAL,CONVENIENCE,CANDY/COOKIES,$0.00 ,,$0.00 ,$0.97 ,$0.97 ,0,
12/20/23,1220,16570,55,REGO,1005402478,AT ALUMINUM 90 DEGREE ELBOW,1,$6.30 ,PLUMBING,AIR CIRCULATION/ACCES.,DRYER VENTING,$0.00 ,,$0.00 ,$6.30 ,$6.30 ,313301789,
12/20/23,1220,16570,55,REGO,1005512714,3 TO 4IN ADJUSTABLE WORM CLAMP,1,$2.76 ,PLUMBING,AIR CIRCULATION/ACCES.,DRYER VENTING,$0.00 ,,$0.00 ,$2.76 ,$2.76 ,313684998,
12/20/23,1220,16570,55,REGO,1005457337,4INX6FT SEMI RIGD DUCT W COLLARS GLV,1,$19.48 ,PLUMBING,AIR CIRCULATION/ACCES.,DRYER VENTING,$0.00 ,,$0.00 ,$19.48 ,$19.48 ,313119823,
12/20/23,1220,16570,55,REGO,1000021918,LOLLIPOPS,1,$0.97 ,GARDEN/SEASONAL,CONVENIENCE,CANDY/COOKIES,$0.00 ,,$0.00 ,$0.97 ,$0.97 ,0,
12/20/23,1220,16570,55,REGO,839655,"F310 AC/BX CONN 3/8"" PK5",1,$7.98 ,ELECTRICAL,CONDUIT/BOXES/FITTINGS,ALL METAL FITTINGS,$0.00 ,,$0.00 ,$7.98 ,$7.98 ,100148136,
12/20/23,1220,16570,55,REGO,1000021918,LOLLIPOPS,1,$0.97 ,GARDEN/SEASONAL,CONVENIENCE,CANDY/COOKIES,$0.00 ,,$0.00 ,$0.97 ,$0.97 ,0,
12/15/23,1220,46766,51,rego,1007866209,500' MASON LINE REEL POLYPRO PINK,1,$8.97 ,HARDWARE,FASTENERS,ROPE,$0.00 ,,$0.00 ,$8.97 ,$8.97 ,320701495,
12/15/23,1220,46766,51,rego,757451,"1-5/8"" COARSE DRYWALL SCREW 5 LB",1,$25.98 ,HARDWARE,FASTENERS,DRYWALL SCREWS,$0.00 ,,$0.00 ,$25.98 ,$25.98 ,100182191,
12/15/23,1220,22317,20,rego,547836,"1-3/8"" P.C. DRYWALL 5 LB",1,($24.58),HARDWARE,FASTENERS,DRYWALL SCREWS,$0.00 ,,$0.00 ,($24.58),($24.58),202308639,
12/12/23,1220,50983,3,REGO,1001753906,2X6-10 PT 2P,1,$9.68 ,LUMBER,PRESSURE TREATED/DECKING,PT DIMENSIONAL LUMBER,$0.00 ,,$0.00 ,$9.68 ,$9.68 ,0,
12/12/23,1220,50983,3,REGO,208292,"L50Z 5"" 16GA ZMAX GALV L-ANGLE",1,$3.59 ,BLDG. MATERIALS,METAL PRODUCTS,"ANGLES, CLIPS & STRAPS",$0.00 ,,$0.00 ,$3.59 ,$3.59 ,100375217,
12/12/23,1220,50983,3,REGO,208292,"L50Z 5"" 16GA ZMAX GALV L-ANGLE",1,$3.59 ,BLDG. MATERIALS,METAL PRODUCTS,"ANGLES, CLIPS & STRAPS",$0.00 ,,$0.00 ,$3.59 ,$3.59 ,100375217,
12/12/23,1220,50983,3,REGO,208292,"L50Z 5"" 16GA ZMAX GALV L-ANGLE",1,$3.59 ,BLDG. MATERIALS,METAL PRODUCTS,"ANGLES, CLIPS & STRAPS",$0.00 ,,$0.00 ,$3.59 ,$3.59 ,100375217,
12/12/23,1220,50983,3,REGO,1001753743,2X4-8 PT 2P,1,$5.48 ,LUMBER,PRESSURE TREATED/DECKING,PT DIMENSIONAL LUMBER,$0.00 ,,$0.00 ,$5.48 ,$5.48 ,0,
12/10/23,1220,36907,18,rego,826851,MP36 3X6 20GA GALV MENDING PLATE,1,($2.19),BLDG. MATERIALS,METAL PRODUCTS,"ANGLES, CLIPS & STRAPS",$0.00 ,,$0.00 ,($2.19),($2.19),100374920,
12/10/23,1220,36907,18,rego,669452,"LUS210-2Z 2""X10"" 18GA DBL SHEAR HNGR",1,($6.78),BLDG. MATERIALS,METAL PRODUCTS,JOIST HANGERS,$0.00 ,,$0.00 ,($6.78),($6.78),100375371,
12/10/23,1220,36907,18,rego,1000031451,AT-XP10 ACRYLIC TIE ANCHOR ADHESIVE,1,($25.98),BLDG. MATERIALS,METAL PRODUCTS,ANCHORING SYSTEMS,$0.00 ,,$0.00 ,($25.98),($25.98),204704706,
12/10/23,1220,36907,18,rego,208292,"L50Z 5"" 16GA ZMAX GALV L-ANGLE",1,($3.59),BLDG. MATERIALS,METAL PRODUCTS,"ANGLES, CLIPS & STRAPS",$0.00 ,,$0.00 ,($3.59),($3.59),100375217,
12/10/23,1220,36907,18,rego,669452,"LUS210-2Z 2""X10"" 18GA DBL SHEAR HNGR",1,($6.78),BLDG. MATERIALS,METAL PRODUCTS,JOIST HANGERS,$0.00 ,,$0.00 ,($6.78),($6.78),100375371,
12/10/23,1220,27832,51,rego,937622,"E685 EMT CONDUIT BODY LB 1/2"" EA",1,$8.74 ,ELECTRICAL,CONDUIT/BOXES/FITTINGS,ALL METAL FITTINGS,$0.00 ,,$0.00 ,$8.74 ,$8.74 ,100118084,
12/10/23,1220,27832,51,rego,524298,"MKE M2 SDS+  1/2"" X 12"" DRILL BIT",1,$19.87 ,HARDWARE,POWER TOOL ACCESSORIES,MASONRY DRILL BITS,$0.00 ,,$0.00 ,$19.87 ,$19.87 ,300879127,
12/10/23,1220,27832,51,rego,1001753743,2X4-8 PT 2P,1,$5.48 ,LUMBER,PRESSURE TREATED/DECKING,PT DIMENSIONAL LUMBER,$0.00 ,,$0.00 ,$5.48 ,$5.48 ,0,
12/10/23,1220,27832,51,rego,436410,"BOX 2-GANG 3 HOLE 1/2"" SILVER",1,$10.98 ,ELECTRICAL,CONDUIT/BOXES/FITTINGS,METAL WEATHERPROOF,$0.00 ,,$0.00 ,$10.98 ,$10.98 ,300846204,
12/10/23,1220,27832,51,rego,1006383650,KWIKBOLT1 EXPANSN ANC-3/8X3-3/4 4PK,1,$10.98 ,HARDWARE,FASTENERS,MASONRY&CONCRETE ANCHORS,$0.00 ,,$0.00 ,$10.98 ,$10.98 ,316809535,
12/10/23,1220,27832,51,rego,839663,"E420 EMT SETSCREW CONN 1/2"" STL PK5",1,$3.98 ,ELECTRICAL,CONDUIT/BOXES/FITTINGS,ALL METAL FITTINGS,$0.00 ,,$0.00 ,$3.98 ,$3.98 ,100137321,
12/10/23,1220,27832,51,rego,147244,NM IN-USE COVER 2-GANG GRAY,1,$17.51 ,ELECTRICAL,CONDUIT/BOXES/FITTINGS,METAL WEATHERPROOF,$0.00 ,,$0.00 ,$17.51 ,$17.51 ,300849087,
12/9/23,1220,33969,81,rego,263667,"DIABLO 3""X18"" 80 G SANDING BELT 5PK",1,$11.97 ,HARDWARE,POWER TOOL ACCESSORIES,ABRASIVES,$0.00 ,,$0.00 ,$11.97 ,$11.97 ,202830854,
12/9/23,1220,33969,81,rego,249819,"DIABLO 3""X18"" 120G SANDING BELT 2PK",1,$8.47 ,HARDWARE,POWER TOOL ACCESSORIES,ABRASIVES,$0.00 ,,$0.00 ,$8.47 ,$8.47 ,202830832,
12/9/23,1220,33969,81,rego,1004243676,"MKE 4"" CARBIDE HOLE SAW",1,$38.97 ,HARDWARE,POWER TOOL ACCESSORIES,HOLESAWS,$0.00 ,,$0.00 ,$38.97 ,$38.97 ,305190130,
12/9/23,1220,33969,81,rego,105864,"1-1/4"" FINE DRYWALL SCREW 1 LB",1,$7.58 ,HARDWARE,FASTENERS,DRYWALL SCREWS,$0.00 ,,$0.00 ,$7.58 ,$7.58 ,202308452,
12/9/23,1220,33969,81,rego,547836,"1-3/8"" P.C. DRYWALL 5 LB",1,$24.58 ,HARDWARE,FASTENERS,DRYWALL SCREWS,$0.00 ,,$0.00 ,$24.58 ,$24.58 ,202308639,
12/9/23,1220,47914,84,rego,208292,"L50Z 5"" 16GA",1,$3.59 ,BLDG. MATERIALS,METAL PRODUCTS,"ANGLES, CLIPS & STRAPS",$0.00 ,,$0.00 ,$3.59 ,$3.59 ,0,
12/9/23,1220,47914,84,rego,1001753877,2X6-8 PT 2P,1,$6.48 ,LUMBER,PRESSURE TREATED/DECKING,PT DIMENSIONAL LUMBER,$0.00 ,,$0.00 ,$6.48 ,$6.48 ,0,
12/9/23,1220,47914,84,rego,669452,2X10 JOIST,1,$6.78 ,BLDG. MATERIALS,METAL PRODUCTS,JOIST HANGERS,$0.00 ,,$0.00 ,$6.78 ,$6.78 ,0,
12/9/23,1220,47914,84,rego,938076,8X8X16 BLOCK,3,$2.57 ,BLDG. MATERIALS,CONCRETE,BLOCK AND BRICK,$0.00 ,,$0.00 ,$7.71 ,$2.57 ,0,
12/9/23,1220,47914,84,rego,260430,4X6-12#2PT,1,$28.68 ,LUMBER,PRESSURE TREATED/DECKING,PT TIMBERS,$0.00 ,,$0.00 ,$28.68 ,$28.68 ,0,
12/9/23,1220,47914,84,rego,1005624487,FM LLF,11,$2.47 ,HARDWARE,FASTENERS,TIE-DOWNS,$0.00 ,,$0.00 ,$27.17 ,$2.47 ,0,
12/9/23,1220,47914,84,rego,826851,MP36 3X6 20G,1,$2.19 ,BLDG. MATERIALS,METAL PRODUCTS,"ANGLES, CLIPS & STRAPS",$0.00 ,,$0.00 ,$2.19 ,$2.19 ,0,
12/9/23,1220,47914,84,rego,1001753906,2X6-10 PT 2P,1,$9.68 ,LUMBER,PRESSURE TREATED/DECKING,PT DIMENSIONAL LUMBER,$0.00 ,,$0.00 ,$9.68 ,$9.68 ,0,
12/9/23,1220,47914,84,rego,208292,"L50Z 5"" 16GA",1,$3.59 ,BLDG. MATERIALS,METAL PRODUCTS,"ANGLES, CLIPS & STRAPS",$0.00 ,,$0.00 ,$3.59 ,$3.59 ,0,
12/9/23,1220,47914,84,rego,1003274834,114DMT1,1,$11.47 ,HARDWARE,FASTENERS,DECK SCREWS,$0.00 ,,$0.00 ,$11.47 ,$11.47 ,0,
12/9/23,1220,47914,84,rego,826851,MP36 3X6 20G,1,$2.19 ,BLDG. MATERIALS,METAL PRODUCTS,"ANGLES, CLIPS & STRAPS",$0.00 ,,$0.00 ,$2.19 ,$2.19 ,0,
12/9/23,1220,47914,84,rego,1001753906,2X6-10 PT 2P,1,$9.68 ,LUMBER,PRESSURE TREATED/DECKING,PT DIMENSIONAL LUMBER,$0.00 ,,$0.00 ,$9.68 ,$9.68 ,0,
12/9/23,1220,47914,84,rego,462810,10DJSTHNGNLS,1,$4.98 ,BLDG. MATERIALS,METAL PRODUCTS,CONNECTOR NAILS & SCREWS,$0.00 ,,$0.00 ,$4.98 ,$4.98 ,0,
12/9/23,1220,47914,84,rego,669452,2X10 JOIST,1,$6.78 ,BLDG. MATERIALS,METAL PRODUCTS,JOIST HANGERS,$0.00 ,,$0.00 ,$6.78 ,$6.78 ,0,
12/9/23,1220,47914,84,rego,1000031451,AT-XP10,1,$25.98 ,BLDG. MATERIALS,METAL PRODUCTS,ANCHORING SYSTEMS,$0.00 ,,$0.00 ,$25.98 ,$25.98 ,0,
12/9/23,1220,26188,52,rego,1009466755,3-PIECE LED SANTA DEER AND TREE,1,$99.00 ,GARDEN/SEASONAL,DECORATIVE HOLIDAY,PROMOTIONAL,$0.00 ,,$0.00 ,$99.00 ,$99.00 ,324875093,
12/9/23,1220,26188,52,rego,1001717526,4'X6' NET MC,1,$19.98 ,GARDEN/SEASONAL,DECORATIVE HOLIDAY,CHRISTMAS LIGHTS,$0.00 ,,$0.00 ,$19.98 ,$19.98 ,0,
12/9/23,1220,26188,52,rego,1001717526,4'X6' NET MC,1,$19.98 ,GARDEN/SEASONAL,DECORATIVE HOLIDAY,CHRISTMAS LIGHTS,$0.00 ,,$0.00 ,$19.98 ,$19.98 ,0,
12/8/23,1220,19961,51,rego,1004503550,23/32 ENHANC,1,$30.48 ,LUMBER,PLYWOOD,OSB,$0.00 ,,$0.00 ,$30.48 ,$30.48 ,0,
12/8/23,1220,19961,51,rego,893749,4X8 ULTRALIT,1,$13.58 ,BLDG. MATERIALS,GYPSUM,BOARD,$0.00 ,,$0.00 ,$13.58 ,$13.58 ,0,
12/8/23,1220,19961,51,rego,677507,"BOX 1-GANG 3 HOLE 1/2"" WHITE",1,$4.48 ,ELECTRICAL,CONDUIT/BOXES/FITTINGS,METAL WEATHERPROOF,$0.00 ,,$0.00 ,$4.48 ,$4.48 ,300832238,
12/8/23,1220,19961,51,rego,123024,1/2 HOMASOTE,1,$42.78 ,BLDG. MATERIALS,INSULATION,SHEATHINGS,$0.00 ,,$0.00 ,$42.78 ,$42.78 ,0,
12/2/23,1517,56484,51,90th,1006210029,LARGE BOX 27X15X16,1,$2.48 ,WALL&FLOOR COVER.,FRAME SHOP,,$0.00 ,,$0.00 ,$2.48 ,$2.48 ,316324894,
12/2/23,1517,56484,51,90th,1009135118,5/16 IN.X12 IN.X 20 FT. ORANGE BUBBL,1,$9.98 ,WALL&FLOOR COVER.,FRAME SHOP,,$0.00 ,,$0.00 ,$9.98 ,$9.98 ,323937399,
11/24/23,1220,34397,38,rego,1000050056,TAILPIECE,1,$9.82 ,PLUMBING,PIPE AND FITTINGS,TUBULAR REPAIR & REPLACE,$0.00 ,,$0.00 ,$9.82 ,$9.82 ,0,
11/24/23,1220,34397,38,rego,376914,HEPA FILTER,1,$32.97 ,HARDWARE,WET DRY VACS,VAC FILTERS&ACCESSORIES,$0.00 ,,$0.00 ,$32.97 ,$32.97 ,0,
11/24/23,1220,34397,38,rego,929965,WET FILTER,1,$24.97 ,HARDWARE,WET DRY VACS,VAC FILTERS&ACCESSORIES,$0.00 ,,$0.00 ,$24.97 ,$24.97 ,0,
11/24/23,1220,34397,38,rego,384593,RETARDER,1,$2.49 ,BLDG. MATERIALS,CONCRETE,COMM GRADE CONCRETE,$0.00 ,,$0.00 ,$2.49 ,$2.49 ,0,
11/24/23,1220,34397,38,rego,572365,REBAR TIWIRE,1,$12.21 ,BLDG. MATERIALS,CONCRETE,CONCRETE FORMING PRODUCT,$0.00 ,,$0.00 ,$12.21 ,$12.21 ,0,
11/24/23,1220,34397,38,rego,258717,JT COMP,1,$10.31 ,BLDG. MATERIALS,GYPSUM,JOINT TREATMENT,$0.00 ,,$0.00 ,$10.31 ,$10.31 ,0,
11/24/23,1220,34397,38,rego,1006128640,REPAIR TRAP,1,$6.97 ,PLUMBING,PIPE AND FITTINGS,TUBULAR REPAIR & REPLACE,$0.00 ,,$0.00 ,$6.97 ,$6.97 ,0,
11/24/23,1220,34397,38,rego,855640,DOOR SWEEP,1,$12.93 ,HARDWARE,BUILDER'S HARDWARE,THRESHOLDS,$0.00 ,,($4.00),$8.93 ,$8.93 ,0,
11/24/23,1220,34397,38,rego,748701,STUCCOPATCH,1,$21.37 ,BLDG. MATERIALS,CONCRETE,COMM GRADE CONCRETE,$0.00 ,,$0.00 ,$21.37 ,$21.37 ,0,
11/24/23,1220,34397,38,rego,384593,RETARDER,1,$2.49 ,BLDG. MATERIALS,CONCRETE,COMM GRADE CONCRETE,$0.00 ,,$0.00 ,$2.49 ,$2.49 ,0,
11/24/23,1220,34397,38,rego,1006452865,27G CLEAR,1,$16.98 ,WALL&FLOOR COVER.,GARAGE/GENERAL ORGANIZE,RESIN STORAGE,$0.00 ,,$0.00 ,$16.98 ,$16.98 ,0,
11/24/23,1220,34397,38,rego,134512,RAPID SET,1,$2.49 ,BLDG. MATERIALS,CONCRETE,COMM GRADE CONCRETE,$0.00 ,,$0.00 ,$2.49 ,$2.49 ,0,
11/24/23,1220,34397,38,rego,134512,RAPID SET,1,$2.49 ,BLDG. MATERIALS,CONCRETE,COMM GRADE CONCRETE,$0.00 ,,$0.00 ,$2.49 ,$2.49 ,0,
11/22/23,1220,11774,53,rego,1006383650,KWIKBOLT1 EXPANSN ANC-3/8X3-3/4 4PK,1,$10.98 ,HARDWARE,FASTENERS,MASONRY&CONCRETE ANCHORS,$0.00 ,,$0.00 ,$10.98 ,$10.98 ,316809535,
11/22/23,1220,11774,53,rego,1006383648,KWIKBOLT1 EXPANSN ANC- 1/2X3-3/4 2PK,1,$7.55 ,HARDWARE,FASTENERS,MASONRY&CONCRETE ANCHORS,$0.00 ,,$0.00 ,$7.55 ,$7.55 ,316810550,
11/22/23,1220,11774,53,rego,524274,"MKE M2 SDS+ 1/2"" X 6"" DRILL BIT",1,$11.97 ,HARDWARE,POWER TOOL ACCESSORIES,MASONRY DRILL BITS,$0.00 ,,$0.00 ,$11.97 ,$11.97 ,300879125,
11/21/23,1220,60138,52,rego,1001754832,5/4X6-10PREM,1,$9.58 ,LUMBER,PRESSURE TREATED/DECKING,PT WATER REPELLANTLUMBER,$0.00 ,,$0.00 ,$9.58 ,$9.58 ,0,
11/21/23,1220,60138,52,rego,1001753906,2X6-10 PT 2P,1,$9.68 ,LUMBER,PRESSURE TREATED/DECKING,PT DIMENSIONAL LUMBER,$0.00 ,,$0.00 ,$9.68 ,$9.68 ,0,
11/21/23,1220,60138,52,rego,186261,CANDY,1,$2.68 ,GARDEN/SEASONAL,CONVENIENCE,CANDY/COOKIES,$0.00 ,,$0.00 ,$2.68 ,$2.68 ,0,
11/21/23,1220,60138,52,rego,427969,1/2X10 REBAR,1,$10.57 ,BLDG. MATERIALS,CONCRETE,CONCRETE FORMING PRODUCT,$0.00 ,,$0.00 ,$10.57 ,$10.57 ,0,
11/21/23,1220,60138,52,rego,1001754832,5/4X6-10PREM,1,$9.58 ,LUMBER,PRESSURE TREATED/DECKING,PT WATER REPELLANTLUMBER,$0.00 ,,$0.00 ,$9.58 ,$9.58 ,0,
11/20/23,1220,40125,55,rego,260187,2G WHT JUMBO SWITCH WALLPLT,1,$2.98 ,ELECTRICAL,WIRING DEVICES,WALL PLATES (COMMODITY),$0.00 ,,$0.00 ,$2.98 ,$2.98 ,100191489,
11/20/23,1220,40125,55,rego,737350,WALLPLT SCREWS ASSORTED 300PK,1,$9.56 ,ELECTRICAL,WIRING DEVICES,SPECIALTY,$0.00 ,,$0.00 ,$9.56 ,$9.56 ,100202619,
11/20/23,1220,40125,55,rego,627984,2G WHT DECORA WALLPLT,1,$1.65 ,ELECTRICAL,WIRING DEVICES,WALL PLATES (COMMODITY),$0.00 ,,$0.00 ,$1.65 ,$1.65 ,100048406,
11/20/23,1220,52187,36,rego,925845,12' VANTAGE IVY GREEN CARPET,7,$10.71 ,WALL&FLOOR COVER.,CARPETING,OUTDOORS,$0.00 ,,$0.00 ,$83.32 ,$10.71 ,301799772,
11/20/23,1220,53232,52,rego,801982,SPECIALTY APPLIANCE EPOXY WHITE,1,$8.98 ,PAINT,SPRAY PAINT,SPECIALTY SPRAYS,$0.00 ,,$0.00 ,$8.98 ,$8.98 ,202056394,
11/20/23,1220,53232,52,rego,243110,SPRAY PAINT,1,$6.98 ,PAINT,SPRAY PAINT,SPECIALTY SPRAYS,$0.00 ,,$0.00 ,$6.98 ,$6.98 ,0,
11/18/23,1220,40288,47,rego,1001771842,RYB 18V BL BELT SANDER - TOOL ONLY,1,$98.00 ,HARDWARE,PORTABLE POWER,SANDERS,$0.00 ,,$0.00 ,$98.00 ,$98.00 ,206955207,
11/14/23,1220,2743,18,rego,370658,"RGD 5"" RANDOM ORBIT SANDER",1,($64.97),HARDWARE,PORTABLE POWER,SANDERS,$0.00 ,,$0.00 ,($64.97),($64.97),100053683,
11/14/23,1220,2743,18,rego,1009464547,PARTYSNOWMAN,1,($24.98),GARDEN/SEASONAL,DECORATIVE HOLIDAY,HOLIDAY INDOOR DCOR,$0.00 ,,$0.00 ,($24.98),($24.98),0,
11/14/23,1220,28211,55,rego,1005202839,RUFFLES,1,$2.48 ,GARDEN/SEASONAL,CONVENIENCE,MEAT/ SNACKS,$0.00 ,,$0.00 ,$2.48 ,$2.48 ,0,
11/14/23,1220,28211,55,rego,987283,MILWAUKEE SPANNER WRENCH LOCKNUT CMB,1,$14.77 ,HARDWARE,POWER TOOL ACCESSORIES,ABRASIVES,$0.00 ,,$0.00 ,$14.77 ,$14.77 ,202803503,
11/12/23,1220,22708,52,rego,1006478195,KS SEC COVE PROJ PACK VB SMT,1,$64.97 ,HARDWARE,DOOR LOCKS,,$0.00 ,,$0.00 ,$64.97 ,$64.97 ,317193503,
11/12/23,1220,22708,52,rego,1006895007,RYB 18V BR 5IN RANDOM ORBIT SANDER,1,$59.00 ,HARDWARE,PORTABLE POWER,SANDERS,$0.00 ,,$0.00 ,$59.00 ,$59.00 ,318531838,
11/12/23,1220,22708,52,rego,722000,2.5 LATH,1,$20.83 ,BLDG. MATERIALS,CONCRETE,STUCCO,$0.00 ,,$0.00 ,$20.83 ,$20.83 ,0,
11/12/23,1220,22708,52,rego,1005146315,RYB ROUTER LATCH MORTISER,1,$14.97 ,HARDWARE,POWER TOOL ACCESSORIES,HOLESAWS,$0.00 ,,$0.00 ,$14.97 ,$14.97 ,312284030,
11/12/23,1220,22708,52,rego,1006478203,KS SEC COVE CMB PCK VB SMT,1,$34.97 ,HARDWARE,DOOR LOCKS,COMBINATION PACKS,$0.00 ,,$0.00 ,$34.97 ,$34.97 ,317194062,
11/12/23,1220,22708,52,rego,176886,"2""X165' TYVEK HOMEWRAP TAPE",1,$15.21 ,BLDG. MATERIALS,INSULATION,HOUSEWRAP,$0.00 ,,$0.00 ,$15.21 ,$15.21 ,100422453,
11/12/23,1220,22708,52,rego,923750,FURRINGCHNL,3,$24.68 ,BLDG. MATERIALS,GYPSUM,METAL STUDS/LATHE,$0.00 ,,$0.00 ,$74.04 ,$24.68 ,0,
11/11/23,6120,18075,20,rego,1005146317,RYB CARBIDE DOOR HINGE TEMPLATE,1,$32.97 ,HARDWARE,POWER TOOL ACCESSORIES,HOLESAWS,$0.00 ,,$0.00 ,$32.97 ,$32.97 ,312284029,
11/10/23,1220,18394,55,rego,1003308611,VCSTAINQTGOK,1,$12.98 ,PAINT,INTERIOR STAINS & CLEARS,OIL BASED STAINS,$0.00 ,,$0.00 ,$12.98 ,$12.98 ,0,
11/10/23,1220,18394,55,rego,469954,LINZ 10 X 1 IN LAMBSWOOL PAD REFILL,1,$6.98 ,PAINT,APPLICATORS,PAINT PADS,$0.00 ,,$0.00 ,$6.98 ,$6.98 ,100566494,
11/10/23,1220,18394,55,rego,1002168999,QT RECYC$,1,$0.45 ,FEES,,,$0.00 ,,$0.00 ,$0.45 ,$0.45 ,0,
11/10/23,1220,18394,55,rego,719956,ULTRASAC CLEAR RECYCL BAGS-100PK 45G,1,$32.97 ,GARDEN/SEASONAL,CLEANING,TRASH BAGS,$0.00 ,,$0.00 ,$32.97 ,$32.97 ,100211646,
11/10/23,1220,18394,55,rego,1008853985,MOP KIT,1,$29.97 ,GARDEN/SEASONAL,CLEANING,MOPS,$0.00 ,,$0.00 ,$29.97 ,$29.97 ,0,
11/8/23,8119,21260,34,WJ43924425,1007412115,22 IN. X 32 IN. MODERN RECTANGLE FRA,1,$99.00 ,WINDOW/WALL,WALL/DECOR,,$0.00 ,,($49.12),$49.88 ,$49.88 ,319712050,Jessie Gibson
11/5/23,1220,40945,83,rego,1002168999,QT RECYC$,1,$0.45 ,FEES,,,$0.00 ,,$0.00 ,$0.45 ,$0.45 ,0,
11/5/23,1220,40945,83,rego,1009464547,PARTYSNOWMAN,1,$24.98 ,GARDEN/SEASONAL,DECORATIVE HOLIDAY,HOLIDAY INDOOR DCOR,$0.00 ,,$0.00 ,$24.98 ,$24.98 ,0,
11/5/23,1220,40945,83,rego,1003308611,VCSTAINQTGOK,1,$12.98 ,PAINT,INTERIOR STAINS & CLEARS,OIL BASED STAINS,$0.00 ,,$0.00 ,$12.98 ,$12.98 ,0,
11/4/23,1220,83627,52,rego,370658,"RGD 5"" RANDOM ORBIT SANDER",1,$64.97 ,HARDWARE,PORTABLE POWER,SANDERS,$0.00 ,,$0.00 ,$64.97 ,$64.97 ,100053683,
11/3/23,1220,69648,54,rego,1000029718,"5""X1/2""X36"" WOOD INTERIOR THRESHOLD",1,$16.93 ,HARDWARE,BUILDER'S HARDWARE,THRESHOLDS,$0.00 ,,$0.00 ,$16.93 ,$16.93 ,204737255,
11/3/23,1220,69648,54,rego,1006452865,27G CLEAR,1,$16.98 ,WALL&FLOOR COVER.,GARAGE/GENERAL ORGANIZE,RESIN STORAGE,$0.00 ,,$0.00 ,$16.98 ,$16.98 ,0,
11/3/23,1220,69648,54,rego,1007437269,214THGCS1,1,$10.48 ,HARDWARE,FASTENERS,AVAILABLE,$0.00 ,,$0.00 ,$10.48 ,$10.48 ,0,
11/3/23,1220,69648,54,rego,1001099497,3 PC PLUG CUTTER SET,1,$12.46 ,MILLWORK,MILLWORK SPECIALTIES,DOWELS,$0.00 ,,$0.00 ,$12.46 ,$12.46 ,202252123,
11/3/23,1220,69648,54,rego,278090,"1-5/8""COMP.DECKSCRW-BRWN-1 LB.",1,$12.67 ,HARDWARE,FASTENERS,DECK SCREWS,$0.00 ,,$0.00 ,$12.67 ,$12.67 ,204811964,
11/3/23,1220,69648,54,rego,846910,"VELCRO IND. STRENGTH, 2IN X 4IN, BLK",1,$3.93 ,HARDWARE,BUILDER'S HARDWARE,PICTURE HANGING,$0.00 ,,$0.00 ,$3.93 ,$3.93 ,202261921,
11/3/23,1220,69648,54,rego,357320,COMMAND PICTURE HANG STRIPS-WHT-LG,1,$5.47 ,HARDWARE,BUILDER'S HARDWARE,PICTURE HANGING,$0.00 ,,$0.00 ,$5.47 ,$5.47 ,202579941,
11/3/23,1220,69648,54,rego,1007437272,158THGCS1,1,$10.48 ,HARDWARE,FASTENERS,AVAILABLE,$0.00 ,,$0.00 ,$10.48 ,$10.48 ,0,
11/3/23,1220,69648,54,rego,287512,VELCRO PRO,1,$4.93 ,HARDWARE,BUILDER'S HARDWARE,PICTURE HANGING,$0.00 ,,$0.00 ,$4.93 ,$4.93 ,0,
11/3/23,1220,81706,51,rego,1008227122,"DIABLO 5"" ROS 220 GRIT 15PK",1,$9.97 ,PAINT,ABRASIVES,,$0.00 ,,$0.00 ,$9.97 ,$9.97 ,321541938,
11/3/23,1220,81706,51,rego,1008179314,"DIABLO 5"" ROS 60 GRIT 15PK",1,$9.97 ,PAINT,ABRASIVES,,$0.00 ,,$0.00 ,$9.97 ,$9.97 ,321506132,
11/2/23,1220,31704,83,rego,469954,LINZ 10 X 1 IN LAMBSWOOL PAD REFILL,1,$6.98 ,PAINT,APPLICATORS,PAINT PADS,$0.00 ,,$0.00 ,$6.98 ,$6.98 ,100566494,
11/2/23,1220,31704,83,rego,1002169000,GL Recyc$,1,$0.95 ,FEES,,,$0.00 ,,$0.00 ,$0.95 ,$0.95 ,0,
11/2/23,1220,31704,83,rego,383918,SEALRWTRGL,1,$43.98 ,PAINT,INTERIOR STAINS & CLEARS,OILS/CONDITIONERS,$0.00 ,,$0.00 ,$43.98 ,$43.98 ,0,
11/2/23,1220,31704,83,rego,1002169000,GL Recyc$,1,$0.95 ,FEES,,,$0.00 ,,$0.00 ,$0.95 ,$0.95 ,0,
11/2/23,1220,31704,83,rego,382922,PARKS FLOOR POLY WB SAT GA 275V,1,$59.98 ,PAINT,INTERIOR STAINS & CLEARS,WATER BASED CLEARS WTRBS,$0.00 ,,$0.00 ,$59.98 ,$59.98 ,202521739,
10/29/23,1220,85207,1,REGO,353263,WINDEX GLASS REFILL 128OZ,1,$11.48 ,GARDEN/SEASONAL,CLEANING,CLEANING CHEMICALS,$0.00 ,,$0.00 ,$11.48 ,$11.48 ,100052083,
10/29/23,1220,85207,1,REGO,221002,#4/0 SUPER FINE STL WOOL 12PK,1,$4.97 ,PAINT,ABRASIVES,STEEL WOOL,$0.00 ,,$0.00 ,$4.97 ,$4.97 ,100212006,
10/29/23,1220,85207,1,REGO,220853,#0 FINE STEEL WOOL PAD 12PK,1,$4.97 ,PAINT,ABRASIVES,STEEL WOOL,$0.00 ,,$0.00 ,$4.97 ,$4.97 ,100159160,
10/29/23,1220,85207,1,REGO,220948,#1 MED-GRADE STL WOOL PAD 12PK,1,$4.97 ,PAINT,ABRASIVES,STEEL WOOL,$0.00 ,,$0.00 ,$4.97 ,$4.97 ,100194865,
10/29/23,1220,85207,1,REGO,1008684389,8PK REFILL,1,$9.97 ,GARDEN/SEASONAL,CLEANING,MOPS,$0.00 ,,$0.00 ,$9.97 ,$9.97 ,0,
10/29/23,1220,85207,1,REGO,1004144623,MR CLEAN ERASER 6CT,1,$5.67 ,GARDEN/SEASONAL,CLEANING,SPONGES/GLOVES,$0.00 ,,$0.00 ,$5.67 ,$5.67 ,308502857,
10/29/23,1220,85207,1,REGO,255390,WINDEX GLASS SPY 32OZ,1,$5.98 ,GARDEN/SEASONAL,CLEANING,CLEANING CHEMICALS,$0.00 ,,$0.00 ,$5.98 ,$5.98 ,202763245,
10/29/23,1220,85207,1,REGO,1000046291,ZIBRA 2 IN EDGER PAINT BRUSH,1,$13.71 ,PAINT,APPLICATORS,SPECIALTY/FAUX,$0.00 ,,$0.00 ,$13.71 ,$13.71 ,205024884,
10/29/23,1220,85207,1,REGO,1005694692,"4"" SQ SQUEAK-FREE HINGE SN",1,$5.27 ,HARDWARE,BUILDER'S HARDWARE,DOOR HDWRE & HINGES,$0.00 ,,$0.00 ,$5.27 ,$5.27 ,314151209,
10/29/23,1220,85207,1,REGO,1002980339,PLEDGE BEAUTIFY LEMON 14.2OZ,1,$10.98 ,GARDEN/SEASONAL,CLEANING,SPECIAL SURFACES,$0.00 ,,$0.00 ,$10.98 ,$10.98 ,304236760,
10/29/23,1220,85207,1,REGO,1008575191,MICROFIBER ADAPTABLE FLAT MOP REFILL,1,$12.97 ,GARDEN/SEASONAL,CLEANING,MOPS,$0.00 ,,$0.00 ,$12.97 ,$12.97 ,322576138,
10/29/23,1220,85207,1,REGO,1008980145,ORANGE GLO FURNITURE 2IN1 16OZ,1,$5.97 ,GARDEN/SEASONAL,CLEANING,SPECIAL SURFACES,$0.00 ,,$0.00 ,$5.97 ,$5.97 ,320455136,
10/29/23,1220,85207,1,REGO,1005694692,"4"" SQ SQUEAK-FREE HINGE SN",1,$5.27 ,HARDWARE,BUILDER'S HARDWARE,DOOR HDWRE & HINGES,$0.00 ,,$0.00 ,$5.27 ,$5.27 ,314151209,
10/29/23,1220,85207,1,REGO,1005759045,HDX 24PK MICROFIBERS CLOTHS,1,$11.98 ,GARDEN/SEASONAL,CLEANING,SPONGES/GLOVES,$0.00 ,,$0.00 ,$11.98 ,$11.98 ,314502418,
10/29/23,1220,85207,1,REGO,1005019989,SB EXTREME SCRUB SCOUR PAD,1,$4.98 ,GARDEN/SEASONAL,CLEANING,SPONGES/GLOVES,$0.00 ,,$0.00 ,$4.98 ,$4.98 ,311013310,
10/29/23,1220,85207,1,REGO,356143,GRACO PUMP ARMOR FLUID 1 QT,1,$13.18 ,PAINT,PAINT SPRAYERS,SPRAYER TIPS/ACCESSORIES,$0.00 ,,$0.00 ,$13.18 ,$13.18 ,100138338,
10/29/23,1220,85207,1,REGO,263439,FOAM 9 PIECE MULTI BRUSH SET,1,$8.22 ,PAINT,APPLICATORS,CHIP/FOAM APPLICATORS,$0.00 ,,$0.00 ,$8.22 ,$8.22 ,100128205,
10/29/23,1220,85207,1,REGO,220948,#1 MED-GRADE STL WOOL PAD 12PK,1,$4.97 ,PAINT,ABRASIVES,STEEL WOOL,$0.00 ,,$0.00 ,$4.97 ,$4.97 ,100194865,
10/29/23,1220,31220,90,,999714,RENTAL FEES,1,$69.00 ,TOOL RENTAL,,,$0.00 ,,$0.00 ,$69.00 ,$69.00 ,0,
10/22/23,1220,69824,9,rego,744391,2024QRTRND,1,$8.44 ,MILLWORK,MOULDINGS,POLYMER,$0.00 ,,$0.00 ,$8.44 ,$8.44 ,0,
10/22/23,1220,69824,9,rego,247168,1/2 X13/32X8 PVC 2258 BEAD WHITE,1,$5.38 ,MILLWORK,MOULDINGS,POLYMER,$0.00 ,,$0.00 ,$5.38 ,$5.38 ,100072728,
10/22/23,1220,69824,9,rego,246520,5/16 X5-3/4X8 PVC FLAT UTILITY,1,$20.84 ,MILLWORK,MOULDINGS,POLYMER,$0.00 ,,$0.00 ,$20.84 ,$20.84 ,100083662,
10/22/23,1220,69824,9,rego,116295,PRO QUALITY BRUSH & ROLLER SPINNER,1,$9.86 ,PAINT,APPLICATORS,MISCELLANEOUS ACCESSORY,$0.00 ,,$0.00 ,$9.86 ,$9.86 ,202564315,
10/22/23,1220,69824,9,rego,639267,PROJECT SELECT BRUSH CLEANING COMB,1,$4.26 ,PAINT,APPLICATORS,MISCELLANEOUS ACCESSORY,$0.00 ,,$0.00 ,$4.26 ,$4.26 ,202023925,
10/22/23,1220,69824,9,rego,745532,SHOE MOULD W,1,$9.74 ,MILLWORK,MOULDINGS,POLYMER,$0.00 ,,$0.00 ,$9.74 ,$9.74 ,0,
10/22/23,1220,69824,9,rego,1006465746,AMP K&B 9 OZ CLEAR,1,$9.98 ,PAINT,CAULKS,HYBRID K&B,$0.00 ,,$0.00 ,$9.98 ,$9.98 ,316997514,
10/19/23,8119,84433,34,rego,1008150186,M18 FUEL 18-VOLT LITHIUM-ION BRUSHLE,1,$39.00 ,HARDWARE,POWER TOOL ACCESSORIES,WOODWORKING,$0.00 ,,$0.00 ,$39.00 ,$39.00 ,321087927,Jessie Gibson
10/18/23,1220,20306,90,rego,1006462113,"MKE M18 FUEL 6-1/2"" PLUNGECUT TRK SW",1,$399.00 ,HARDWARE,PORTABLE POWER,CIRCULAR SAWS,$0.00 ,,$0.00 ,$399.00 ,$399.00 ,315442335,Jessie Gibson
10/18/23,1220,20306,90,rego,1003238045,"DIABLO 6-1/2"" 60T ULTRA FINISH CSB",1,$22.97 ,HARDWARE,POWER TOOL ACCESSORIES,CIRCULAR SAW BLADES,$0.00 ,,$0.00 ,$22.97 ,$22.97 ,305111806,Jessie Gibson
10/18/23,8119,76130,92,rego,1006461884,55 IN. TRACK SAW GUIDE RAIL,1,$129.00 ,HARDWARE,POWER TOOL ACCESSORIES,WOODWORKING,$0.00 ,,$0.00 ,$129.00 ,$129.00 ,315442473,Jessie Gibson
10/15/23,1220,53475,12,rego,314986,8OZ TSL,1,$13.18 ,PAINT,PAINT SPRAYERS,SPRAYER TIPS/ACCESSORIES,$0.00 ,,$0.00 ,$13.18 ,$13.18 ,0,
10/15/23,1220,53475,12,rego,610488,INT/EXT PATCH-N-PAINT SPACKLING 1QT,1,$10.58 ,PAINT,PATCHING & REPAIR,SPACKLING,$0.00 ,,$0.00 ,$10.58 ,$10.58 ,100094504,
10/15/23,1220,53475,12,rego,866423,A&H FRIDGE/FREEZE ODOR ABSORBER 14OZ,1,$0.98 ,GARDEN/SEASONAL,CLEANING,CLEANING CHEMICALS,$0.00 ,,$0.00 ,$0.98 ,$0.98 ,205564585,
10/15/23,1220,53475,12,rego,126551,KLEAN STRIP ACETONE GAL,1,$24.28 ,PAINT,SOLVENTS/REMOVERS/CLEANR,SOLVENTS,($2.43),,$0.00 ,$21.85 ,$21.85 ,100141096,
10/15/23,1220,53475,12,rego,105798,GREAT STUFF PRO GUN CLEANER,1,$9.97 ,BLDG. MATERIALS,INSULATION,FOAM,$0.00 ,,$0.00 ,$9.97 ,$9.97 ,100550708,
10/15/23,1220,53475,12,rego,1009765452,SAKEXPJNTNOM,1,$3.67 ,BLDG. MATERIALS,CONCRETE,CONCRETE FORMING PRODUCT,$0.00 ,,$0.00 ,$3.67 ,$3.67 ,0,
10/15/23,1220,53475,12,rego,1009765452,SAKEXPJNTNOM,1,$3.67 ,BLDG. MATERIALS,CONCRETE,CONCRETE FORMING PRODUCT,$0.00 ,,$0.00 ,$3.67 ,$3.67 ,0,
10/15/23,1220,53475,12,rego,532953,GREAT STUFF PRO GAPS & CRACKS 24 OZ,1,$13.97 ,BLDG. MATERIALS,INSULATION,FOAM,$0.00 ,,$0.00 ,$13.97 ,$13.97 ,202892471,
10/15/23,1220,53475,12,rego,1009765452,SAKEXPJNTNOM,1,$3.67 ,BLDG. MATERIALS,CONCRETE,CONCRETE FORMING PRODUCT,$0.00 ,,$0.00 ,$3.67 ,$3.67 ,0,
10/15/23,1220,53475,12,rego,253604,"SCOTCHBLUE .94"" SHARP LINES 2093EL",1,$6.98 ,PAINT,TAPE,PAINTERS TAPE,$0.00 ,,$0.00 ,$6.98 ,$6.98 ,203085523,
10/15/23,1220,53475,12,rego,866423,A&H FRIDGE/FREEZE ODOR ABSORBER 14OZ,1,$0.98 ,GARDEN/SEASONAL,CLEANING,CLEANING CHEMICALS,$0.00 ,,$0.00 ,$0.98 ,$0.98 ,205564585,
10/15/23,1220,53475,12,rego,1009765452,SAKEXPJNTNOM,1,$3.67 ,BLDG. MATERIALS,CONCRETE,CONCRETE FORMING PRODUCT,$0.00 ,,$0.00 ,$3.67 ,$3.67 ,0,
10/15/23,1220,53475,12,rego,764357,KLEAN STRIP GRN MURIATIC ACID GAL,1,$9.98 ,PAINT,SOLVENTS/REMOVERS/CLEANR,CLEANERS,$0.00 ,,$0.00 ,$9.98 ,$9.98 ,202690263,
10/15/23,1220,53475,12,rego,409989,"5""SILL SEALE",1,$11.40 ,BLDG. MATERIALS,INSULATION,INSULATION ACCESSORIES,$0.00 ,,$0.00 ,$11.40 ,$11.40 ,0,
10/15/23,1220,53475,12,rego,1002158948,AQUAMIX SULFAMIC ACID CRYSTALS 1LB,1,$10.87 ,WALL&FLOOR COVER.,FLOORING TOOLS & MATERIA,CLEANERS AND SEALERS,$0.00 ,,$0.00 ,$10.87 ,$10.87 ,300176044,
10/15/23,1220,53475,12,rego,1008102443,"BEHR 5"" TIGHT SPACE PAINTER",1,$4.76 ,PAINT,APPLICATORS,PAINT PADS,$0.00 ,,$0.00 ,$4.76 ,$4.76 ,321299752,
10/15/23,1220,53475,12,rego,866423,A&H FRIDGE/FREEZE ODOR ABSORBER 14OZ,1,$0.98 ,GARDEN/SEASONAL,CLEANING,CLEANING CHEMICALS,$0.00 ,,$0.00 ,$0.98 ,$0.98 ,205564585,
10/15/23,1220,53475,12,rego,1006106332,OLY WTRGD CLR MULTI-SURFWTRPRFER 1GL,1,$13.00 ,PAINT,EXT STAINS/WATERSEALERS,,($1.30),,$0.00 ,$11.70 ,$11.70 ,315988854,
10/15/23,1220,53475,12,rego,866423,A&H FRIDGE/FREEZE ODOR ABSORBER 14OZ,1,$0.98 ,GARDEN/SEASONAL,CLEANING,CLEANING CHEMICALS,$0.00 ,,$0.00 ,$0.98 ,$0.98 ,205564585,
10/15/23,1220,53475,12,rego,1002169000,GL Recyc$,1,$0.95 ,FEES,,,$0.00 ,,$0.00 ,$0.95 ,$0.95 ,0,
10/15/23,1220,53475,12,rego,1001574672,MULTISURFACE BONDING PRIMER - GL,1,$60.87 ,WALL&FLOOR COVER.,FLOORING TOOLS & MATERIA,TILE SURFACE PREPARATION,$0.00 ,,$0.00 ,$60.87 ,$60.87 ,205486856,
10/14/23,1220,23847,52,REGO,186275,CANDY,1,$2.48 ,GARDEN/SEASONAL,CONVENIENCE,CANDY/COOKIES,$0.00 ,,$0.00 ,$2.48 ,$2.48 ,0,
10/14/23,1220,23847,52,REGO,131227,5GAL HOMER BUCKET,1,$4.48 ,PAINT,SHEETING/BUCKETS,BUCKET/PAINT PAILS,$0.00 ,,$0.00 ,$4.48 ,$4.48 ,100087613,
10/14/23,1220,23847,52,REGO,460257,9'X12' 2MIL CLEAR PLASTIC DROP CLOTH,1,$4.87 ,PAINT,SHEETING/BUCKETS,DROP CLOTHS-PLASTIC,$0.00 ,,$0.00 ,$4.87 ,$4.87 ,204711648,
10/14/23,1220,23847,52,REGO,334191,GRACO RAC IV GUARD 7/8IN THREAD,1,$29.68 ,PAINT,PAINT SPRAYERS,SPRAYER TIPS/ACCESSORIES,$0.00 ,,$0.00 ,$29.68 ,$29.68 ,202296307,
10/14/23,1220,23847,52,REGO,150679,2GAL PLASTIC BUCKET,1,$4.98 ,PAINT,SHEETING/BUCKETS,BUCKET/PAINT PAILS,$0.00 ,,$0.00 ,$4.98 ,$4.98 ,202264039,
10/14/23,1220,23847,52,REGO,1004043738,GRACO TRUEAIRLESS 313 SPRAY TIP,1,$37.37 ,PAINT,PAINT SPRAYERS,SPRAYER TIPS/ACCESSORIES,$0.00 ,,$0.00 ,$37.37 ,$37.37 ,308161009,
10/14/23,1220,23847,52,REGO,131227,5GAL HOMER BUCKET,1,$4.48 ,PAINT,SHEETING/BUCKETS,BUCKET/PAINT PAILS,$0.00 ,,$0.00 ,$4.48 ,$4.48 ,100087613,
10/14/23,1220,23847,52,REGO,150679,2GAL PLASTIC BUCKET,1,$4.98 ,PAINT,SHEETING/BUCKETS,BUCKET/PAINT PAILS,$0.00 ,,$0.00 ,$4.98 ,$4.98 ,202264039,
10/14/23,1220,42185,9,rego,1005401380,POLYBLEND PLUS #381 BRIGHT WHITE 10,1,$15.58 ,WALL&FLOOR COVER.,FLOORING TOOLS & MATERIA,GROUT,$0.00 ,,$0.00 ,$15.58 ,$15.58 ,313296538,
10/9/23,6120,67841,63,rego,277517,16/3 50' HDX EXTENSION CORD,1,$16.58 ,ELECTRICAL,EXT CORD/WORKLIGHT/SURGE,OUTDOOR,$0.00 ,,$0.00 ,$16.58 ,$16.58 ,202523960,
10/8/23,1220,97650,52,rego,223222,PL PREMIUM PU ADHESIVE 10 OZ,1,$7.28 ,PAINT,CONSTRUCTION ADHESIVE,POLYURETHANES,$0.00 ,,$0.00 ,$7.28 ,$7.28 ,202020473,
10/8/23,1220,97650,52,rego,1005055533,PENN WILD BIRD FOOD 10#,1,$11.97 ,GARDEN/SEASONAL,SEED,BIRD SEED/FOOD,$0.00 ,,$0.00 ,$11.97 ,$11.97 ,312026390,
10/8/23,1220,97650,52,rego,832777,TEMP HDBD,1,$14.48 ,LUMBER,COMPOSITION,HARDBOARD,$0.00 ,,$0.00 ,$14.48 ,$14.48 ,0,
10/8/23,1220,97650,52,rego,1006839415,ECP (40W) A19 BLCKLGHT 1PK DIM,1,$8.97 ,ELECTRICAL,LIGHT BULBS,,$0.00 ,,$0.00 ,$8.97 ,$8.97 ,318065249,
10/8/23,1220,97650,52,rego,339696,5/8 OSB SQ,1,$21.60 ,LUMBER,PLYWOOD,OSB,$0.00 ,,$0.00 ,$21.60 ,$21.60 ,0,
10/7/23,6120,53425,3,rego,654124,CARR BOLT ZINC 3/8 x 4 (BFB),2,$1.11 ,HARDWARE,FASTENERS,NUTS/BOLTS/WASHERS,$0.00 ,,$0.00 ,$2.22 ,$1.11 ,204633664,
10/7/23,6120,53425,3,rego,654256,CARR BOLT ZINC 1/2 x 4 (BSB),2,$1.55 ,HARDWARE,FASTENERS,NUTS/BOLTS/WASHERS,$0.00 ,,$0.00 ,$3.10 ,$1.55 ,204633589,
10/7/23,6120,53425,3,rego,281293,"3/8"" NUTS, WSHR AND LOCK WSHR ZP",1,$4.57 ,HARDWARE,FASTENERS,BAG GOOD FASTENERS,$0.00 ,,$0.00 ,$4.57 ,$4.57 ,204225899,
10/7/23,6120,53425,3,rego,283734,"1/2"" NUTS, WSHR AND LOCK WSHR SS",1,$8.98 ,HARDWARE,FASTENERS,BAG GOOD FASTENERS,$0.00 ,,$0.00 ,$8.98 ,$8.98 ,204225901,
10/7/23,6120,53425,3,rego,654167,CARR BOLT ZINC 3/8 x 6 (BOA),2,$1.64 ,HARDWARE,FASTENERS,NUTS/BOLTS/WASHERS,$0.00 ,,$0.00 ,$3.28 ,$1.64 ,204633673,
10/6/23,1220,71822,51,rego,103756,"1/2"" BLK PLUG",1,$2.56 ,PLUMBING,PIPE AND FITTINGS,BLACK FITTING,$0.00 ,,$0.00 ,$2.56 ,$2.56 ,100212109,
10/6/23,1220,71822,51,rego,1006017947,1/2SQRCAP2PK,1,$5.79 ,PLUMBING,PIPE AND FITTINGS,BLACK FITTING,$0.00 ,,$0.00 ,$5.79 ,$5.79 ,0,
10/6/23,1220,71822,51,rego,534692,"3/4""X1/2"" BLK COUPLING",1,$4.28 ,PLUMBING,PIPE AND FITTINGS,BLACK FITTING,$0.00 ,,$0.00 ,$4.28 ,$4.28 ,100167004,
10/6/23,1220,71822,51,rego,103756,"1/2"" BLK PLUG",1,$2.56 ,PLUMBING,PIPE AND FITTINGS,BLACK FITTING,$0.00 ,,$0.00 ,$2.56 ,$2.56 ,100212109,
10/6/23,1220,71822,51,rego,534692,"3/4""X1/2"" BLK COUPLING",1,$4.28 ,PLUMBING,PIPE AND FITTINGS,BLACK FITTING,$0.00 ,,$0.00 ,$4.28 ,$4.28 ,100167004,
10/6/23,1220,71822,51,rego,103756,"1/2"" BLK PLUG",1,$2.56 ,PLUMBING,PIPE AND FITTINGS,BLACK FITTING,$0.00 ,,$0.00 ,$2.56 ,$2.56 ,100212109,
10/5/23,1220,5927,90,rego,1001863457,HOME-FLEX 15 PSI PRESSURE TEST GAUGE,1,$12.97 ,PLUMBING,PLUMBING REPAIR & REPLAC,PLUMBING TOOLS,$0.00 ,,$0.00 ,$12.97 ,$12.97 ,206997510,Jessie Gibson
9/29/23,6120,42519,3,rego,1002164492,1/2 & 3/4 CSST FITTINGS REPAIR PARTS,1,$7.56 ,PLUMBING,PIPE AND FITTINGS,FLEX GAS FITTINGS,$0.00 ,,$0.00 ,$7.56 ,$7.56 ,300388011,
9/29/23,6120,42519,3,rego,683033,"1/2"" - 3/4"" BONDING CLAMP",1,$10.13 ,PLUMBING,PIPE AND FITTINGS,FLEX GAS FITTINGS,$0.00 ,,$0.00 ,$10.13 ,$10.13 ,205699930,
9/29/23,6120,42519,3,rego,1002164492,1/2 & 3/4 CSST FITTINGS REPAIR PARTS,1,$7.56 ,PLUMBING,PIPE AND FITTINGS,FLEX GAS FITTINGS,$0.00 ,,$0.00 ,$7.56 ,$7.56 ,300388011,
9/29/23,6120,42519,3,rego,698496,RIDGID #15 TUBE AND CONDUIT CUTTER,1,$39.47 ,PLUMBING,PLUMBING REPAIR & REPLAC,PLUMBING TOOLS,$0.00 ,,$0.00 ,$39.47 ,$39.47 ,100015820,
9/28/23,1220,89075,11,rego,247368,"GB BUILDERS 4"" 2HDL BATH FAUCET BN",1,$39.98 ,PLUMBING,FAUCETS,TWO HANDLE BATH FAUCETS,$0.00 ,,($4.00),$35.98 ,$35.98 ,309237982,
9/28/23,1220,89075,11,rego,224175,1G WHT PLSTC BLANK WALLPLT,1,$0.80 ,ELECTRICAL,WIRING DEVICES,WALL PLATES (COMMODITY),$0.00 ,,$0.00 ,$0.80 ,$0.80 ,100356837,
9/28/23,1220,89075,11,rego,474885,"RYOBI 10"" ORBITAL BUFFER/POLISHER",1,$54.00 ,HARDWARE,PORTABLE POWER,SANDERS,$0.00 ,,$0.00 ,$54.00 ,$54.00 ,205642375,
9/28/23,1220,89075,11,rego,247368,"GB BUILDERS 4"" 2HDL BATH FAUCET BN",1,$39.98 ,PLUMBING,FAUCETS,TWO HANDLE BATH FAUCETS,$0.00 ,,($4.00),$35.98 ,$35.98 ,309237982,
9/28/23,1220,89075,11,rego,1004180001,DWA3TX20MF,1,$3.97 ,HARDWARE,POWER TOOL ACCESSORIES,SCREWDRIVING DRILL BITS,$0.00 ,,$0.00 ,$3.97 ,$3.97 ,0,
9/28/23,1220,89075,11,rego,1001836596,FEMDF 254 S4,16,$1.07 ,MILLWORK,MOULDINGS,FIN/PAINTED MOULDING,$0.00 ,,$0.00 ,$17.12 ,$1.07 ,0,
9/28/23,1220,89075,11,rego,202517,CARLON NEW WORK 3G 44CU,1,$4.77 ,ELECTRICAL,CONDUIT/BOXES/FITTINGS,PVC BOX/COVERS/ACCESS,$0.00 ,,$0.00 ,$4.77 ,$4.77 ,100404028,
9/28/23,1220,89075,11,rego,1000092357,KREG 2-1/2 IN. COARSE SCREW 50CT,1,$8.47 ,HARDWARE,POWER TOOL ACCESSORIES,WOODWORKING,$0.00 ,,$0.00 ,$8.47 ,$8.47 ,205377485,
9/28/23,1220,89075,11,rego,1000039947,"DW MAXFIT 6"" T25 1PC",1,$5.97 ,HARDWARE,POWER TOOL ACCESSORIES,SCREWDRIVING DRILL BITS,$0.00 ,,$0.00 ,$5.97 ,$5.97 ,204786490,
9/28/23,1220,89075,11,rego,1009222381,3 GANG WELDED/FLUSH MOUNT BRACKET,1,$14.98 ,ELECTRICAL,CONDUIT/BOXES/FITTINGS,METAL BOXES/COVERS/ACCES,$0.00 ,,$0.00 ,$14.98 ,$14.98 ,324516756,
9/28/23,1220,89075,11,rego,1002697257,2-1/2 BLUE POCKET-HOLE SCREWS 125 CT,1,$26.47 ,HARDWARE,POWER TOOL ACCESSORIES,WOODWORKING,$0.00 ,,$0.00 ,$26.47 ,$26.47 ,300680141,
9/28/23,1220,89075,11,rego,253204,RIDGID MEDIUM DUST BAG FILT - SIZE B,1,$19.97 ,HARDWARE,WET DRY VACS,VAC FILTERS&ACCESSORIES,$0.00 ,,$0.00 ,$19.97 ,$19.97 ,202066801,
9/27/23,1220,52903,52,rego,866423,A&H FRIDGE/FREEZE ODOR ABSORBER 14OZ,1,$0.98 ,GARDEN/SEASONAL,CLEANING,CLEANING CHEMICALS,$0.00 ,,$0.00 ,$0.98 ,$0.98 ,205564585,
9/27/23,1220,52903,52,rego,103756,"1/2"" BLK PLUG",1,$2.56 ,PLUMBING,PIPE AND FITTINGS,BLACK FITTING,$0.00 ,,$0.00 ,$2.56 ,$2.56 ,100212109,
9/27/23,1220,52903,52,rego,790607,"1""X3/4""X3/4"" BLK TEE",1,$8.71 ,PLUMBING,PIPE AND FITTINGS,BLACK FITTING,$0.00 ,,$0.00 ,$8.71 ,$8.71 ,302640305,
9/27/23,1220,52903,52,rego,866423,A&H FRIDGE/FREEZE ODOR ABSORBER 14OZ,1,$0.98 ,GARDEN/SEASONAL,CLEANING,CLEANING CHEMICALS,$0.00 ,,$0.00 ,$0.98 ,$0.98 ,205564585,
9/27/23,1220,23965,12,rego,1002801096,SINGLE GOURD,1,$1.49 ,GARDEN/SEASONAL,LIVE GOODS,HALLOWEEN,$0.00 ,,$0.00 ,$1.49 ,$1.49 ,0,
9/27/23,1220,23965,12,rego,1000537073,3M PGP CHANNEL 120G 1PK,1,$6.68 ,PAINT,ABRASIVES,SANDING SPONGES,$0.00 ,,$0.00 ,$6.68 ,$6.68 ,205415584,
9/27/23,1220,23965,12,rego,1000021918,LOLLIPOPS,1,$0.97 ,GARDEN/SEASONAL,CONVENIENCE,CANDY/COOKIES,$0.00 ,,$0.00 ,$0.97 ,$0.97 ,0,
9/27/23,1220,23965,12,rego,1000537247,3M PGP CHANNEL 220G 1PK,1,$6.68 ,PAINT,ABRASIVES,SANDING SPONGES,$0.00 ,,$0.00 ,$6.68 ,$6.68 ,205415592,
9/27/23,1220,23965,12,rego,1000537247,3M PGP CHANNEL 220G 1PK,1,$6.68 ,PAINT,ABRASIVES,SANDING SPONGES,$0.00 ,,$0.00 ,$6.68 ,$6.68 ,205415592,
9/26/23,1220,21589,12,rego,1002169000,GL Recyc$,1,$0.95 ,FEES,,,$0.00 ,,$0.00 ,$0.95 ,$0.95 ,0,
9/26/23,1220,21589,12,rego,1009647328,MAXFLEX SATIN I/E PALE MOSS GRN 12OZ,1,$4.00 ,PAINT,SPRAY PAINT,SPECIALTY SPRAYS,$0.00 ,,$0.00 ,$4.00 ,$4.00 ,325371704,
9/26/23,1220,21589,12,rego,634084,6'X9' CANVAS DROP CLOTH 8OZ,1,$14.48 ,PAINT,SHEETING/BUCKETS,DROP CLOTHS-CANVAS,$0.00 ,,$0.00 ,$14.48 ,$14.48 ,203737046,
9/26/23,1220,21589,12,rego,244941,GLIDDEN CEILING PAINT WHITE 2GAL,1,$31.98 ,PAINT,INTERIOR PAINT,GLIDDEN PREMIUM,($3.20),,$0.00 ,$28.78 ,$28.78 ,202188702,
9/26/23,1220,21589,12,rego,1007528318,MAXFLEX SAT EXT FABRIC RUM PNCH 12OZ,1,$2.50 ,PAINT,SPRAY PAINT,SPECIALTY SPRAYS,$0.00 ,,$0.00 ,$2.50 ,$2.50 ,319420381,
9/26/23,1220,21589,12,rego,328448,ALEX PAINTERS WHITE 10.1 OZ,1,$2.78 ,PAINT,CAULKS,LATEX,$0.00 ,,$0.00 ,$2.78 ,$2.78 ,100078928,
9/26/23,1220,21589,12,rego,340073,DELUXE CUTS WIPING CLOTHS 10PK,1,$6.98 ,PAINT,SHEETING/BUCKETS,RAGS/CLOTHS/SPONGES,$0.00 ,,$0.00 ,$6.98 ,$6.98 ,202302487,
9/26/23,1220,21589,12,rego,317390,KILZ 2 PRIMER 20005 2 GAL,1,$29.98 ,PAINT,PRIMERS,,($3.00),,$0.00 ,$26.98 ,$26.98 ,100371299,
9/26/23,1220,21589,12,rego,1002848604,DCON REFILLABLE BAIT STATION 1+12,1,$15.97 ,GARDEN/SEASONAL,CHEMICALS,RODENT CONTROL,$0.00 ,,$0.00 ,$15.97 ,$15.97 ,303586044,
9/26/23,1220,21589,12,rego,1009647329,MAXFLEX SATIN I/E EVERLASTING 12OZ,1,$4.00 ,PAINT,SPRAY PAINT,SPECIALTY SPRAYS,$0.00 ,,$0.00 ,$4.00 ,$4.00 ,325371705,
9/26/23,1220,21589,12,rego,277084,2X3-120 STUD,1,$5.64 ,LUMBER,DIMENSIONAL LUMBER,,$0.00 ,,$0.00 ,$5.64 ,$5.64 ,0,
9/26/23,1220,21589,12,rego,1004689167,VICTOR PESTCHASER RDNT REPELLENT 3PK,1,$24.97 ,GARDEN/SEASONAL,CHEMICALS,ELECTRONIC PEST CONTROL,$0.00 ,,$0.00 ,$24.97 ,$24.97 ,309338797,
9/26/23,1220,21589,12,rego,1008291719,DCON BAIT 8OZ BAG,1,$9.97 ,GARDEN/SEASONAL,CHEMICALS,RODENT CONTROL,$0.00 ,,$0.00 ,$9.97 ,$9.97 ,321963303,
9/26/23,1220,21589,12,rego,1007528318,MAXFLEX SAT EXT FABRIC RUM PNCH 12OZ,1,$2.50 ,PAINT,SPRAY PAINT,SPECIALTY SPRAYS,$0.00 ,,$0.00 ,$2.50 ,$2.50 ,319420381,
9/26/23,1220,21589,12,rego,1005402472,AT PEST GUARD EXHAUST HOOD,1,$17.44 ,PLUMBING,AIR CIRCULATION/ACCES.,DRYER VENTING,$0.00 ,,$0.00 ,$17.44 ,$17.44 ,313301774,
9/26/23,1220,21589,12,rego,1009647326,MAXFLEX SATIN I/E BROWN CLAY 12OZ,1,$4.00 ,PAINT,SPRAY PAINT,SPECIALTY SPRAYS,$0.00 ,,$0.00 ,$4.00 ,$4.00 ,325371702,
9/26/23,1220,21589,12,rego,610488,INT/EXT PATCH-N-PAINT SPACKLING 1QT,1,$10.58 ,PAINT,PATCHING & REPAIR,SPACKLING,$0.00 ,,$0.00 ,$10.58 ,$10.58 ,100094504,
9/26/23,1220,21589,12,rego,1009647331,MAXFLEX SAT EXT FAB SDDNLY SAPH 12OZ,1,$4.00 ,PAINT,SPRAY PAINT,SPECIALTY SPRAYS,$0.00 ,,$0.00 ,$4.00 ,$4.00 ,325371726,
9/26/23,1220,21589,12,rego,1004667336,"RF3""ASBRUSH",1,$20.27 ,PAINT,APPLICATORS,BEST/PRO BRUSHES,$0.00 ,,$0.00 ,$20.27 ,$20.27 ,0,
9/26/23,1220,21589,12,rego,328448,ALEX PAINTERS WHITE 10.1 OZ,1,$2.78 ,PAINT,CAULKS,LATEX,$0.00 ,,$0.00 ,$2.78 ,$2.78 ,100078928,
9/26/23,1220,21589,12,rego,277084,2X3-120 STUD,1,$5.64 ,LUMBER,DIMENSIONAL LUMBER,,$0.00 ,,$0.00 ,$5.64 ,$5.64 ,0,
9/26/23,1220,21589,12,rego,1003804398,6X9 DROPCLTH,1,$12.98 ,PAINT,SHEETING/BUCKETS,DROP CLOTHS-PAPER/POLY,$0.00 ,,$0.00 ,$12.98 ,$12.98 ,0,
9/26/23,1220,21589,12,rego,464899,BETTER 3.0 ANGLE SASH OIL PAINT BRUS,1,$16.25 ,PAINT,APPLICATORS,BETTER BRUSHES,$0.00 ,,$0.00 ,$16.25 ,$16.25 ,203111289,
9/26/23,1220,21589,12,rego,720812,HUSKY STIFF SCRAPER 3 IN,1,$8.98 ,PAINT,TOOLS/SAFETY,PUTTY KNIVES,$0.00 ,,$0.00 ,$8.98 ,$8.98 ,309976379,
9/26/23,1220,21589,12,rego,1007528317,MAXFLEX SAT EXT FAB ROMNTIC ISL 12OZ,1,$2.50 ,PAINT,SPRAY PAINT,SPECIALTY SPRAYS,$0.00 ,,$0.00 ,$2.50 ,$2.50 ,319420380,
9/26/23,1220,21589,12,rego,328448,ALEX PAINTERS WHITE 10.1 OZ,1,$2.78 ,PAINT,CAULKS,LATEX,$0.00 ,,$0.00 ,$2.78 ,$2.78 ,100078928,
9/26/23,1220,21589,12,rego,1002169001,GL Recy$,1,$1.95 ,FEES,,,$0.00 ,,$0.00 ,$1.95 ,$1.95 ,0,
9/25/23,1220,75926,11,rego,1005659286,"HINGESCREW, #9X1""& #9X2.25""_SB_21PK",1,$1.27 ,HARDWARE,BUILDER'S HARDWARE,DOOR HDWRE & HINGES,$0.00 ,,$0.00 ,$1.27 ,$1.27 ,314151809,
9/25/23,1220,75926,11,rego,1003605351,OLY WG CLEAR WOOD SEALER 11OZ,1,$0.70 ,PAINT,EXT STAINS/WATERSEALERS,QUARTS & SMALLER SIZES,$0.00 ,,$0.00 ,$0.70 ,$0.70 ,306321405,
9/25/23,1220,75926,11,rego,103756,"1/2"" BLK PLUG",1,$2.56 ,PLUMBING,PIPE AND FITTINGS,BLACK FITTING,$0.00 ,,$0.00 ,$2.56 ,$2.56 ,100212109,
9/25/23,1220,75926,11,rego,1002168999,QT RECYC$,1,$0.45 ,FEES,,,$0.00 ,,$0.00 ,$0.45 ,$0.45 ,0,
9/25/23,1220,75926,11,rego,1009647327,MAXFLEX SATIN I/E YUKON GOLD 12OZ,1,$4.00 ,PAINT,SPRAY PAINT,SPECIALTY SPRAYS,$0.00 ,,$0.00 ,$4.00 ,$4.00 ,325371703,
9/25/23,1220,75926,11,rego,1005659288,"HINGESCREW, #9X1""& #9X2.25""_ORB_21PK",1,$1.27 ,HARDWARE,BUILDER'S HARDWARE,DOOR HDWRE & HINGES,$0.00 ,,$0.00 ,$1.27 ,$1.27 ,314151694,
9/25/23,1220,75926,11,rego,1008983340,412PPFJLNG6P,1,$68.00 ,MILLWORK,MOULDINGS,PRIMED FINGERJOINT,$0.00 ,,$0.00 ,$68.00 ,$68.00 ,0,
9/25/23,1220,75926,11,rego,1007343601,HSKY 5GMIXR,1,$8.98 ,PAINT,TOOLS/SAFETY,MISCELLANEOUS TOOLS,$0.00 ,,$0.00 ,$8.98 ,$8.98 ,0,
9/25/23,1220,75926,11,rego,1009647327,MAXFLEX SATIN I/E YUKON GOLD 12OZ,1,$4.00 ,PAINT,SPRAY PAINT,SPECIALTY SPRAYS,$0.00 ,,$0.00 ,$4.00 ,$4.00 ,325371703,
9/25/23,1220,75926,11,rego,1005659286,"HINGESCREW, #9X1""& #9X2.25""_SB_21PK",1,$1.27 ,HARDWARE,BUILDER'S HARDWARE,DOOR HDWRE & HINGES,$0.00 ,,$0.00 ,$1.27 ,$1.27 ,314151809,
9/25/23,1220,75926,11,rego,103756,"1/2"" BLK PLUG",1,$2.56 ,PLUMBING,PIPE AND FITTINGS,BLACK FITTING,$0.00 ,,$0.00 ,$2.56 ,$2.56 ,100212109,
9/24/23,1220,57129,3,rego,1001832074,SPIDER WEB,1,$3.98 ,GARDEN/SEASONAL,DECORATIVE HOLIDAY,HALLOWEEN,$0.00 ,,$0.00 ,$3.98 ,$3.98 ,0,
9/24/23,1220,57129,3,rego,685248,"3/4"" RED",1,$12.62 ,PLUMBING,PIPE AND FITTINGS,FLEX GAS FITTINGS,$0.00 ,,$0.00 ,$12.62 ,$12.62 ,0,
9/24/23,1220,57129,3,rego,295859,1 GAL STR,1,$2.92 ,PAINT,PAINT SPRAYERS,SPRAYER TIPS/ACCESSORIES,$0.00 ,,$0.00 ,$2.92 ,$2.92 ,0,
9/24/23,1220,57129,3,rego,1009101195,3.5' GHOST,1,$19.98 ,GARDEN/SEASONAL,DECORATIVE HOLIDAY,HALLOWEEN,$0.00 ,,$0.00 ,$19.98 ,$19.98 ,0,
9/24/23,1220,57129,3,rego,655125,"1/2"" MALE",1,$9.45 ,PLUMBING,PIPE AND FITTINGS,FLEX GAS FITTINGS,$0.00 ,,$0.00 ,$9.45 ,$9.45 ,0,
9/24/23,1220,57129,3,rego,699837,"1/2"" 25'",1,$56.85 ,PLUMBING,PIPE AND FITTINGS,FLEX GAS PIPE,$0.00 ,,$0.00 ,$56.85 ,$56.85 ,0,
9/24/23,1220,57129,3,rego,1005133621,DWNSPRFR,1,$5.97 ,GARDEN/SEASONAL,CLEANING,CLEANING CHEMICALS,$0.00 ,,$0.00 ,$5.97 ,$5.97 ,0,
9/24/23,1220,57129,3,rego,1009129929,3.5'REAPER,1,$19.98 ,GARDEN/SEASONAL,DECORATIVE HOLIDAY,HALLOWEEN,$0.00 ,,$0.00 ,$19.98 ,$19.98 ,0,
9/24/23,1220,57129,3,rego,187457,CANDY,1,$3.18 ,GARDEN/SEASONAL,CONVENIENCE,CANDY/COOKIES,$0.00 ,,$0.00 ,$3.18 ,$3.18 ,0,
9/24/23,1220,57129,3,rego,685248,"3/4"" RED",1,$12.62 ,PLUMBING,PIPE AND FITTINGS,FLEX GAS FITTINGS,$0.00 ,,$0.00 ,$12.62 ,$12.62 ,0,
9/24/23,1220,57129,3,rego,656542,"1/2"" FEM",1,$10.13 ,PLUMBING,PIPE AND FITTINGS,FLEX GAS FITTINGS,$0.00 ,,$0.00 ,$10.13 ,$10.13 ,0,
9/24/23,1220,57129,3,rego,184849,PUMPKIN,1,$3.98 ,GARDEN/SEASONAL,LIVE GOODS,HALLOWEEN,$0.00 ,,$0.00 ,$3.98 ,$3.98 ,0,
9/24/23,1220,41559,52,rego,1004632650,LASH TILE LEVELING SYSTEM PRO INSTAL,1,$31.47 ,WALL&FLOOR COVER.,FLOORING TOOLS & MATERIA,TOOLS,$0.00 ,,$0.00 ,$31.47 ,$31.47 ,310790117,
9/24/23,1220,41559,52,rego,1002833388,SB CTRS TWN,1,$8.47 ,GARDEN/SEASONAL,CLEANING,,$0.00 ,,$0.00 ,$8.47 ,$8.47 ,0,
9/24/23,1220,41559,52,rego,1004676967,PLEDGE REVIVE MOISTURIZING OIL14.2OZ,1,$10.98 ,GARDEN/SEASONAL,CLEANING,SPECIAL SURFACES,$0.00 ,,$0.00 ,$10.98 ,$10.98 ,310124352,
9/24/23,1220,41559,52,rego,795964,DEMO BAGS 42GAL WOVEN CONTRACTOR BAG,1,$26.97 ,GARDEN/SEASONAL,CLEANING,TRASH BAGS,$0.00 ,,$0.00 ,$26.97 ,$26.97 ,100661692,
9/24/23,1220,41559,52,rego,1004164708,3.5FT JOL SK,1,$19.98 ,GARDEN/SEASONAL,DECORATIVE HOLIDAY,HALLOWEEN,$0.00 ,,$0.00 ,$19.98 ,$19.98 ,0,
9/24/23,1220,41559,52,rego,261494,OLD ENGLISH DK WD SCRATCH COVER 8 0Z,1,$8.27 ,GARDEN/SEASONAL,CLEANING,SPECIAL SURFACES,$0.00 ,,$0.00 ,$8.27 ,$8.27 ,202519753,
9/23/23,6120,24733,64,rego,743632,53' PAINTER'S PUTTY PINT,1,$9.48 ,PAINT,PATCHING & REPAIR,SPECIALTY,$0.00 ,,$0.00 ,$9.48 ,$9.48 ,100200268,
9/23/23,6120,24733,64,rego,1008227121,"DIABLO 5"" ROS 120 GRIT 15PK",1,$9.97 ,PAINT,ABRASIVES,,$0.00 ,,$0.00 ,$9.97 ,$9.97 ,321537611,
9/23/23,6120,24733,64,rego,469968,LINZ 10 IN WATER WIZ FOAM PAD,1,$5.80 ,PAINT,APPLICATORS,PAINT PADS,$0.00 ,,$0.00 ,$5.80 ,$5.80 ,100569567,
9/23/23,6120,24733,64,rego,1000029739,CONT PLASTIC,1,$10.98 ,PAINT,SHEETING/BUCKETS,MASKINGS,$0.00 ,,$0.00 ,$10.98 ,$10.98 ,0,
9/23/23,6120,24733,64,rego,1003367324,"3/4"" MINI COPPER TUBING CUTTER MIL",1,$18.97 ,PLUMBING,PLUMBING REPAIR & REPLAC,PLUMBING TOOLS,$0.00 ,,$0.00 ,$18.97 ,$18.97 ,301211642,
9/21/23,1220,88774,90,rego,691122,"3/4"" X 3/4"" X 1/2"" MANIFOLD IPS",1,$20.21 ,PLUMBING,PIPE AND FITTINGS,FLEX GAS FITTINGS,$0.00 ,,$0.00 ,$20.21 ,$20.21 ,203073931,Jessie Gibson
9/21/23,1220,88774,90,rego,701130,"3/4"" X 25' CSST TUBING",1,$72.57 ,PLUMBING,PIPE AND FITTINGS,FLEX GAS PIPE,$0.00 ,,$0.00 ,$72.57 ,$72.57 ,203073943,Jessie Gibson
9/21/23,1220,88774,90,rego,685229,"3/4"" MALE NPT X CSST",6,$11.41 ,PLUMBING,PIPE AND FITTINGS,FLEX GAS FITTINGS,$0.00 ,,$0.00 ,$68.46 ,$11.41 ,203073910,Jessie Gibson
9/21/23,1220,88923,90,rego,701130,"3/4"" X 25' CSST TUBING",1,($72.57),PLUMBING,PIPE AND FITTINGS,FLEX GAS PIPE,$0.00 ,,$0.00 ,($72.57),($72.57),203073943,
9/21/23,1220,59015,9,rego,181935,"3/4"" GAL TEE",1,$5.29 ,PLUMBING,PIPE AND FITTINGS,GALVANIZED FITTINGS,$0.00 ,,$0.00 ,$5.29 ,$5.29 ,100166715,
9/21/23,1220,59015,9,rego,187279,CANDY,1,$3.18 ,GARDEN/SEASONAL,CONVENIENCE,CANDY/COOKIES,$0.00 ,,$0.00 ,$3.18 ,$3.18 ,0,
9/17/23,1220,41658,9,rego,104892,3/4X5BLKNIPL,1,$4.55 ,PLUMBING,PIPE AND FITTINGS,BLACK PRECUT,$0.00 ,,$0.00 ,$4.55 ,$4.55 ,0,
9/17/23,1220,41658,9,rego,1005568416,1/4IN X 25FT PTC POLY ICE MAKER KIT,1,$12.93 ,PLUMBING,PIPE AND FITTINGS,VALVE & SUPPLY LINES,$0.00 ,,$0.00 ,$12.93 ,$12.93 ,313801267,
9/17/23,1220,41658,9,rego,367960,"3/8""X3/8""X3/8"" T-FTTNG",1,$7.47 ,PLUMBING,PIPE AND FITTINGS,VALVE & SUPPLY LINES,$0.00 ,,$0.00 ,$7.47 ,$7.47 ,325842973,
9/17/23,1220,41658,9,rego,367861,"3/8""COMPX3/8""COMPX1/4"" T-FITTING",1,$7.98 ,PLUMBING,PIPE AND FITTINGS,VALVE & SUPPLY LINES,$0.00 ,,$0.00 ,$7.98 ,$7.98 ,202495876,
9/17/23,1220,34987,3,rego,277084,2X3-120 STUD,2,$5.64 ,LUMBER,DIMENSIONAL LUMBER,,$0.00 ,,$0.00 ,$11.28 ,$5.64 ,0,
9/17/23,1220,34987,3,rego,758735,"1/2"" FIP CAP BRASS",1,$7.45 ,PLUMBING,PIPE AND FITTINGS,BRASS FITTINGS,$0.00 ,,$0.00 ,$7.45 ,$7.45 ,300095968,
9/17/23,1220,34987,3,rego,758735,"1/2"" FIP CAP BRASS",1,$7.45 ,PLUMBING,PIPE AND FITTINGS,BRASS FITTINGS,$0.00 ,,$0.00 ,$7.45 ,$7.45 ,300095968,
9/17/23,1220,34987,3,rego,1003116787,1/2IN MIP TEFVX1/2IN MIPX24IN GASCON,1,$27.42 ,PLUMBING,PIPE AND FITTINGS,GAS CONNECTORS,$0.00 ,,$0.00 ,$27.42 ,$27.42 ,304227918,
9/17/23,1220,34987,3,rego,194041,"CASTER STEEL 2"" SWIVEL",1,$6.93 ,HARDWARE,BUILDER'S HARDWARE,CASTER/GLIDES,$0.00 ,,$0.00 ,$6.93 ,$6.93 ,203672166,
9/17/23,1220,34987,3,rego,441317,2X4-8 GD FIR,1,$4.25 ,LUMBER,DIMENSIONAL LUMBER,AVAILABLE,$0.00 ,,$0.00 ,$4.25 ,$4.25 ,0,
9/17/23,1220,34987,3,rego,441317,2X4-8 GD FIR,1,$4.25 ,LUMBER,DIMENSIONAL LUMBER,AVAILABLE,$0.00 ,,$0.00 ,$4.25 ,$4.25 ,0,
9/17/23,1220,34987,3,rego,194041,"CASTER STEEL 2"" SWIVEL",1,$6.93 ,HARDWARE,BUILDER'S HARDWARE,CASTER/GLIDES,$0.00 ,,$0.00 ,$6.93 ,$6.93 ,203672166,
9/17/23,1220,34987,3,rego,1001512066,ICE MAKER WATER SUPPLY KIT,1,$24.95 ,PLUMBING,PIPE AND FITTINGS,NYLON FITTINGS,$0.00 ,,$0.00 ,$24.95 ,$24.95 ,315856801,
9/17/23,1220,34987,3,rego,441317,2X4-8 GD FIR,1,$4.25 ,LUMBER,DIMENSIONAL LUMBER,AVAILABLE,$0.00 ,,$0.00 ,$4.25 ,$4.25 ,0,
9/17/23,1220,34987,3,rego,194041,"CASTER STEEL 2"" SWIVEL",1,$6.93 ,HARDWARE,BUILDER'S HARDWARE,CASTER/GLIDES,$0.00 ,,$0.00 ,$6.93 ,$6.93 ,203672166,
9/17/23,1220,34987,3,rego,206072,"3/4""X1/2"" BLK ELBOW 90DEG",1,$4.81 ,PLUMBING,PIPE AND FITTINGS,BLACK FITTING,$0.00 ,,$0.00 ,$4.81 ,$4.81 ,100127854,
9/17/23,1220,34987,3,rego,194041,"CASTER STEEL 2"" SWIVEL",1,$6.93 ,HARDWARE,BUILDER'S HARDWARE,CASTER/GLIDES,$0.00 ,,$0.00 ,$6.93 ,$6.93 ,203672166,
9/17/23,1220,4929,19,rego,264133,"1/2"" PEX X 1/2"" MALE ADAPTER",1,($3.27),PLUMBING,PIPE AND FITTINGS,PEX FITTINGS,$0.00 ,,$0.00 ,($3.27),($3.27),301541054,
9/17/23,1220,4929,19,rego,1003116752,3/4IN FIP TEFVX3/4IN FIPX36IN GASCON,1,($33.62),PLUMBING,PIPE AND FITTINGS,GAS CONNECTORS,$0.00 ,,$0.00 ,($33.62),($33.62),304227849,
9/17/23,1220,4929,19,rego,264133,"1/2"" PEX X 1/2"" MALE ADAPTER",1,($3.27),PLUMBING,PIPE AND FITTINGS,PEX FITTINGS,$0.00 ,,$0.00 ,($3.27),($3.27),301541054,
9/16/23,1220,51454,2,rego,1003116752,3/4IN FIP TEFVX3/4IN FIPX36IN GASCON,1,$33.62 ,PLUMBING,PIPE AND FITTINGS,GAS CONNECTORS,$0.00 ,,$0.00 ,$33.62 ,$33.62 ,304227849,
9/16/23,1220,51454,2,rego,264133,"1/2"" PEX X 1/2"" MALE ADAPTER",1,$3.27 ,PLUMBING,PIPE AND FITTINGS,PEX FITTINGS,$0.00 ,,$0.00 ,$3.27 ,$3.27 ,301541054,
9/16/23,1220,51454,2,rego,358006,1/2 POLY BEND SUPPORT W/BRACKET,1,$3.11 ,PLUMBING,PIPE AND FITTINGS,PEX FITTINGS,$0.00 ,,$0.00 ,$3.11 ,$3.11 ,301541126,
9/16/23,1220,51454,2,rego,264133,"1/2"" PEX X 1/2"" MALE ADAPTER",1,$3.27 ,PLUMBING,PIPE AND FITTINGS,PEX FITTINGS,$0.00 ,,$0.00 ,$3.27 ,$3.27 ,301541054,
9/15/23,1220,2270,52,rego,1008438897,8 MD SAUCER,1,$0.87 ,GARDEN/SEASONAL,PLANTERS,PLASTIC,$0.00 ,,$0.00 ,$0.87 ,$0.87 ,0,
9/15/23,1220,2270,52,rego,1005797449,20X30X1 HDX FPR 5 FILTR,1,$5.98 ,PLUMBING,AIR CIRCULATION/ACCES.,PLEATED AIR FILTERS,$0.00 ,,$0.00 ,$5.98 ,$5.98 ,314671387,
9/15/23,1220,2270,52,rego,1000019798,CARLON MGANG NM BOX EXTENDER 2/BG,1,$6.71 ,ELECTRICAL,CONDUIT/BOXES/FITTINGS,PVC BOX/COVERS/ACCESS,$0.00 ,,$0.00 ,$6.71 ,$6.71 ,204222412,
9/15/23,1220,2270,52,rego,1005797449,20X30X1 HDX FPR 5 FILTR,1,$5.98 ,PLUMBING,AIR CIRCULATION/ACCES.,PLEATED AIR FILTERS,$0.00 ,,$0.00 ,$5.98 ,$5.98 ,314671387,
9/15/23,1220,2270,52,rego,1001295099,11/32BOXSPNT,1,$6.97 ,HARDWARE,POWER TOOL ACCESSORIES,TWIST DRILL BITS,$0.00 ,,$0.00 ,$6.97 ,$6.97 ,0,
9/15/23,1220,2270,52,rego,335151,RIDGID HI-EFFCNY FLTR - 5G+ VACS,1,$29.97 ,HARDWARE,WET DRY VACS,VAC FILTERS&ACCESSORIES,$0.00 ,,$0.00 ,$29.97 ,$29.97 ,100075119,
9/15/23,1220,2270,52,rego,1008438897,8 MD SAUCER,1,$0.87 ,GARDEN/SEASONAL,PLANTERS,PLASTIC,$0.00 ,,$0.00 ,$0.87 ,$0.87 ,0,
9/15/23,1220,2270,52,rego,1005797449,20X30X1 HDX FPR 5 FILTR,1,$5.98 ,PLUMBING,AIR CIRCULATION/ACCES.,PLEATED AIR FILTERS,$0.00 ,,$0.00 ,$5.98 ,$5.98 ,314671387,
9/15/23,1220,2270,52,rego,1005797449,20X30X1 HDX FPR 5 FILTR,1,$5.98 ,PLUMBING,AIR CIRCULATION/ACCES.,PLEATED AIR FILTERS,$0.00 ,,$0.00 ,$5.98 ,$5.98 ,314671387,
9/15/23,1220,2270,52,rego,169289,BOX EXTDR,1,$5.83 ,ELECTRICAL,CONDUIT/BOXES/FITTINGS,PVC BOX/COVERS/ACCESS,$0.00 ,,$0.00 ,$5.83 ,$5.83 ,0,
9/15/23,1220,2270,52,rego,1008438897,8 MD SAUCER,1,$0.87 ,GARDEN/SEASONAL,PLANTERS,PLASTIC,$0.00 ,,$0.00 ,$0.87 ,$0.87 ,0,
9/15/23,1220,2270,52,rego,1008438897,8 MD SAUCER,1,$0.87 ,GARDEN/SEASONAL,PLANTERS,PLASTIC,$0.00 ,,$0.00 ,$0.87 ,$0.87 ,0,
9/15/23,1220,2270,52,rego,1007491023,MILESCRAFT DRILLBLOCK+ DRILL GUIDE,1,$13.97 ,HARDWARE,POWER TOOL ACCESSORIES,WOODWORKING,$0.00 ,,$0.00 ,$13.97 ,$13.97 ,319898124,
9/15/23,1220,2270,52,rego,1008438897,8 MD SAUCER,1,$0.87 ,GARDEN/SEASONAL,PLANTERS,PLASTIC,$0.00 ,,$0.00 ,$0.87 ,$0.87 ,0,
9/14/23,1220,26994,11,rego,1005468291,MKE SHOCKWAVE 7PC TITANIUM BIT SET,1,$20.97 ,HARDWARE,POWER TOOL ACCESSORIES,TWIST DRILL BITS,$0.00 ,,($4.00),$16.97 ,$16.97 ,313503989,
9/14/23,1220,26994,11,rego,253204,RIDGID MEDIUM DUST BAG FILT - SIZE B,1,$19.97 ,HARDWARE,WET DRY VACS,VAC FILTERS&ACCESSORIES,$0.00 ,,$0.00 ,$19.97 ,$19.97 ,202066801,
9/14/23,1220,26994,11,rego,796591,OLD WORLD COPPER WALL RAIL BRACKET,1,$5.96 ,MILLWORK,MILLWORK SPECIALTIES,STAIRPARTS,$0.00 ,,$0.00 ,$5.96 ,$5.96 ,202403140,
9/4/23,1220,60823,52,rego,815776,TOMCAT PRESS&SET MOUSE TRAP,1,$6.47 ,GARDEN/SEASONAL,CHEMICALS,RODENT CONTROL,$0.00 ,,$0.00 ,$6.47 ,$6.47 ,205563821,
9/4/23,1220,60823,52,rego,950254,JOINT COMP,1,$21.00 ,BLDG. MATERIALS,GYPSUM,JOINT TREATMENT,$0.00 ,,$0.00 ,$21.00 ,$21.00 ,0,
9/2/23,1220,96253,1,Rego,200144,1 5/8X10TRAK,2,$15.58 ,BLDG. MATERIALS,GYPSUM,METAL STUDS/LATHE,$0.00 ,,$0.00 ,$31.16 ,$15.58 ,0,
9/2/23,1220,96253,1,Rego,200141,15/8X8STUD,4,$9.68 ,BLDG. MATERIALS,GYPSUM,METAL STUDS/LATHE,$0.00 ,,$0.00 ,$38.72 ,$9.68 ,0,
9/2/23,1220,96253,1,Rego,762673,A-ELBOW,1,$4.28 ,BLDG. MATERIALS,ROOFING,METAL GUTTER,$0.00 ,,$0.00 ,$4.28 ,$4.28 ,0,
9/2/23,1220,96253,1,Rego,950254,JOINT COMP,1,$21.00 ,BLDG. MATERIALS,GYPSUM,JOINT TREATMENT,$0.00 ,,$0.00 ,$21.00 ,$21.00 ,0,
9/2/23,1220,96253,1,Rego,193181,FLEX-A-SPOUT EXTENSION - WHITE,1,$8.67 ,BLDG. MATERIALS,ROOFING,GUTTER ACCESSORIES,$0.00 ,,($1.79),$6.88 ,$6.88 ,100057879,
8/31/23,1220,89977,1,rego,160954,1X2X8 FVRR,1,$1.58 ,LUMBER,BOARDS,FURRING,$0.00 ,,$0.00 ,$1.58 ,$1.58 ,0,
8/31/23,1220,89977,1,rego,661619,PROFESSIONAL BUILDER SHIM PK,1,$6.46 ,LUMBER,SHIMS & WOOD SHINGLES,SHIMS,$0.00 ,,$0.00 ,$6.46 ,$6.46 ,301757720,
8/31/23,1220,89977,1,rego,1003308608,VCSTAINQTSPE,1,$12.98 ,PAINT,INTERIOR STAINS & CLEARS,OIL BASED STAINS,$0.00 ,,$0.00 ,$12.98 ,$12.98 ,0,
8/31/23,1220,89977,1,rego,1002748090,HDX NON-SCRATCH SCRUB SPONGE 9PK,1,$8.98 ,GARDEN/SEASONAL,CLEANING,SPONGES/GLOVES,$0.00 ,,$0.00 ,$8.98 ,$8.98 ,303050524,
8/31/23,1220,89977,1,rego,999665,BAG FEE .05,3,$0.05 ,FEES,,,$0.00 ,,$0.00 ,$0.15 ,$0.05 ,0,
8/31/23,1220,89977,1,rego,160954,1X2X8 FVRR,1,$1.58 ,LUMBER,BOARDS,FURRING,$0.00 ,,$0.00 ,$1.58 ,$1.58 ,0,
8/31/23,1220,89977,1,rego,160954,1X2X8 FVRR,1,$1.58 ,LUMBER,BOARDS,FURRING,$0.00 ,,$0.00 ,$1.58 ,$1.58 ,0,
8/31/23,1220,89977,1,rego,1002341333,3M DRYWALL SAND SCREEN 220 GRIT 10PK,1,$16.98 ,PAINT,ABRASIVES,DRYWALL/WET DRY,$0.00 ,,$0.00 ,$16.98 ,$16.98 ,301118039,
8/31/23,1220,89977,1,rego,1002168999,QT RECYC$,1,$0.45 ,FEES,,,$0.00 ,,$0.00 ,$0.45 ,$0.45 ,0,
8/31/23,1220,89977,1,rego,1004682326,ANVIL STIFF SCRAPER 1.5 IN - AWT,1,$7.98 ,PAINT,TOOLS/SAFETY,SCRAPERS,$0.00 ,,$0.00 ,$7.98 ,$7.98 ,309996841,
8/31/23,1220,89977,1,rego,160954,1X2X8 FVRR,1,$1.58 ,LUMBER,BOARDS,FURRING,$0.00 ,,$0.00 ,$1.58 ,$1.58 ,0,
8/29/23,1220,39280,52,rego,131227,5GAL HOMER BUCKET,1,$4.48 ,PAINT,SHEETING/BUCKETS,BUCKET/PAINT PAILS,$0.00 ,,$0.00 ,$4.48 ,$4.48 ,100087613,
8/29/23,1220,39280,52,rego,401986,"1/8"" STRAIGHT RADIATOR VENT VALVE",1,$15.40 ,PLUMBING,AIR CIRCULATION/ACCES.,HYDRONIC/RADIATOR PARTS,$0.00 ,,$0.00 ,$15.40 ,$15.40 ,300904424,
8/29/23,1220,39280,52,rego,103419,CHEESECLOTH,1,$5.60 ,PAINT,SHEETING/BUCKETS,RAGS/CLOTHS/SPONGES,$0.00 ,,$0.00 ,$5.60 ,$5.60 ,202302483,
8/29/23,1220,39280,52,rego,150680,LID,1,$3.48 ,PAINT,SHEETING/BUCKETS,BUCKET/PAINT PAILS,$0.00 ,,$0.00 ,$3.48 ,$3.48 ,0,
8/29/23,1220,39280,52,rego,103419,CHEESECLOTH,1,$5.60 ,PAINT,SHEETING/BUCKETS,RAGS/CLOTHS/SPONGES,$0.00 ,,$0.00 ,$5.60 ,$5.60 ,202302483,
8/29/23,1220,39280,52,rego,150679,2GAL PLASTIC BUCKET,1,$4.98 ,PAINT,SHEETING/BUCKETS,BUCKET/PAINT PAILS,$0.00 ,,$0.00 ,$4.98 ,$4.98 ,202264039,
8/29/23,1220,39280,52,rego,131227,5GAL HOMER BUCKET,1,$4.48 ,PAINT,SHEETING/BUCKETS,BUCKET/PAINT PAILS,$0.00 ,,$0.00 ,$4.48 ,$4.48 ,100087613,
8/29/23,1220,39280,52,rego,1005621294,HDX MICROFIBER RAGS 6PK,1,$5.48 ,PAINT,SHEETING/BUCKETS,RAGS/CLOTHS/SPONGES,$0.00 ,,$0.00 ,$5.48 ,$5.48 ,315648099,
8/29/23,1220,39280,52,rego,459955,RIDGID CAR CLEANING KIT,1,$54.97 ,HARDWARE,WET DRY VACS,,$0.00 ,,$0.00 ,$54.97 ,$54.97 ,100638355,
8/29/23,1220,39280,52,rego,402516,R 3IN1 RADIATR/VALVE REPAIR TOOL,1,$14.62 ,PLUMBING,AIR CIRCULATION/ACCES.,HYDRONIC/RADIATOR PARTS,$0.00 ,,$0.00 ,$14.62 ,$14.62 ,300905737,
8/29/23,1220,39280,52,rego,150679,2GAL PLASTIC BUCKET,1,$4.98 ,PAINT,SHEETING/BUCKETS,BUCKET/PAINT PAILS,$0.00 ,,$0.00 ,$4.98 ,$4.98 ,202264039,
8/29/23,1220,39280,52,rego,150679,2GAL PLASTIC BUCKET,1,$4.98 ,PAINT,SHEETING/BUCKETS,BUCKET/PAINT PAILS,$0.00 ,,$0.00 ,$4.98 ,$4.98 ,202264039,
8/29/23,1220,39280,52,rego,150680,LID,1,$3.48 ,PAINT,SHEETING/BUCKETS,BUCKET/PAINT PAILS,$0.00 ,,$0.00 ,$3.48 ,$3.48 ,0,
8/29/23,1220,39280,52,rego,150680,LID,1,$3.48 ,PAINT,SHEETING/BUCKETS,BUCKET/PAINT PAILS,$0.00 ,,$0.00 ,$3.48 ,$3.48 ,0,
8/29/23,1220,39280,52,rego,1005890327,16FT INDOOR WARM WH LED TAPE LIGHT,1,$11.07 ,ELECTRICAL,LIGHT BULBS,,$0.00 ,,$0.00 ,$11.07 ,$11.07 ,314972843,
8/29/23,1220,39280,52,rego,463684,"RIDGID 1-7/8"" TO 2-1/2"" ADAPTER",1,$11.97 ,HARDWARE,WET DRY VACS,,$0.00 ,,$0.00 ,$11.97 ,$11.97 ,202077239,
8/29/23,1220,39280,52,rego,1009542633,(12 PACK) COTTON TACK CLOTHS 4.5 SQ.,1,$9.98 ,PAINT,SHEETING/BUCKETS,RAGS/CLOTHS/SPONGES,$0.00 ,,$0.00 ,$9.98 ,$9.98 ,325291593,
8/28/23,1220,26687,7,rego,677795,2G WHT DECORA/TOGGLE WALLPLT,1,$2.17 ,ELECTRICAL,WIRING DEVICES,WALL PLATES (COMMODITY),$0.00 ,,$0.00 ,$2.17 ,$2.17 ,100357034,
8/28/23,1220,26687,7,rego,1004870654,HUSKY UNIVERSAL SINK DRAIN WRENCH,1,$15.78 ,PLUMBING,PLUMBING REPAIR & REPLAC,PLUMBING TOOLS,$0.00 ,,$0.00 ,$15.78 ,$15.78 ,311493704,
8/28/23,1220,26687,7,rego,1009220915,HANDY BOX COVER BLANK,1,$0.98 ,ELECTRICAL,CONDUIT/BOXES/FITTINGS,METAL BOXES/COVERS/ACCES,$0.00 ,,$0.00 ,$0.98 ,$0.98 ,324490041,
8/28/23,1220,26687,7,rego,1009220915,HANDY BOX COVER BLANK,1,$0.98 ,ELECTRICAL,CONDUIT/BOXES/FITTINGS,METAL BOXES/COVERS/ACCES,$0.00 ,,$0.00 ,$0.98 ,$0.98 ,324490041,
8/28/23,1220,26687,7,rego,1009220915,HANDY BOX COVER BLANK,1,$0.98 ,ELECTRICAL,CONDUIT/BOXES/FITTINGS,METAL BOXES/COVERS/ACCES,$0.00 ,,$0.00 ,$0.98 ,$0.98 ,324490041,
8/28/23,1220,26687,7,rego,796591,OLD WORLD COPPER WALL RAIL BRACKET,1,$5.96 ,MILLWORK,MILLWORK SPECIALTIES,STAIRPARTS,$0.00 ,,$0.00 ,$5.96 ,$5.96 ,202403140,
8/28/23,1220,26687,7,rego,1003002881,HUSKY ADJUSTABLE PLUMBERS WRENCH,1,$14.97 ,PLUMBING,PLUMBING REPAIR & REPLAC,PLUMBING TOOLS,$0.00 ,,$0.00 ,$14.97 ,$14.97 ,304217578,
8/28/23,1220,26687,7,rego,622896,HEMRAL6042,16,$4.58 ,MILLWORK,MILLWORK SPECIALTIES,STAIRPARTS,$0.00 ,,$0.00 ,$73.28 ,$4.58 ,0,
8/28/23,1220,26687,7,rego,402001,"1/8"" IPS ADJ STEAM RADIATOR VALVE",1,$15.58 ,PLUMBING,AIR CIRCULATION/ACCES.,HYDRONIC/RADIATOR PARTS,$0.00 ,,$0.00 ,$15.58 ,$15.58 ,300904454,
8/28/23,6120,22156,36,REGO,194710,"9""X180' BROWN MASKING PAPER",1,$4.37 ,PAINT,SHEETING/BUCKETS,DROP CLOTHS-PAPER/POLY,$0.00 ,,$0.00 ,$4.37 ,$4.37 ,202040754,
8/28/23,6120,22156,36,REGO,518867,VICTOR MOUSE TRAP,1,$6.97 ,GARDEN/SEASONAL,CHEMICALS,RODENT CONTROL,$0.00 ,,$0.00 ,$6.97 ,$6.97 ,202668291,
8/28/23,6120,22156,36,REGO,1006465750,AMP K&B 9 OZ WHITE,1,$9.98 ,PAINT,CAULKS,HYBRID K&B,$0.00 ,,$0.00 ,$9.98 ,$9.98 ,316997383,
8/28/23,6120,22156,36,REGO,250905,BEHR PPI CEILING PAINT 558 32OZ,1,$14.98 ,PAINT,INTERIOR PAINT,QUARTS & SMALLER SIZES,$0.00 ,,$0.00 ,$14.98 ,$14.98 ,100178852,
8/28/23,6120,22156,36,REGO,194710,"9""X180' BROWN MASKING PAPER",1,$4.37 ,PAINT,SHEETING/BUCKETS,DROP CLOTHS-PAPER/POLY,$0.00 ,,$0.00 ,$4.37 ,$4.37 ,202040754,
8/28/23,6120,22156,36,REGO,532953,GREAT STUFF PRO GAPS & CRACKS 24 OZ,1,$13.97 ,BLDG. MATERIALS,INSULATION,FOAM,$0.00 ,,$0.00 ,$13.97 ,$13.97 ,202892471,
8/28/23,6120,22156,36,REGO,405044,BASE WPSM12,12,$3.97 ,MILLWORK,MOULDINGS,PRIMED FINGERJOINT,$0.00 ,,$0.00 ,$47.64 ,$3.97 ,0,
8/28/23,6120,22156,36,REGO,1002169001,GL Recy$,1,$1.95 ,FEES,,,$0.00 ,,$0.00 ,$1.95 ,$1.95 ,0,
8/28/23,6120,22156,36,REGO,462910,EZ SAND 20,1,$12.38 ,BLDG. MATERIALS,GYPSUM,JOINT TREATMENT,$0.00 ,,$0.00 ,$12.38 ,$12.38 ,0,
8/28/23,6120,22156,36,REGO,518867,VICTOR MOUSE TRAP,1,$6.97 ,GARDEN/SEASONAL,CHEMICALS,RODENT CONTROL,$0.00 ,,$0.00 ,$6.97 ,$6.97 ,202668291,
8/28/23,6120,22156,36,REGO,1002168999,QT RECYC$,1,$0.45 ,FEES,,,$0.00 ,,$0.00 ,$0.45 ,$0.45 ,0,
8/28/23,6120,22156,36,REGO,893749,4X8 ULTRALIT,2,$13.80 ,BLDG. MATERIALS,GYPSUM,BOARD,$0.00 ,,$0.00 ,$27.60 ,$13.80 ,0,
8/28/23,6120,22156,36,REGO,643378,GLID PREM INT SATIN PURE WHT 4.8GAL,1,$112.00 ,PAINT,INTERIOR PAINT,GLIDDEN PREMIUM,$0.00 ,,$0.00 ,$112.00 ,$112.00 ,206755800,
8/28/23,6120,22156,36,REGO,1006059908,3PC GROUT AND TILE SET,1,$25.00 ,HARDWARE,POWER TOOL ACCESSORIES,OSCILLATING ACCESSORIES,$0.00 ,,$0.00 ,$25.00 ,$25.00 ,315677534,
8/27/23,1220,25291,7,rego,186275,CANDY,1,$2.48 ,GARDEN/SEASONAL,CONVENIENCE,CANDY/COOKIES,$0.00 ,,$0.00 ,$2.48 ,$2.48 ,0,
8/27/23,1220,25291,7,rego,1005858360,QEP LASH TILE LEVEL PROJECT PK 200PK,1,$20.67 ,WALL&FLOOR COVER.,FLOORING TOOLS & MATERIA,TOOLS,$0.00 ,,$0.00 ,$20.67 ,$20.67 ,314956144,
8/27/23,1220,25291,7,rego,1004771661,QEP GROUT REMOVAL TOOL,1,$13.67 ,WALL&FLOOR COVER.,FLOORING TOOLS & MATERIA,TOOLS,$0.00 ,,$0.00 ,$13.67 ,$13.67 ,311331831,
8/27/23,1220,25291,7,rego,1006362173,WEEKENDER BE,1,$12.06 ,WALL&FLOOR COVER.,FLOOR AND WALL TILE,MOSAIC,$0.00 ,,($2.48),$9.58 ,$9.58 ,0,
8/27/23,1220,25291,7,rego,1008192642,1/16 HRD SPC,1,$14.97 ,WALL&FLOOR COVER.,FLOORING TOOLS & MATERIA,TOOLS,$0.00 ,,$0.00 ,$14.97 ,$14.97 ,0,
8/27/23,1220,25291,7,rego,1006362173,WEEKENDER BE,1,$12.06 ,WALL&FLOOR COVER.,FLOOR AND WALL TILE,MOSAIC,$0.00 ,,$0.00 ,$12.06 ,$12.06 ,0,
8/27/23,1220,25291,7,rego,1006362173,WEEKENDER BE,1,$12.06 ,WALL&FLOOR COVER.,FLOOR AND WALL TILE,MOSAIC,$0.00 ,,$0.00 ,$12.06 ,$12.06 ,0,
8/27/23,1220,75984,1,rego,1007754880,HDX SPRAY BOTTLE 32OZ,1,$2.68 ,GARDEN/SEASONAL,CLEANING,CLEANING CHEMICALS,$0.00 ,,$0.00 ,$2.68 ,$2.68 ,320063601,
8/27/23,1220,75984,1,rego,390814,HDX TERRY TOWELS 20PK,1,$15.98 ,GARDEN/SEASONAL,CLEANING,SPONGES/GLOVES,$0.00 ,,$0.00 ,$15.98 ,$15.98 ,203191792,
8/27/23,1220,75984,1,rego,1003406664,SPRAYWAY GLASS FOAM AERO 23OZ,1,$3.68 ,GARDEN/SEASONAL,CLEANING,CLEANING CHEMICALS,$0.00 ,,$0.00 ,$3.68 ,$3.68 ,305667042,
8/27/23,1220,75984,1,rego,1004680908,DLXWNDWSCRPR,1,$4.98 ,PAINT,TOOLS/SAFETY,RAZORS,$0.00 ,,$0.00 ,$4.98 ,$4.98 ,0,
8/27/23,1220,75984,1,rego,1005486155,VPC SPRAY,1,$3.48 ,GARDEN/SEASONAL,CLEANING,CLEANING CHEMICALS,$0.00 ,,$0.00 ,$3.48 ,$3.48 ,0,
8/27/23,1220,75984,1,rego,1004319790,HARRIS VINEGAR CONCENTRATED-30 128OZ,1,$21.97 ,GARDEN/SEASONAL,CLEANING,CLEANING CHEMICALS,$0.00 ,,$0.00 ,$21.97 ,$21.97 ,309463051,
8/27/23,1220,75984,1,rego,1005417433,POLYBLEND PLUS #640 ARCTIC WHITE 10,1,$15.58 ,WALL&FLOOR COVER.,FLOORING TOOLS & MATERIA,GROUT,$0.00 ,,$0.00 ,$15.58 ,$15.58 ,313027413,
8/26/23,1220,54263,9,rego,258725,4.5GAL JTCOM,1,$21.00 ,BLDG. MATERIALS,GYPSUM,JOINT TREATMENT,$0.00 ,,$0.00 ,$21.00 ,$21.00 ,0,
8/26/23,1220,54263,9,rego,124080,SURFACEGARD PENETRATING SEALER 1GAL,1,$136.00 ,WALL&FLOOR COVER.,FLOORING TOOLS & MATERIA,CLEANERS AND SEALERS,$0.00 ,,$0.00 ,$136.00 ,$136.00 ,100075258,
8/26/23,1220,54263,9,rego,531131,TITEBOND III ULTIMATE WOOD GLUE 1GAL,1,$38.98 ,PAINT,ADHESIVES,WOOD GLUES,$0.00 ,,$0.00 ,$38.98 ,$38.98 ,203239537,
8/26/23,1220,54263,9,rego,1003317976,HIPREWDFILLR,1,$18.98 ,PAINT,INTERIOR STAINS & CLEARS,WOODFILLERS,$0.00 ,,$0.00 ,$18.98 ,$18.98 ,0,
8/26/23,1220,54263,9,rego,487080,MAESTRO 2A WH OCC. SEN. SWITCH - CM,1,$20.77 ,ELECTRICAL,WIRING DEVICES,LIGHTING CONTROLS,$0.00 ,,$0.00 ,$20.77 ,$20.77 ,203202128,
8/26/23,1220,54263,9,rego,1008192644,1/8 HRD SPCR,1,$12.98 ,WALL&FLOOR COVER.,FLOORING TOOLS & MATERIA,TOOLS,$0.00 ,,$0.00 ,$12.98 ,$12.98 ,0,
8/23/23,1255,64288,9,rego,1004771635,"QEP 4""X10.5"" GUM RUBBER GROUT FLOAT",1,$14.97 ,WALL&FLOOR COVER.,FLOORING TOOLS & MATERIA,TOOLS,$0.00 ,,$0.00 ,$14.97 ,$14.97 ,310829257,
8/23/23,1255,64288,9,rego,1002419401,"BACKER-ON SCREW 9X1-5/8"" 140PK",1,$12.58 ,HARDWARE,FASTENERS,DRYWALL SCREWS,$0.00 ,,$0.00 ,$12.58 ,$12.58 ,300658711,
8/23/23,1255,64288,9,rego,1002277403,ANVIL 9 X 4-IN COARSE RUBBER FLOAT,1,$9.88 ,BLDG. MATERIALS,CONCRETE,TOOLS,$0.00 ,,$0.00 ,$9.88 ,$9.88 ,300960727,
8/23/23,1255,64288,9,rego,1004771640,"QEP 4"" X 9.5"" UNIVERSAL GROUT FLOAT",1,$22.87 ,WALL&FLOOR COVER.,FLOORING TOOLS & MATERIA,TOOLS,$0.00 ,,$0.00 ,$22.87 ,$22.87 ,310829311,
8/23/23,1255,64288,9,rego,266050,5GAL SREW TOP LID,1,$8.78 ,PAINT,SHEETING/BUCKETS,BUCKET/PAINT PAILS,$0.00 ,,$0.00 ,$8.78 ,$8.78 ,303808738,
8/23/23,1255,64288,9,rego,1004797423,"QEP 1/4"" X 3/16"" V NCH TRDNL TROWEL",1,$12.57 ,WALL&FLOOR COVER.,FLOORING TOOLS & MATERIA,TOOLS,$0.00 ,,$0.00 ,$12.57 ,$12.57 ,310848886,
8/23/23,1255,64288,9,rego,1005391199,"30"" 1PNL SLA",1,$180.00 ,MILLWORK,INTERIOR DOORS,STILE & RAIL SLABS,$0.00 ,,$0.00 ,$180.00 ,$180.00 ,0,
8/23/23,1255,64288,9,rego,266050,5GAL SREW TOP LID,1,$8.78 ,PAINT,SHEETING/BUCKETS,BUCKET/PAINT PAILS,$0.00 ,,$0.00 ,$8.78 ,$8.78 ,303808738,
8/23/23,1255,64288,9,rego,266050,5GAL SREW TOP LID,1,$8.78 ,PAINT,SHEETING/BUCKETS,BUCKET/PAINT PAILS,$0.00 ,,$0.00 ,$8.78 ,$8.78 ,303808738,
8/22/23,8119,13431,15,rego,1009946020,24 IN. W X 18 IN. D X 32 IN. H MODER,1,$259.00 ,KIT/BATH,VANITIES,VANITY COMBOS,$0.00 ,,$0.00 ,$259.00 ,$259.00 ,326179873,Jessie Gibson
8/22/23,1220,59160,1,regl,711812,MLDGPK 5PCS,1,$34.98 ,MILLWORK,MOULDINGS,PRIMED FINGERJOINT,$0.00 ,,$0.00 ,$34.98 ,$34.98 ,0,
8/22/23,1220,59160,1,regl,1008498814,RINSECLEAN SPIN MOP REFILL 2 PACK,1,$17.97 ,GARDEN/SEASONAL,CLEANING,MOPS,$0.00 ,,$0.00 ,$17.97 ,$17.97 ,322401463,
8/22/23,1220,59160,1,regl,796591,OLD WORLD COPPER WALL RAIL BRACKET,1,$5.96 ,MILLWORK,MILLWORK SPECIALTIES,STAIRPARTS,$0.00 ,,$0.00 ,$5.96 ,$5.96 ,202403140,
8/22/23,1220,59160,1,regl,796591,OLD WORLD COPPER WALL RAIL BRACKET,1,$5.96 ,MILLWORK,MILLWORK SPECIALTIES,STAIRPARTS,$0.00 ,,$0.00 ,$5.96 ,$5.96 ,202403140,
8/22/23,1220,59160,1,regl,646284,E-Z SAND 90,1,$12.38 ,BLDG. MATERIALS,GYPSUM,JOINT TREATMENT,$0.00 ,,$0.00 ,$12.38 ,$12.38 ,0,
8/22/23,1220,59160,1,regl,646284,E-Z SAND 90,1,$12.38 ,BLDG. MATERIALS,GYPSUM,JOINT TREATMENT,$0.00 ,,$0.00 ,$12.38 ,$12.38 ,0,
8/22/23,1220,59160,1,regl,622533,FLAT BLACK STEEL WALL RAIL BRACKET,1,$5.98 ,MILLWORK,MILLWORK SPECIALTIES,STAIRPARTS,$0.00 ,,$0.00 ,$5.98 ,$5.98 ,202088524,
8/22/23,1220,59160,1,regl,796591,OLD WORLD COPPER WALL RAIL BRACKET,1,$5.96 ,MILLWORK,MILLWORK SPECIALTIES,STAIRPARTS,$0.00 ,,$0.00 ,$5.96 ,$5.96 ,202403140,
8/20/23,1220,33689,9,rego,1006362173,WEEKENDER BE,9,$12.74 ,WALL&FLOOR COVER.,FLOOR AND WALL TILE,MOSAIC,$0.00 ,,$0.00 ,$114.66 ,$12.74 ,0,
8/20/23,1220,36176,20,rego,1006362173,WEEKENDER BE,30,($16.99),WALL&FLOOR COVER.,FLOOR AND WALL TILE,MOSAIC,$0.00 ,,$0.00 ,($509.70),($16.99),0,
8/20/23,1220,33671,9,,1006362173,WEEKENDER BE,20,$12.74 ,WALL&FLOOR COVER.,FLOOR AND WALL TILE,MOSAIC,$0.00 ,,$0.00 ,$254.80 ,$12.74 ,0,
8/19/23,6120,14470,1,rego,1006362173,WEEKENDER BE,30,$16.99 ,WALL&FLOOR COVER.,FLOOR AND WALL TILE,MOSAIC,$0.00 ,,$0.00 ,$509.70 ,$16.99 ,0,
8/19/23,6120,14470,1,rego,1003186566,HUSKY 13-POCKET LARGE UTILITY POUCH,1,$27.98 ,HARDWARE,STORAGE DEVICES,POUCHES/BELTS,$0.00 ,,$0.00 ,$27.98 ,$27.98 ,304021671,
8/19/23,6120,14470,1,rego,1002286293,MKE SHOCKWAVE 45PC IMPACT BIT SET,1,$26.97 ,HARDWARE,POWER TOOL ACCESSORIES,SCREWDRIVING DRILL BITS,$0.00 ,,($7.00),$19.97 ,$19.97 ,301024184,
8/19/23,6120,14470,1,rego,702068,DITRA  UNCOUPLING MEMBRANE-54SF,1,$134.00 ,WALL&FLOOR COVER.,FLOORING TOOLS & MATERIA,TILE SURFACE PREPARATION,$0.00 ,,$0.00 ,$134.00 ,$134.00 ,100143471,
8/19/23,6120,14470,1,rego,1006547699,MKE RASPING JAB SAW,1,$9.97 ,HARDWARE,HAND TOOLS,CUTTING TOOLS,$0.00 ,,$0.00 ,$9.97 ,$9.97 ,317478252,
8/19/23,6120,14470,1,rego,1004215353,HSKY 9-IN-1 MULTIPURPOSE TOOL,1,$7.98 ,BLDG. MATERIALS,GYPSUM,TOOLS,$0.00 ,,$0.00 ,$7.98 ,$7.98 ,316305575,
8/17/23,1220,55957,51,rego,1009220895,"4""SQUARE BOX X 2-1/8"" DEEP W/TS BRKT",1,$5.81 ,ELECTRICAL,CONDUIT/BOXES/FITTINGS,METAL BOXES/COVERS/ACCES,$0.00 ,,$0.00 ,$5.81 ,$5.81 ,326301078,
8/17/23,1220,55957,51,rego,1009250313,SB 2.75 DNM GANG EARS,1,$4.23 ,ELECTRICAL,CONDUIT/BOXES/FITTINGS,METAL BOXES/COVERS/ACCES,$0.00 ,,$0.00 ,$4.23 ,$4.23 ,324652465,
8/17/23,1220,55957,51,rego,1009220904,OCT FLT CVR,1,$1.30 ,ELECTRICAL,CONDUIT/BOXES/FITTINGS,METAL BOXES/COVERS/ACCES,$0.00 ,,$0.00 ,$1.30 ,$1.30 ,0,
8/17/23,1220,55957,51,rego,1009220919,2-1/2D OCTBX,1,$3.58 ,ELECTRICAL,CONDUIT/BOXES/FITTINGS,METAL BOXES/COVERS/ACCES,$0.00 ,,$0.00 ,$3.58 ,$3.58 ,0,
8/17/23,1220,55957,51,rego,1009250936,4 IN SQ 1/2 AND 3/4 IN KO MSB,1,$9.72 ,ELECTRICAL,CONDUIT/BOXES/FITTINGS,METAL BOXES/COVERS/ACCES,$0.00 ,,$0.00 ,$9.72 ,$9.72 ,324652435,
8/17/23,1220,55957,51,rego,1009220904,OCT FLT CVR,1,$1.30 ,ELECTRICAL,CONDUIT/BOXES/FITTINGS,METAL BOXES/COVERS/ACCES,$0.00 ,,$0.00 ,$1.30 ,$1.30 ,0,
8/17/23,1220,55957,51,rego,1009220919,2-1/2D OCTBX,1,$3.58 ,ELECTRICAL,CONDUIT/BOXES/FITTINGS,METAL BOXES/COVERS/ACCES,$0.00 ,,$0.00 ,$3.58 ,$3.58 ,0,
8/17/23,1220,55957,51,rego,440942,SCOTCH 35 ELECTRICAL TAPE WHITE 1PK,1,$7.68 ,ELECTRICAL,TOOLS & ACCESSORIES,LUBES/PROPELLANTS/TAPES,$0.00 ,,$0.00 ,$7.68 ,$7.68 ,304653652,
8/17/23,1220,55957,51,rego,1009250313,SB 2.75 DNM GANG EARS,1,$4.23 ,ELECTRICAL,CONDUIT/BOXES/FITTINGS,METAL BOXES/COVERS/ACCES,$0.00 ,,$0.00 ,$4.23 ,$4.23 ,324652465,
8/17/23,1220,55957,51,rego,1009250313,SB 2.75 DNM GANG EARS,1,$4.23 ,ELECTRICAL,CONDUIT/BOXES/FITTINGS,METAL BOXES/COVERS/ACCES,$0.00 ,,$0.00 ,$4.23 ,$4.23 ,324652465,
8/17/23,1220,54265,51,rego,1003406664,SPRAYWAY GLASS FOAM AERO 23OZ,1,$3.68 ,GARDEN/SEASONAL,CLEANING,CLEANING CHEMICALS,$0.00 ,,$0.00 ,$3.68 ,$3.68 ,305667042,
8/17/23,1220,54265,51,rego,883572,412 CASING,32,$2.64 ,MILLWORK,MOULDINGS,PRIMED FINGERJOINT,$0.00 ,,$0.00 ,$84.48 ,$2.64 ,0,
8/13/23,6120,95321,1,rego,1003005279,HUSKY TUB DRAIN WRENCH,1,$11.97 ,PLUMBING,PLUMBING REPAIR & REPLAC,PLUMBING TOOLS,$0.00 ,,$0.00 ,$11.97 ,$11.97 ,304217585,
8/13/23,6120,95321,1,rego,894907,"3/4"" MHT X 1/2"" FIP ADAPTER BRASS",1,$5.25 ,PLUMBING,PIPE AND FITTINGS,BRASS FITTINGS,$0.00 ,,$0.00 ,$5.25 ,$5.25 ,300096291,
8/13/23,6120,95321,1,rego,810871,"3/4"" FHT X 1/2"" FIP ADAPTER BRASS",1,$9.65 ,PLUMBING,PIPE AND FITTINGS,BRASS FITTINGS,$0.00 ,,$0.00 ,$9.65 ,$9.65 ,300095984,
8/12/23,6120,93177,1,rego,1004334303,WIFI BORESCOPE INSPECTION CAMERA,1,$99.98 ,ELECTRICAL,TOOLS & ACCESSORIES,ELECTRIC TOOLS,$0.00 ,,$0.00 ,$99.98 ,$99.98 ,309346140,
8/12/23,6120,93177,1,rego,617110,"7"" KD TILE SAW BLADE (DIAMOND)",1,$34.65 ,WALL&FLOOR COVER.,FLOORING TOOLS & MATERIA,TILE CUTTERS & WET SAWS,$0.00 ,,$0.00 ,$34.65 ,$34.65 ,100577077,
8/12/23,6120,93177,1,rego,524694,"MILWAUKEE 3/8"" HOLE SAW ARBOR SHANK",1,$10.97 ,HARDWARE,POWER TOOL ACCESSORIES,HOLESAWS,$0.00 ,,$0.00 ,$10.97 ,$10.97 ,100008974,
8/12/23,6120,93177,1,rego,396326,"3/8""X3/8""X12"" BRAID FCT SUPPLY LINE",1,$6.26 ,PLUMBING,PIPE AND FITTINGS,VALVE & SUPPLY LINES,$0.00 ,,$0.00 ,$6.26 ,$6.26 ,100171016,
8/12/23,6120,93177,1,rego,1004758028,ANVIL 1/4X3/8X1/4 SQ NCH ECON TROWEL,1,$6.87 ,WALL&FLOOR COVER.,FLOORING TOOLS & MATERIA,TOOLS,$0.00 ,,$0.00 ,$6.87 ,$6.87 ,310779425,
8/12/23,6120,93177,1,rego,1004758131,"ANVIL 3/16X5/32"" V NOTCH ECON TROWEL",1,$6.87 ,WALL&FLOOR COVER.,FLOORING TOOLS & MATERIA,TOOLS,$0.00 ,,$0.00 ,$6.87 ,$6.87 ,310779434,
8/12/23,6120,93177,1,rego,610062,ACRYLPRO TILE ADHESIVE 1GAL,1,$22.00 ,WALL&FLOOR COVER.,FLOORING TOOLS & MATERIA,ADHESIVES,$0.00 ,,$0.00 ,$22.00 ,$22.00 ,100015587,
8/12/23,6120,93177,1,rego,396326,"3/8""X3/8""X12"" BRAID FCT SUPPLY LINE",1,$6.26 ,PLUMBING,PIPE AND FITTINGS,VALVE & SUPPLY LINES,$0.00 ,,$0.00 ,$6.26 ,$6.26 ,100171016,
8/12/23,6120,93177,1,rego,867678,"3/4"" MHT X 1/2"" MIP ADAPTER BRASS",1,$6.05 ,PLUMBING,PIPE AND FITTINGS,BRASS FITTINGS,$0.00 ,,$0.00 ,$6.05 ,$6.05 ,207176334,
8/11/23,1220,69911,11,rego,217886,20 OZ. WATER,1,$2.28 ,GARDEN/SEASONAL,CONVENIENCE,BEVERAGES,$0.00 ,,$0.00 ,$2.28 ,$2.28 ,0,
8/11/23,1220,69911,11,rego,1008320451,POLYBLEND PLUS #381 BRIGHT WHITE 1 L,1,$6.37 ,WALL&FLOOR COVER.,FLOORING TOOLS & MATERIA,GROUT,$0.00 ,,$0.00 ,$6.37 ,$6.37 ,321398556,
8/11/23,1220,69911,11,rego,1007132999,THE PINK STUFF 17.6OZ,1,$5.97 ,GARDEN/SEASONAL,CLEANING,CLEANING CHEMICALS,$0.00 ,,$0.00 ,$5.97 ,$5.97 ,319906291,
8/11/23,1220,69911,11,rego,999867,BEV DEP 0.05,1,$0.05 ,FEES,,,$0.00 ,,$0.00 ,$0.05 ,$0.05 ,0,
8/11/23,1220,69911,11,rego,314830,#381 BRT WHITE SANDED CAULK 10.5OZ,1,$11.97 ,WALL&FLOOR COVER.,FLOORING TOOLS & MATERIA,GROUT,$0.00 ,,$0.00 ,$11.97 ,$11.97 ,202520295,
8/11/23,1220,69911,11,rego,1000045230,"RYOBI 7"" TABLETOP TILE SAW",1,$159.00 ,WALL&FLOOR COVER.,FLOORING TOOLS & MATERIA,TILE CUTTERS & WET SAWS,$0.00 ,,($40.00),$119.00 ,$119.00 ,205049842,
8/11/23,1220,69911,11,rego,1007132999,THE PINK STUFF 17.6OZ,1,$5.97 ,GARDEN/SEASONAL,CLEANING,CLEANING CHEMICALS,$0.00 ,,$0.00 ,$5.97 ,$5.97 ,319906291,
8/11/23,1220,69911,11,rego,1004683757,9 IN. COMPOUND TILE NIPPER WITH TUNG,1,$28.67 ,WALL&FLOOR COVER.,FLOORING TOOLS & MATERIA,TOOLS,$0.00 ,,$0.00 ,$28.67 ,$28.67 ,311173704,
8/11/23,1220,69911,11,rego,719963,ULTRASAC 42G XTRA CONTRCTR BAG 50PK,1,$29.97 ,GARDEN/SEASONAL,CLEANING,TRASH BAGS,$0.00 ,,$0.00 ,$29.97 ,$29.97 ,100127524,
8/11/23,1220,69911,11,rego,1008320451,POLYBLEND PLUS #381 BRIGHT WHITE 1 L,1,$6.37 ,WALL&FLOOR COVER.,FLOORING TOOLS & MATERIA,GROUT,$0.00 ,,$0.00 ,$6.37 ,$6.37 ,321398556,
8/11/23,1220,69911,11,rego,1008320451,POLYBLEND PLUS #381 BRIGHT WHITE 1 L,1,$6.37 ,WALL&FLOOR COVER.,FLOORING TOOLS & MATERIA,GROUT,$0.00 ,,$0.00 ,$6.37 ,$6.37 ,321398556,
8/11/23,1220,56167,53,rego,1007458636,RYB BUFFING & POLISH DRILL SET 4PC,1,$15.97 ,HARDWARE,POWER TOOL ACCESSORIES,ABRASIVES,$0.00 ,,$0.00 ,$15.97 ,$15.97 ,319700948,
8/11/23,1220,56167,53,rego,1005655393,5QT ORG,1,$4.48 ,PAINT,SHEETING/BUCKETS,BUCKET/PAINT PAILS,$0.00 ,,$0.00 ,$4.48 ,$4.48 ,0,
8/11/23,1220,56167,53,rego,1003540153,4FT LED WLWR,1,$49.97 ,ELECTRICAL,COMMERCIAL & INDUSTRIAL,WRAPS,$0.00 ,,$0.00 ,$49.97 ,$49.97 ,306242227,
8/11/23,1220,56167,53,rego,284289,MOSQ DUNKS,1,$10.47 ,GARDEN/SEASONAL,CHEMICALS,AREA MOSQUITO CONTROL,$0.00 ,,$0.00 ,$10.47 ,$10.47 ,0,
8/11/23,1220,56167,53,rego,312080,CUTTER BACKYD BUG CONTROL SPRAY 32OZ,1,$11.97 ,GARDEN/SEASONAL,CHEMICALS,AREA MOSQUITO CONTROL,$0.00 ,,$0.00 ,$11.97 ,$11.97 ,100211822,
8/11/23,1220,56167,53,rego,1003079253,CE 1X2 EDGE-LIT COLOR SELECTABLE WHT,1,$49.88 ,ELECTRICAL,COMMERCIAL & INDUSTRIAL,TROFFERS,$0.00 ,,$0.00 ,$49.88 ,$49.88 ,304258316,
8/11/23,1220,56167,53,rego,273504,THERMACELL REFILLS 4CT (R-4),1,$21.97 ,GARDEN/SEASONAL,CHEMICALS,AREA MOSQUITO CONTROL,$0.00 ,,$0.00 ,$21.97 ,$21.97 ,301879662,
8/11/23,1220,56167,53,rego,1005659286,"HINGESCREW, #9X1""& #9X2.25""_SB_21PK",1,$1.27 ,HARDWARE,BUILDER'S HARDWARE,DOOR HDWRE & HINGES,$0.00 ,,$0.00 ,$1.27 ,$1.27 ,314151809,
8/11/23,1220,56167,53,rego,1005659288,"HINGESCREW, #9X1""& #9X2.25""_ORB_21PK",1,$1.27 ,HARDWARE,BUILDER'S HARDWARE,DOOR HDWRE & HINGES,$0.00 ,,$0.00 ,$1.27 ,$1.27 ,314151694,
8/11/23,1220,56167,53,rego,645641,10 QT HDX ALL PURP MIXING CONTAINER,1,$5.98 ,PAINT,SHEETING/BUCKETS,BUCKET/PAINT PAILS,$0.00 ,,$0.00 ,$5.98 ,$5.98 ,301204141,
8/10/23,1220,17648,20,rego,738720,16' ALUM EXTENSION LADDER TII 225LB,1,($159.00),BLDG. MATERIALS,LADDERS,ALUMINUM EXTENSION,$0.00 ,,$0.00 ,($159.00),($159.00),100659881,
8/10/23,1220,17648,20,rego,1004784934,"1/2""X100' AQUA JOE FIBERJACKET HOSE",1,($44.98),GARDEN/SEASONAL,WATERING,HOSE,$0.00 ,,$0.00 ,($44.98),($44.98),311519581,
8/8/23,1220,51380,11,,153258,"HS TUBING, 1/4"" - 1/8"", BLACK, 3""",1,$3.98 ,ELECTRICAL,TOOLS & ACCESSORIES,HEAT SHRINK,$0.00 ,,$0.00 ,$3.98 ,$3.98 ,311129143,
8/8/23,1220,51380,11,,614354,15A WHT 3-WAY TOGGLE SWITCH,1,$2.37 ,ELECTRICAL,WIRING DEVICES,SWITCHES,$0.00 ,,$0.00 ,$2.37 ,$2.37 ,100356976,
8/8/23,1220,51380,11,,153258,"HS TUBING, 1/4"" - 1/8"", BLACK, 3""",1,$3.98 ,ELECTRICAL,TOOLS & ACCESSORIES,HEAT SHRINK,$0.00 ,,$0.00 ,$3.98 ,$3.98 ,311129143,
8/8/23,1220,51380,11,,153258,"HS TUBING, 1/4"" - 1/8"", BLACK, 3""",1,$3.98 ,ELECTRICAL,TOOLS & ACCESSORIES,HEAT SHRINK,$0.00 ,,$0.00 ,$3.98 ,$3.98 ,311129143,
8/8/23,1220,51380,11,,549130,"PC 15GA 2-1/2"" BRT DA ANG FIN 1M",1,$33.78 ,HARDWARE,PNEUMATIC FASTENERS,FINISH NAILS/STAPLES,$0.00 ,,$0.00 ,$33.78 ,$33.78 ,202280164,
8/8/23,1220,51380,11,,1002748213,CE WINGED WIRE CONNCTORS-GREEN-15 P,1,$3.98 ,ELECTRICAL,TOOLS & ACCESSORIES,WIRE CONNECTORS,$0.00 ,,$0.00 ,$3.98 ,$3.98 ,302686281,
8/8/23,1220,51380,11,,1002748446,CE STANDARD WIRE CONCTRS-YELOW-30 PK,1,$4.98 ,ELECTRICAL,TOOLS & ACCESSORIES,WIRE CONNECTORS,$0.00 ,,$0.00 ,$4.98 ,$4.98 ,302686279,
8/8/23,1220,51380,11,,153520,"HS TUBING, 1/4"" - 1/8"", WHITE, 3""",1,$3.63 ,ELECTRICAL,TOOLS & ACCESSORIES,HEAT SHRINK,$0.00 ,,$0.00 ,$3.63 ,$3.63 ,311129124,
8/8/23,1220,51380,11,,614354,15A WHT 3-WAY TOGGLE SWITCH,1,$2.37 ,ELECTRICAL,WIRING DEVICES,SWITCHES,$0.00 ,,$0.00 ,$2.37 ,$2.37 ,100356976,
8/8/23,1220,51380,11,,654840,14OZ PLUMBERS PUTTY STA-PUT,1,$2.13 ,PLUMBING,PIPE AND FITTINGS,PIPE CHEMICALS,$0.00 ,,$0.00 ,$2.13 ,$2.13 ,100184697,
8/8/23,1220,51380,11,,153258,"HS TUBING, 1/4"" - 1/8"", BLACK, 3""",1,$3.98 ,ELECTRICAL,TOOLS & ACCESSORIES,HEAT SHRINK,$0.00 ,,$0.00 ,$3.98 ,$3.98 ,311129143,
8/8/23,1220,51380,11,,1002748440,CE STANDARD WIRE CONCTRS-ORNGE-30 PK,1,$4.98 ,ELECTRICAL,TOOLS & ACCESSORIES,WIRE CONNECTORS,$0.00 ,,$0.00 ,$4.98 ,$4.98 ,315849535,
8/8/23,1220,54996,11,rego,576719,12-3 NM W/G 15 FT,1,$65.00 ,ELECTRICAL,WIRE,NM,$0.00 ,,$0.00 ,$65.00 ,$65.00 ,202525500,
8/8/23,1220,54996,11,rego,1009220910,HNDYBX 1/2KO,1,$1.78 ,ELECTRICAL,CONDUIT/BOXES/FITTINGS,METAL BOXES/COVERS/ACCES,$0.00 ,,$0.00 ,$1.78 ,$1.78 ,0,
8/8/23,1220,54996,11,rego,1009220914,HBX KO CVR,1,$1.48 ,ELECTRICAL,CONDUIT/BOXES/FITTINGS,METAL BOXES/COVERS/ACCES,$0.00 ,,$0.00 ,$1.48 ,$1.48 ,0,
8/8/23,1220,54996,11,rego,1009220914,HBX KO CVR,1,$1.48 ,ELECTRICAL,CONDUIT/BOXES/FITTINGS,METAL BOXES/COVERS/ACCES,$0.00 ,,$0.00 ,$1.48 ,$1.48 ,0,
8/8/23,1220,54996,11,rego,661619,PROFESSIONAL BUILDER SHIM PK,1,$6.46 ,LUMBER,SHIMS & WOOD SHINGLES,SHIMS,$0.00 ,,$0.00 ,$6.46 ,$6.46 ,301757720,
8/7/23,6120,73328,1,rego,221646,"1-1/2""X2' PVC-PW/DWV SCH40 PIPE",1,$4.73 ,PLUMBING,PIPE AND FITTINGS,PVC PRECUTS,$0.00 ,,$0.00 ,$4.73 ,$4.73 ,202300503,
8/7/23,6120,73328,1,rego,472476,"2""X1-1/2"" DWV REDUCER/INCREASER HXH",1,$2.87 ,PLUMBING,PIPE AND FITTINGS,DWV FITTINGS,$0.00 ,,$0.00 ,$2.87 ,$2.87 ,203391373,
8/7/23,6120,73328,1,rego,1007518765,1/2 IN. X 20,1,$8.86 ,PLUMBING,PIPE AND FITTINGS,,$0.00 ,,$0.00 ,$8.86 ,$8.86 ,0,
8/7/23,6120,73328,1,rego,189162,"1-1/2"" DWV FEMALE ADAPTER HXFPT",1,$2.32 ,PLUMBING,PIPE AND FITTINGS,DWV FITTINGS,$0.00 ,,$0.00 ,$2.32 ,$2.32 ,203390827,
8/7/23,6120,73328,1,rego,1003002231,"HUSKY 1-1/4"" RATCHETING PVC CUTTER",1,$13.98 ,PLUMBING,PLUMBING REPAIR & REPLAC,PLUMBING TOOLS,$0.00 ,,$0.00 ,$13.98 ,$13.98 ,304217581,
8/7/23,6120,73328,1,rego,640906,"1-1/2"" DWV PTRAP SOLVENT WELD HXH",1,$6.17 ,PLUMBING,PIPE AND FITTINGS,DWV FITTINGS,$0.00 ,,$0.00 ,$6.17 ,$6.17 ,203396337,
8/6/23,1220,96618,1,REGO,258725,4.5GAL JTCOM,1,$21.00 ,BLDG. MATERIALS,GYPSUM,JOINT TREATMENT,$0.00 ,,$0.00 ,$21.00 ,$21.00 ,0,
8/6/23,1220,96618,1,REGO,1007161932,1LT SM EXT WALL LIGHT BLACK,1,$19.97 ,ELECTRICAL,EXTERIOR DECORATIVE,WALL,$0.00 ,,$0.00 ,$19.97 ,$19.97 ,319413742,
8/5/23,6120,37670,34,rego,959834,2X3 DS CLIPW,1,$1.30 ,BLDG. MATERIALS,ROOFING,METAL GUTTER,$0.00 ,,$0.00 ,$1.30 ,$1.30 ,0,
8/5/23,6120,37670,34,rego,309122,8' PAPER FACED OUTSIDE SUPERWIDE CB,1,$6.28 ,BLDG. MATERIALS,GYPSUM,CORNERBEAD/TRIM,$0.00 ,,$0.00 ,$6.28 ,$6.28 ,202035423,
8/5/23,6120,37670,34,rego,1004706350,1/2IN X 100FT BLUE PEX-A PIPE SOLID,1,$39.85 ,PLUMBING,PIPE AND FITTINGS,,$0.00 ,,$0.00 ,$39.85 ,$39.85 ,310850431,
8/5/23,6120,37670,34,rego,959834,2X3 DS CLIPW,1,$1.30 ,BLDG. MATERIALS,ROOFING,METAL GUTTER,$0.00 ,,$0.00 ,$1.30 ,$1.30 ,0,
8/5/23,6120,37670,34,rego,959834,2X3 DS CLIPW,1,$1.30 ,BLDG. MATERIALS,ROOFING,METAL GUTTER,$0.00 ,,$0.00 ,$1.30 ,$1.30 ,0,
8/5/23,6120,37670,34,rego,156417,"TEKS HWH DRILL PT SCREW 8X1/2"" 280PK",1,$12.37 ,HARDWARE,FASTENERS,PREMIUM FASTENERS,$0.00 ,,$0.00 ,$12.37 ,$12.37 ,100188836,
8/5/23,6120,37670,34,rego,959834,2X3 DS CLIPW,1,$1.30 ,BLDG. MATERIALS,ROOFING,METAL GUTTER,$0.00 ,,$0.00 ,$1.30 ,$1.30 ,0,
8/5/23,6120,37670,34,rego,959834,2X3 DS CLIPW,1,$1.30 ,BLDG. MATERIALS,ROOFING,METAL GUTTER,$0.00 ,,$0.00 ,$1.30 ,$1.30 ,0,
8/5/23,6120,37670,34,rego,542652,"4"" HEAT SHRNK TUBING ASSTMNT",1,$2.40 ,ELECTRICAL,TOOLS & ACCESSORIES,HEAT SHRINK,$0.00 ,,$0.00 ,$2.40 ,$2.40 ,311129165,
8/5/23,6120,37670,34,rego,309122,8' PAPER FACED OUTSIDE SUPERWIDE CB,1,$6.28 ,BLDG. MATERIALS,GYPSUM,CORNERBEAD/TRIM,$0.00 ,,$0.00 ,$6.28 ,$6.28 ,202035423,
8/5/23,6120,37670,34,rego,1002277402,ANVIL 5-1/2-IN POINTING TROWEL,1,$11.32 ,BLDG. MATERIALS,CONCRETE,TOOLS,$0.00 ,,$0.00 ,$11.32 ,$11.32 ,300974642,
8/5/23,1220,93425,1,rego,1007798934,1-7/8 HANDY BOX FLAT BRKT 1/2 KO,1,$4.24 ,ELECTRICAL,CONDUIT/BOXES/FITTINGS,METAL BOXES/COVERS/ACCES,$0.00 ,,$0.00 ,$4.24 ,$4.24 ,100557445,
8/5/23,1220,93425,1,rego,702640,20A LT ALMOND 3WAY TGGL SWTCH,1,$6.91 ,ELECTRICAL,WIRING DEVICES,SWITCHES,$0.00 ,,$0.00 ,$6.91 ,$6.91 ,202034998,
8/5/23,6120,18263,97,ENTRY MEASURE,1003022219,EXTERIOR,1,$40.00 ,MILLWORK,DOOR INSTALL,ENTRY DOOR INSTALL,$0.00 ,,$0.00 ,$40.00 ,$40.00 ,0,
8/4/23,1220,76951,52,rego,737148,50#DAMP SAND,1,$7.01 ,BLDG. MATERIALS,CONCRETE,CEMENT/AGGREGATES,$0.00 ,,$0.00 ,$7.01 ,$7.01 ,0,
8/4/23,1220,76951,52,rego,737148,50#DAMP SAND,1,$7.01 ,BLDG. MATERIALS,CONCRETE,CEMENT/AGGREGATES,$0.00 ,,$0.00 ,$7.01 ,$7.01 ,0,
7/31/23,8119,52040,68,rego,1007540107,OIL-RUBBED BRONZE DIMMABLE 15W LED W,1,$49.55 ,ELECTRICAL,INTERIOR LIGHTING,"VANITY,WALL & SCONCE",$0.00 ,,$0.00 ,$49.55 ,$49.55 ,319818566,Jessie Gibson
7/30/23,8119,5886,42,rego,1002269803,"52"" HUGGER LED WH",1,$59.98 ,ELECTRICAL,CEILING FANS,50 TO 54 IN. INDOOR CEIL,$0.00 ,,$0.00 ,$59.98 ,$59.98 ,300930187,Jessie Gibson
7/30/23,6120,5189,63,rego,156797,8FT VERANDA WHITE LATTICE DIVIDER,1,$9.98 ,LUMBER,LANDSCAPE,LATTICE,$0.00 ,,$0.00 ,$9.98 ,$9.98 ,202297434,
7/30/23,6120,5189,63,rego,1008292837,"12.2G SWING TOP TRASH CAN, BLACK",1,$19.97 ,GARDEN/SEASONAL,CLEANING,INDOOR TRASH CANS,$0.00 ,,$0.00 ,$19.97 ,$19.97 ,321942409,
7/30/23,6120,5189,63,rego,156797,8FT VERANDA WHITE LATTICE DIVIDER,1,$9.98 ,LUMBER,LANDSCAPE,LATTICE,$0.00 ,,$0.00 ,$9.98 ,$9.98 ,202297434,
7/30/23,6120,5189,63,rego,156797,8FT VERANDA WHITE LATTICE DIVIDER,1,$9.98 ,LUMBER,LANDSCAPE,LATTICE,$0.00 ,,$0.00 ,$9.98 ,$9.98 ,202297434,
7/30/23,6120,5189,63,rego,536763,4X8 VERANDA WHITE LATTICE,1,$22.98 ,LUMBER,LANDSCAPE,LATTICE,$0.00 ,,$0.00 ,$22.98 ,$22.98 ,100011154,
7/30/23,6120,5189,63,rego,1006959450,MESH DRAIN STRAINERS (3-PACK),1,$7.47 ,PLUMBING,PLUMBING REPAIR & REPLAC,STRAINERS,$0.00 ,,$0.00 ,$7.47 ,$7.47 ,318763052,
7/30/23,1220,47754,52,rego,1004784934,"1/2""X100' AQUA JOE FIBERJACKET HOSE",1,$44.98 ,GARDEN/SEASONAL,WATERING,HOSE,$0.00 ,,$0.00 ,$44.98 ,$44.98 ,311519581,
7/30/23,1220,47754,52,rego,557354,SPOT SPRKLR,1,$3.98 ,GARDEN/SEASONAL,WATERING,SPRINKLERS,$0.00 ,,$0.00 ,$3.98 ,$3.98 ,0,
7/29/23,8119,21520,65,rego,1006630234,FLAXMERE 14 IN. MATTE BLACK LED FLUS,1,$59.97 ,ELECTRICAL,INTERIOR LIGHTING,CEILING MOUNT FIXTURES,$0.00 ,,$0.00 ,$59.97 ,$59.97 ,317839500,Jessie Gibson
7/29/23,8119,21520,65,rego,1000053230,"FLAXMERE 12"" BN LED FM DNI",1,$24.97 ,ELECTRICAL,INTERIOR LIGHTING,CEILING MOUNT FIXTURES,$0.00 ,,$0.00 ,$24.97 ,$24.97 ,310700106,Jessie Gibson
7/29/23,1220,3464,11,rego,187457,CANDY,1,$3.18 ,GARDEN/SEASONAL,CONVENIENCE,CANDY/COOKIES,$0.00 ,,$0.00 ,$3.18 ,$3.18 ,0,
7/29/23,1220,3464,11,rego,300969,3/4 2X4 BC,1,$26.44 ,LUMBER,PLYWOOD,PROJECT PANELS,$0.00 ,,$0.00 ,$26.44 ,$26.44 ,0,
7/27/23,1220,98571,11,rego,420471,CACTUS 9CM,1,$6.98 ,GARDEN/SEASONAL,LIVE GOODS,CACTUS AND SUCCULENTS,$0.00 ,,$0.00 ,$6.98 ,$6.98 ,0,
7/27/23,1220,98571,11,rego,316056,SUCCULE 1QT,1,$6.98 ,GARDEN/SEASONAL,LIVE GOODS,CACTUS AND SUCCULENTS,$0.00 ,,$0.00 ,$6.98 ,$6.98 ,0,
7/27/23,1220,98571,11,rego,187457,CANDY,1,$3.18 ,GARDEN/SEASONAL,CONVENIENCE,CANDY/COOKIES,$0.00 ,,$0.00 ,$3.18 ,$3.18 ,0,
7/27/23,1220,98571,11,rego,316056,SUCCULE 1QT,1,$6.98 ,GARDEN/SEASONAL,LIVE GOODS,CACTUS AND SUCCULENTS,$0.00 ,,$0.00 ,$6.98 ,$6.98 ,0,
7/27/23,1220,98571,11,rego,839469,LEVELQUIK RS SELF LEVELING UNDERLAYM,1,$39.97 ,WALL&FLOOR COVER.,FLOORING TOOLS & MATERIA,TILE SURFACE PREPARATION,$0.00 ,,$0.00 ,$39.97 ,$39.97 ,100192482,
7/23/23,1220,16551,52,rego,1004649801,1/8 IN. HARD TILE SPACERS FOR TRADIT,1,$5.77 ,WALL&FLOOR COVER.,FLOORING TOOLS & MATERIA,TOOLS,$0.00 ,,$0.00 ,$5.77 ,$5.77 ,310863784,
7/23/23,1220,16551,52,rego,186624,"SLIDER 3-1/2"" ROUND 4PK",1,$6.93 ,HARDWARE,BUILDER'S HARDWARE,CASTER/GLIDES,$0.00 ,,$0.00 ,$6.93 ,$6.93 ,203670863,
7/23/23,1220,16551,52,rego,1005070286,1/16 IN. TRADITIONAL FLEXIBLE TILE S,1,$4.57 ,WALL&FLOOR COVER.,FLOORING TOOLS & MATERIA,TOOLS,$0.00 ,,$0.00 ,$4.57 ,$4.57 ,312247168,
7/23/23,1220,16551,52,rego,148635,LEVELQUIK ACRYLIC PRIMER 1QT,1,$10.97 ,WALL&FLOOR COVER.,FLOORING TOOLS & MATERIA,TILE SURFACE PREPARATION,$0.00 ,,$0.00 ,$10.97 ,$10.97 ,100115970,
7/23/23,1220,16551,52,rego,1006936252,JB SYRINGE,1,$7.68 ,PAINT,ADHESIVES,EPOXIES,$0.00 ,,$0.00 ,$7.68 ,$7.68 ,0,
7/23/23,1220,16551,52,rego,1001571021,"SLIDER FELT 5"" ROUND REUSABLE 4PK",1,$10.47 ,HARDWARE,BUILDER'S HARDWARE,CASTER/GLIDES,$0.00 ,,$0.00 ,$10.47 ,$10.47 ,206435472,
7/23/23,1220,16551,52,rego,846774,FB MAT,1,$8.28 ,PAINT,ADHESIVES,ACCESSORIES,$0.00 ,,$0.00 ,$8.28 ,$8.28 ,0,
7/23/23,1220,16551,52,rego,300904,KWIK SEAL PLUS WHITE 10.1 OZ,1,$7.98 ,PAINT,CAULKS,LATEX K&B,$0.00 ,,$0.00 ,$7.98 ,$7.98 ,100189580,
7/23/23,1220,16551,52,rego,1000012948,"BULLNOSE SATIN ANO ALUM 3/8""",1,$25.00 ,WALL&FLOOR COVER.,FLOORING TOOLS & MATERIA,TRANSITION STRIPS,$0.00 ,,$0.00 ,$25.00 ,$25.00 ,202608892,
7/23/23,1220,16551,52,rego,1006518933,14.6 OZ. HI-STRENGTH 90 SPRAY ADHESI,1,$17.98 ,PAINT,ADHESIVES,SPRAY,$0.00 ,,$0.00 ,$17.98 ,$17.98 ,316351910,
7/22/23,1220,14028,52,rego,725924,2G WHT RANGE & DRYER WALLPLT,1,$2.98 ,ELECTRICAL,WIRING DEVICES,WALL PLATES (COMMODITY),$0.00 ,,$0.00 ,$2.98 ,$2.98 ,202059864,
7/22/23,1220,14028,52,rego,1007952913,4FT STAINLESS STEEL WASHER HOSES 2PK,1,$31.98 ,KIT/BATH,APPLIANCE PARTS,STOCK PARTS/ACCESSORIES,$0.00 ,,$0.00 ,$31.98 ,$31.98 ,320975625,
7/22/23,6120,98109,35,rego,1002553902,DPKIT#6-10X1-3/16AND#10-12X1-9/16,1,$20.57 ,HARDWARE,FASTENERS,HOLLOW & DRYWALL ANCHORS,$0.00 ,,$0.00 ,$20.57 ,$20.57 ,302043755,
7/22/23,6120,98109,35,rego,158528,12 IN DEEP PLASTIC ROLLER TRAY - OR,1,$6.03 ,PAINT,APPLICATORS,TRAYS / LINERS,$0.00 ,,$0.00 ,$6.03 ,$6.03 ,100165033,
7/22/23,6120,98109,35,rego,1008127231,SCHLAGE PLY COMBO PACK SGL CYL MB,1,$53.47 ,HARDWARE,DOOR LOCKS,COMBINATION PACKS,$0.00 ,,$0.00 ,$53.47 ,$53.47 ,319938171,
7/22/23,6120,98109,35,rego,717072,BEST 9 X 3/8 IN MICROFIBER ROLLER,1,$5.87 ,PAINT,APPLICATORS,BEST/PRO ROLLER COVERS,$0.00 ,,$0.00 ,$5.87 ,$5.87 ,202097067,
7/22/23,6120,98109,35,rego,1005422153,"FLAXMERE 12"" BLACK LED FM DNI",1,$24.97 ,ELECTRICAL,INTERIOR LIGHTING,CEILING MOUNT FIXTURES,$0.00 ,,$0.00 ,$24.97 ,$24.97 ,313392927,
7/22/23,6120,98109,35,rego,1001287414,BEST 9 X 3/4 IN SHEDLESS KNIT RC,1,$5.68 ,PAINT,APPLICATORS,BEST/PRO ROLLER COVERS,$0.00 ,,$0.00 ,$5.68 ,$5.68 ,205871733,
7/22/23,6120,98109,35,rego,1000053230,"FLAXMERE 12"" BN LED FM DNI",1,$24.97 ,ELECTRICAL,INTERIOR LIGHTING,CEILING MOUNT FIXTURES,$0.00 ,,$0.00 ,$24.97 ,$24.97 ,310700106,
7/22/23,6120,98109,35,rego,1002553922,DUOPOWER  (#8-12 X 1-9/16 IN.),1,$9.47 ,HARDWARE,FASTENERS,HOLLOW & DRYWALL ANCHORS,$0.00 ,,$0.00 ,$9.47 ,$9.47 ,302043757,
7/22/23,6120,98109,35,rego,1008127231,SCHLAGE PLY COMBO PACK SGL CYL MB,1,$53.47 ,HARDWARE,DOOR LOCKS,COMBINATION PACKS,$0.00 ,,$0.00 ,$53.47 ,$53.47 ,319938171,
7/22/23,6120,98109,35,rego,717072,BEST 9 X 3/8 IN MICROFIBER ROLLER,1,$5.87 ,PAINT,APPLICATORS,BEST/PRO ROLLER COVERS,$0.00 ,,$0.00 ,$5.87 ,$5.87 ,202097067,
7/22/23,6120,98109,35,rego,1002553922,DUOPOWER  (#8-12 X 1-9/16 IN.),1,$9.47 ,HARDWARE,FASTENERS,HOLLOW & DRYWALL ANCHORS,$0.00 ,,$0.00 ,$9.47 ,$9.47 ,302043757,
7/22/23,6120,98109,35,rego,610062,ACRYLPRO TILE ADHESIVE 1GAL,1,$22.00 ,WALL&FLOOR COVER.,FLOORING TOOLS & MATERIA,ADHESIVES,$0.00 ,,$0.00 ,$22.00 ,$22.00 ,100015587,
7/22/23,6120,98109,35,rego,1001287414,BEST 9 X 3/4 IN SHEDLESS KNIT RC,1,$5.68 ,PAINT,APPLICATORS,BEST/PRO ROLLER COVERS,$0.00 ,,$0.00 ,$5.68 ,$5.68 ,205871733,
7/22/23,6120,98109,35,rego,1000021918,LOLLIPOPS,1,$0.97 ,GARDEN/SEASONAL,CONVENIENCE,CANDY/COOKIES,$0.00 ,,$0.00 ,$0.97 ,$0.97 ,0,
7/21/23,1220,86816,54,rego,590670,FENDER WASHER ZINC 5/16 (AKC),10,$0.26 ,HARDWARE,FASTENERS,NUTS/BOLTS/WASHERS,$0.00 ,,$0.00 ,$2.60 ,$0.26 ,204632770,
7/21/23,1220,86816,54,rego,146410,TAPCON 1/4X1-3/4 HEX HEAD 75 PK,1,$27.47 ,HARDWARE,FASTENERS,MASONRY&CONCRETE ANCHORS,$0.00 ,,$0.00 ,$27.47 ,$27.47 ,202241612,
7/21/23,1220,86816,54,rego,186261,CANDY,1,$2.68 ,GARDEN/SEASONAL,CONVENIENCE,CANDY/COOKIES,$0.00 ,,$0.00 ,$2.68 ,$2.68 ,0,
7/17/23,1220,63518,11,rego,738720,16' ALUM EXTENSION LADDER TII 225LB,1,$179.00 ,BLDG. MATERIALS,LADDERS,ALUMINUM EXTENSION,$0.00 ,,($20.00),$159.00 ,$159.00 ,100659881,
7/16/23,1220,7111,53,rego,187457,CANDY,1,$3.18 ,GARDEN/SEASONAL,CONVENIENCE,CANDY/COOKIES,$0.00 ,,$0.00 ,$3.18 ,$3.18 ,0,
7/16/23,1220,7111,53,rego,200255,ZIPWALL HVY DTY 2 ZIPPER KIT,1,$24.98 ,PAINT,SHEETING/BUCKETS,PLASTIC SHEETING 4 MIL +,$0.00 ,,$0.00 ,$24.98 ,$24.98 ,203122824,
7/16/23,1220,7111,53,rego,1003897192,"MILWAUKEE 4-1/4"" CARBIDE HOLE SAW",1,$48.97 ,HARDWARE,POWER TOOL ACCESSORIES,HOLESAWS,$0.00 ,,$0.00 ,$48.97 ,$48.97 ,305190139,
7/15/23,1220,73796,7,rigo,1002991354,DUR 1/2X3X5,1,$11.98 ,BLDG. MATERIALS,GYPSUM,BACKER BOARD,$0.00 ,,$0.00 ,$11.98 ,$11.98 ,0,
7/15/23,1220,73796,7,rigo,202564,CORNERBEAD,1,$4.68 ,BLDG. MATERIALS,GYPSUM,CORNERBEAD/TRIM,$0.00 ,,$0.00 ,$4.68 ,$4.68 ,0,
7/15/23,1220,73796,7,rigo,1002991354,DUR 1/2X3X5,1,$11.98 ,BLDG. MATERIALS,GYPSUM,BACKER BOARD,$0.00 ,,$0.00 ,$11.98 ,$11.98 ,0,
7/15/23,1220,73796,7,rigo,202564,CORNERBEAD,1,$4.68 ,BLDG. MATERIALS,GYPSUM,CORNERBEAD/TRIM,$0.00 ,,$0.00 ,$4.68 ,$4.68 ,0,
7/15/23,1220,73796,7,rigo,549096,1 3/4 D/A,1,$22.28 ,HARDWARE,PNEUMATIC FASTENERS,FINISH NAILS/STAPLES,$0.00 ,,$0.00 ,$22.28 ,$22.28 ,0,
7/15/23,1220,73796,7,rigo,1002991354,DUR 1/2X3X5,1,$11.98 ,BLDG. MATERIALS,GYPSUM,BACKER BOARD,$0.00 ,,$0.00 ,$11.98 ,$11.98 ,0,
7/15/23,1220,73796,7,rigo,914681,1X4X8 NO.2,1,$7.63 ,LUMBER,BOARDS,WHITEWOOD,$0.00 ,,$0.00 ,$7.63 ,$7.63 ,0,
7/15/23,1220,73796,7,rigo,1002991354,DUR 1/2X3X5,1,$11.98 ,BLDG. MATERIALS,GYPSUM,BACKER BOARD,$0.00 ,,$0.00 ,$11.98 ,$11.98 ,0,
7/15/23,1220,73796,7,rigo,914681,1X4X8 NO.2,1,$7.63 ,LUMBER,BOARDS,WHITEWOOD,$0.00 ,,$0.00 ,$7.63 ,$7.63 ,0,
7/15/23,1220,73796,7,rigo,1005447571,15/32 2X4RAD,1,$23.52 ,LUMBER,PLYWOOD,PROJECT PANELS,$0.00 ,,$0.00 ,$23.52 ,$23.52 ,0,
7/15/23,1220,73796,7,rigo,1009173659,1L ALK ANTOX,1,$2.78 ,GARDEN/SEASONAL,CONVENIENCE,BEVERAGES,$0.00 ,,$0.00 ,$2.78 ,$2.78 ,0,
7/15/23,1220,73796,7,rigo,914770,1X6X8 NO.2,2,$11.44 ,LUMBER,BOARDS,WHITEWOOD,$0.00 ,,$0.00 ,$22.88 ,$11.44 ,0,
7/15/23,1220,73796,7,rigo,1002991354,DUR 1/2X3X5,1,$11.98 ,BLDG. MATERIALS,GYPSUM,BACKER BOARD,$0.00 ,,$0.00 ,$11.98 ,$11.98 ,0,
7/15/23,1220,73796,7,rigo,963186,"WB T-SQUARE 48""",1,$12.98 ,BLDG. MATERIALS,GYPSUM,TOOLS,$0.00 ,,$0.00 ,$12.98 ,$12.98 ,100095247,
7/12/23,1220,82207,9,rego,255921,"DIABLO 6-1/2"" 24T FRAMING CSB",1,$10.97 ,HARDWARE,POWER TOOL ACCESSORIES,CIRCULAR SAW BLADES,$0.00 ,,$0.00 ,$10.97 ,$10.97 ,100098836,
7/12/23,1220,22501,18,rego,1003238046,"DIABLO 7-1/4"" 24T FRAMING CSB (3PK)",1,($26.97),HARDWARE,POWER TOOL ACCESSORIES,CIRCULAR SAW BLADES,$0.00 ,,$0.00 ,($26.97),($26.97),305111804,
7/12/23,1220,91925,53,rego,1003238046,"DIABLO 7-1/4"" 24T FRAMING CSB (3PK)",1,$26.97 ,HARDWARE,POWER TOOL ACCESSORIES,CIRCULAR SAW BLADES,$0.00 ,,$0.00 ,$26.97 ,$26.97 ,305111804,
7/12/23,1220,91925,53,rego,441317,2X4-8 GD FIR,1,$4.25 ,LUMBER,DIMENSIONAL LUMBER,AVAILABLE,$0.00 ,,$0.00 ,$4.25 ,$4.25 ,0,
7/12/23,1220,91925,53,rego,441317,2X4-8 GD FIR,1,$4.25 ,LUMBER,DIMENSIONAL LUMBER,AVAILABLE,$0.00 ,,$0.00 ,$4.25 ,$4.25 ,0,
7/12/23,1220,91925,53,rego,441317,2X4-8 GD FIR,1,$4.25 ,LUMBER,DIMENSIONAL LUMBER,AVAILABLE,$0.00 ,,$0.00 ,$4.25 ,$4.25 ,0,
7/12/23,1220,91925,53,rego,441317,2X4-8 GD FIR,1,$4.25 ,LUMBER,DIMENSIONAL LUMBER,AVAILABLE,$0.00 ,,$0.00 ,$4.25 ,$4.25 ,0,
7/12/23,1220,91925,53,rego,441317,2X4-8 GD FIR,1,$4.25 ,LUMBER,DIMENSIONAL LUMBER,AVAILABLE,$0.00 ,,$0.00 ,$4.25 ,$4.25 ,0,
7/12/23,1220,91925,53,rego,441317,2X4-8 GD FIR,1,$4.25 ,LUMBER,DIMENSIONAL LUMBER,AVAILABLE,$0.00 ,,$0.00 ,$4.25 ,$4.25 ,0,
7/12/23,1220,91925,53,rego,441317,2X4-8 GD FIR,1,$4.25 ,LUMBER,DIMENSIONAL LUMBER,AVAILABLE,$0.00 ,,$0.00 ,$4.25 ,$4.25 ,0,
7/12/23,1220,91925,53,rego,441317,2X4-8 GD FIR,1,$4.25 ,LUMBER,DIMENSIONAL LUMBER,AVAILABLE,$0.00 ,,$0.00 ,$4.25 ,$4.25 ,0,
7/12/23,1220,91925,53,rego,441317,2X4-8 GD FIR,1,$4.25 ,LUMBER,DIMENSIONAL LUMBER,AVAILABLE,$0.00 ,,$0.00 ,$4.25 ,$4.25 ,0,
7/12/23,1220,91925,53,rego,441317,2X4-8 GD FIR,1,$4.25 ,LUMBER,DIMENSIONAL LUMBER,AVAILABLE,$0.00 ,,$0.00 ,$4.25 ,$4.25 ,0,
7/12/23,1220,91925,53,rego,441317,2X4-8 GD FIR,1,$4.25 ,LUMBER,DIMENSIONAL LUMBER,AVAILABLE,$0.00 ,,$0.00 ,$4.25 ,$4.25 ,0,
7/12/23,1220,91925,53,rego,441317,2X4-8 GD FIR,1,$4.25 ,LUMBER,DIMENSIONAL LUMBER,AVAILABLE,$0.00 ,,$0.00 ,$4.25 ,$4.25 ,0,
7/11/23,1220,86297,53,rego,441317,2X4-8 GD FIR,1,$4.25 ,LUMBER,DIMENSIONAL LUMBER,AVAILABLE,$0.00 ,,$0.00 ,$4.25 ,$4.25 ,0,
7/11/23,1220,86297,53,rego,441317,2X4-8 GD FIR,1,$4.25 ,LUMBER,DIMENSIONAL LUMBER,AVAILABLE,$0.00 ,,$0.00 ,$4.25 ,$4.25 ,0,
7/11/23,1220,86297,53,rego,367191,"TAPCON DRILL BIT 3/16X3-1/2, SGL CT",1,$7.68 ,HARDWARE,FASTENERS,MASONRY&CONCRETE ANCHORS,$0.00 ,,$0.00 ,$7.68 ,$7.68 ,100112521,
7/11/23,1220,86297,53,rego,441317,2X4-8 GD FIR,1,$4.25 ,LUMBER,DIMENSIONAL LUMBER,AVAILABLE,$0.00 ,,$0.00 ,$4.25 ,$4.25 ,0,
7/11/23,1220,86297,53,rego,441317,2X4-8 GD FIR,1,$4.25 ,LUMBER,DIMENSIONAL LUMBER,AVAILABLE,$0.00 ,,$0.00 ,$4.25 ,$4.25 ,0,
7/11/23,1220,86297,53,rego,441317,2X4-8 GD FIR,1,$4.25 ,LUMBER,DIMENSIONAL LUMBER,AVAILABLE,$0.00 ,,$0.00 ,$4.25 ,$4.25 ,0,
7/9/23,1220,39902,51,rego,258725,4.5GAL JTCOM,1,$21.00 ,BLDG. MATERIALS,GYPSUM,JOINT TREATMENT,$0.00 ,,$0.00 ,$21.00 ,$21.00 ,0,
7/9/23,1220,39902,51,rego,950254,JOINT COMP,1,$21.00 ,BLDG. MATERIALS,GYPSUM,JOINT TREATMENT,$0.00 ,,$0.00 ,$21.00 ,$21.00 ,0,
7/9/23,1220,39902,51,rego,787264,SHEATHING,1,$29.56 ,BLDG. MATERIALS,INSULATION,SHEATHINGS,$0.00 ,,$0.00 ,$29.56 ,$29.56 ,0,
7/9/23,1220,39902,51,rego,105798,GSP CLNR,1,$9.97 ,BLDG. MATERIALS,INSULATION,FOAM,$0.00 ,,$0.00 ,$9.97 ,$9.97 ,0,
7/9/23,1220,39902,51,rego,1003607593,SILVER BULLET HOSE 50 FT,1,$29.98 ,GARDEN/SEASONAL,WATERING,HOSE,$0.00 ,,$0.00 ,$29.98 ,$29.98 ,306703479,
7/9/23,1220,39902,51,rego,1005752621,"TAPCON 3/16X2-3/4 STAR FLAT HD,25PK",1,$10.97 ,HARDWARE,FASTENERS,MASONRY&CONCRETE ANCHORS,$0.00 ,,$0.00 ,$10.97 ,$10.97 ,314113344,
7/8/23,1220,92211,1,rego,914584,1X2X8 NO.2,1,$4.51 ,LUMBER,BOARDS,WHITEWOOD,$0.00 ,,$0.00 ,$4.51 ,$4.51 ,0,
7/8/23,1220,92211,1,rego,1002991354,DUR 1/2X3X5,1,$11.98 ,BLDG. MATERIALS,GYPSUM,BACKER BOARD,$0.00 ,,$0.00 ,$11.98 ,$11.98 ,0,
7/8/23,1220,92211,1,rego,430684,500FT TAPE,1,$5.98 ,BLDG. MATERIALS,GYPSUM,TAPE/ABRASIVES,$0.00 ,,$0.00 ,$5.98 ,$5.98 ,0,
7/8/23,1220,92211,1,rego,1002419398,"ROCK-ON SCREW 9X1-5/8"" 140PK",1,$12.58 ,HARDWARE,FASTENERS,DRYWALL SCREWS,$0.00 ,,$0.00 ,$12.58 ,$12.58 ,300662376,
7/8/23,1220,92211,1,rego,1002991354,DUR 1/2X3X5,1,$11.98 ,BLDG. MATERIALS,GYPSUM,BACKER BOARD,$0.00 ,,$0.00 ,$11.98 ,$11.98 ,0,
7/8/23,1220,92211,1,rego,105090,GREAT STUFF PRO WINDOW & DOOR 20 OZ,1,$15.97 ,BLDG. MATERIALS,INSULATION,FOAM,$0.00 ,,$0.00 ,$15.97 ,$15.97 ,202892495,
7/8/23,1220,92211,1,rego,1002991354,DUR 1/2X3X5,1,$11.98 ,BLDG. MATERIALS,GYPSUM,BACKER BOARD,$0.00 ,,$0.00 ,$11.98 ,$11.98 ,0,
7/8/23,6120,53549,8,,697265,1QT HDX ALL PURP MIXING CONTAINER,4,$2.58 ,PAINT,SHEETING/BUCKETS,BUCKET/PAINT PAILS,$0.00 ,,$0.00 ,$10.32 ,$2.58 ,202264024,
7/8/23,6120,53549,8,,1002277382,ANVIL 14X4 IN BLUE STEEL POOL TROWEL,1,$26.40 ,BLDG. MATERIALS,CONCRETE,TOOLS,$0.00 ,,$0.00 ,$26.40 ,$26.40 ,300960731,
7/8/23,6120,53549,8,,1002277320,ANVIL 5 IN. X 2 IN.  MARGIN TROWEL,1,$10.74 ,BLDG. MATERIALS,CONCRETE,TOOLS,$0.00 ,,$0.00 ,$10.74 ,$10.74 ,300960453,
7/8/23,6120,53549,8,,451137,50#GROUT,1,$14.37 ,BLDG. MATERIALS,CONCRETE,CONCRETE MIXES,$0.00 ,,$0.00 ,$14.37 ,$14.37 ,0,
7/8/23,6120,53549,8,,555983,LATH,1,$14.98 ,LUMBER,LANDSCAPE,LATTICE,$0.00 ,,$0.00 ,$14.98 ,$14.98 ,0,
7/8/23,6120,53549,8,,941091,"JOBSITE 24"" INDOOR/OUTDOOR PUSH BROO",1,$29.97 ,GARDEN/SEASONAL,CLEANING,BROOMS,$0.00 ,,$0.00 ,$29.97 ,$29.97 ,202843367,
7/8/23,6120,53549,8,,616201,"8X3"" MARSHALLTOWN MIDGET TROWEL",1,$39.87 ,BLDG. MATERIALS,CONCRETE,TOOLS,$0.00 ,,$0.00 ,$39.87 ,$39.87 ,100318065,
7/8/23,6120,53549,8,,1004215383,HSKY DRYWALL CORNERTOOL SMALL,1,$10.98 ,BLDG. MATERIALS,GYPSUM,TOOLS,$0.00 ,,$0.00 ,$10.98 ,$10.98 ,308729631,
7/7/23,1220,50879,54,rego,1002098177,5QT HDX MIXING CONTAINER,1,$4.48 ,PAINT,SHEETING/BUCKETS,BUCKET/PAINT PAILS,$0.00 ,,$0.00 ,$4.48 ,$4.48 ,300225941,
7/7/23,1220,50879,54,rego,795964,DEMO BAGS 42GAL WOVEN CONTRACTOR BAG,1,$26.97 ,GARDEN/SEASONAL,CLEANING,TRASH BAGS,$0.00 ,,$0.00 ,$26.97 ,$26.97 ,100661692,
7/7/23,1220,50879,54,rego,538914,FLAT WASHER GALV 1/4 (ABA),7,$0.24 ,HARDWARE,FASTENERS,NUTS/BOLTS/WASHERS,$0.00 ,,$0.00 ,$1.68 ,$0.24 ,204633085,
7/7/23,1220,50879,54,rego,792697,ULTRASAC 42G CONTRACTOR BAGS 20PK,1,$15.97 ,GARDEN/SEASONAL,CLEANING,TRASH BAGS,$0.00 ,,$0.00 ,$15.97 ,$15.97 ,100117091,
7/7/23,1220,50879,54,rego,1005752510,"TAPCON 1/4X2-1/4 STAR FLAT HD,8PK",1,$7.37 ,HARDWARE,FASTENERS,MASONRY&CONCRETE ANCHORS,$0.00 ,,$0.00 ,$7.37 ,$7.37 ,314113179,
7/7/23,1220,50879,54,rego,462236,#3 PERENNIAL,1,$19.98 ,GARDEN/SEASONAL,LIVE GOODS,PERENNIALS,$0.00 ,,$0.00 ,$19.98 ,$19.98 ,0,
7/4/23,1220,45436,52,rego,1007491019,RYB WIRE WHEEL ASSORTMENT SET 6 PC,1,$20.97 ,HARDWARE,POWER TOOL ACCESSORIES,ABRASIVES,$0.00 ,,$0.00 ,$20.97 ,$20.97 ,319638916,
7/4/23,1220,45436,52,rego,1005748856,5.5 IN. STEEL SAWHORSE BRK-2PK,1,$14.98 ,HARDWARE,STORAGE DEVICES,SAW HORSES,$0.00 ,,$0.00 ,$14.98 ,$14.98 ,314461710,
7/4/23,1220,45436,52,rego,193737,3M SANDING SPONGE ANGLE FINE 3PK,1,$8.98 ,PAINT,ABRASIVES,SANDING SPONGES,$0.00 ,,$0.00 ,$8.98 ,$8.98 ,202940510,
7/4/23,1220,45436,52,rego,1005748856,5.5 IN. STEEL SAWHORSE BRK-2PK,1,$14.98 ,HARDWARE,STORAGE DEVICES,SAW HORSES,$0.00 ,,$0.00 ,$14.98 ,$14.98 ,314461710,
7/4/23,1220,45436,52,rego,810958,DREMEL SAND PAPER ASST  (6PCS) MM70W,1,$7.48 ,HARDWARE,POWER TOOL ACCESSORIES,OSCILLATING ACCESSORIES,$0.00 ,,$0.00 ,$7.48 ,$7.48 ,100659459,
7/4/23,1220,45436,52,rego,1005776220,DIABLO CARBIDE SANDING PLATE 1PK,1,$24.97 ,HARDWARE,POWER TOOL ACCESSORIES,OSCILLATING ACCESSORIES,$0.00 ,,$0.00 ,$24.97 ,$24.97 ,314718836,
7/4/23,1220,45436,52,rego,1004681176,5GAL SPOUT,1,$2.48 ,PAINT,TOOLS/SAFETY,MISCELLANEOUS TOOLS,$0.00 ,,$0.00 ,$2.48 ,$2.48 ,0,
7/4/23,1220,45436,52,rego,1006823836,GATOR MICROZIP KIT,1,$9.98 ,PAINT,ABRASIVES,ACCESSORIES,$0.00 ,,$0.00 ,$9.98 ,$9.98 ,318572603,
7/3/23,6120,10271,34,rego,150345,WSTR 9 IN SHERLOCK PRO FRAME GREEN,1,$7.98 ,PAINT,APPLICATORS,TRAYS / LINERS,$0.00 ,,$0.00 ,$7.98 ,$7.98 ,100357410,
7/3/23,6120,10271,34,rego,643378,GLID PREM INT SATIN PURE WHT 4.8GAL,1,$112.00 ,PAINT,INTERIOR PAINT,GLIDDEN PREMIUM,$0.00 ,,$0.00 ,$112.00 ,$112.00 ,206755800,
7/3/23,6120,10271,34,rego,717072,BEST 9 X 3/8 IN MICROFIBER ROLLER,1,$5.87 ,PAINT,APPLICATORS,BEST/PRO ROLLER COVERS,$0.00 ,,$0.00 ,$5.87 ,$5.87 ,202097067,
7/3/23,6120,10271,34,rego,717072,BEST 9 X 3/8 IN MICROFIBER ROLLER,1,$5.87 ,PAINT,APPLICATORS,BEST/PRO ROLLER COVERS,$0.00 ,,$0.00 ,$5.87 ,$5.87 ,202097067,
7/3/23,6120,10271,34,rego,130451,9IN. METAL ROLLER TRAY,1,$5.26 ,PAINT,APPLICATORS,TRAYS / LINERS,$0.00 ,,$0.00 ,$5.26 ,$5.26 ,100077262,
7/3/23,6120,10271,34,rego,1000994482,LINZER 9 IN PET TRAY LINER WHITE 1PK,1,$0.98 ,PAINT,APPLICATORS,TRAYS / LINERS,$0.00 ,,$0.00 ,$0.98 ,$0.98 ,205541527,
7/3/23,6120,10271,34,rego,1006136641,DYNASTY SG DY630 SAMPLE UPW 7.94 OZ,1,$6.48 ,PAINT,INTERIOR PAINT,BEHR SAMPLES,$0.00 ,,$0.00 ,$6.48 ,$6.48 ,315702528,
7/3/23,6120,10271,34,rego,1004215350,"HSKY 14"" WELDED SS MUD PAN",1,$16.98 ,BLDG. MATERIALS,GYPSUM,TOOLS,$0.00 ,,$0.00 ,$16.98 ,$16.98 ,316300565,
7/3/23,6120,10271,34,rego,1002169000,GL Recyc$,1,$0.95 ,FEES,,,$0.00 ,,$0.00 ,$0.95 ,$0.95 ,0,
7/3/23,6120,10271,34,rego,535443,TUB,1,$7.98 ,BLDG. MATERIALS,CONCRETE,TOOLS,$0.00 ,,$0.00 ,$7.98 ,$7.98 ,0,
7/3/23,6120,10271,34,rego,1004858225,KILZ MOLD & MILDEW PRMR L2046 128OZ,1,$37.98 ,PAINT,PRIMERS,,$0.00 ,,$0.00 ,$37.98 ,$37.98 ,308880665,
7/3/23,6120,10271,34,rego,1000016287,WSTR PRO 4 X 1/2 WVN RC,1,$3.83 ,PAINT,APPLICATORS,BEST/PRO ROLLER COVERS,$0.00 ,,$0.00 ,$3.83 ,$3.83 ,204354021,
7/3/23,6120,10271,34,rego,1004213574,HANDY PAINT CRAFT CUP,1,$2.98 ,PAINT,APPLICATORS,TRAYS / LINERS,$0.00 ,,$0.00 ,$2.98 ,$2.98 ,304150314,
7/3/23,6120,10271,34,rego,1000994482,LINZER 9 IN PET TRAY LINER WHITE 1PK,1,$0.98 ,PAINT,APPLICATORS,TRAYS / LINERS,$0.00 ,,$0.00 ,$0.98 ,$0.98 ,205541527,
7/3/23,6120,10271,34,rego,1000994482,LINZER 9 IN PET TRAY LINER WHITE 1PK,1,$0.98 ,PAINT,APPLICATORS,TRAYS / LINERS,$0.00 ,,$0.00 ,$0.98 ,$0.98 ,205541527,
7/3/23,6120,10271,34,rego,256854,J-CHANNEL,1,$3.55 ,BLDG. MATERIALS,GYPSUM,CORNERBEAD/TRIM,$0.00 ,,$0.00 ,$3.55 ,$3.55 ,0,
7/3/23,6120,10271,34,rego,1000016287,WSTR PRO 4 X 1/2 WVN RC,1,$3.83 ,PAINT,APPLICATORS,BEST/PRO ROLLER COVERS,$0.00 ,,$0.00 ,$3.83 ,$3.83 ,204354021,
7/3/23,6120,10271,34,rego,1000016206,WSTR 4 IN SHERLOCK PRO FRAME GREEN,1,$8.34 ,PAINT,APPLICATORS,TRAYS / LINERS,$0.00 ,,$0.00 ,$8.34 ,$8.34 ,100155896,
7/3/23,6120,10271,34,rego,150345,WSTR 9 IN SHERLOCK PRO FRAME GREEN,1,$7.98 ,PAINT,APPLICATORS,TRAYS / LINERS,$0.00 ,,$0.00 ,$7.98 ,$7.98 ,100357410,
7/3/23,6120,10271,34,rego,1002169001,GL Recy$,1,$1.95 ,FEES,,,$0.00 ,,$0.00 ,$1.95 ,$1.95 ,0,
7/3/23,6120,10271,34,rego,717072,BEST 9 X 3/8 IN MICROFIBER ROLLER,1,$5.87 ,PAINT,APPLICATORS,BEST/PRO ROLLER COVERS,$0.00 ,,$0.00 ,$5.87 ,$5.87 ,202097067,
7/3/23,6120,10271,34,rego,726660,"36""X75' PLASTER REPAIR MESH FABRIC",1,$33.58 ,BLDG. MATERIALS,GYPSUM,TAPE/ABRASIVES,$0.00 ,,$0.00 ,$33.58 ,$33.58 ,202076145,
7/3/23,6120,10271,34,rego,1002277421,ANVIL 13 IN X13 IN ALUMINUM HAWK,1,$19.80 ,BLDG. MATERIALS,CONCRETE,TOOLS,$0.00 ,,$0.00 ,$19.80 ,$19.80 ,300960270,
7/2/23,6120,10910,61,rego,1005532899,10 OZ. CEMEN,1,$9.70 ,BLDG. MATERIALS,CONCRETE,ADDITIVES SEALANTS,$0.00 ,,$0.00 ,$9.70 ,$9.70 ,0,
7/2/23,6120,10910,61,rego,1008493356,8 FT. X 4 IN. SEMI-RIGID DRYER DUCT,1,$28.98 ,KIT/BATH,APPLIANCE PARTS,STOCK PARTS/ACCESSORIES,$0.00 ,,$0.00 ,$28.98 ,$28.98 ,322640698,
7/2/23,6120,10910,61,rego,612928,INDOOR DRYER VENT KIT,1,$20.78 ,PLUMBING,AIR CIRCULATION/ACCES.,DRYER VENTING,$0.00 ,,$0.00 ,$20.78 ,$20.78 ,203626526,
7/2/23,6120,10910,61,rego,790514,SMARTWATER,1,$2.78 ,GARDEN/SEASONAL,CONVENIENCE,BEVERAGES,$0.00 ,,$0.00 ,$2.78 ,$2.78 ,0,
7/2/23,6120,10910,61,rego,999867,BEV DEP 0.05,1,$0.05 ,FEES,,,$0.00 ,,$0.00 ,$0.05 ,$0.05 ,0,
6/30/23,6120,16231,8,rego,178309,10-3 NM W/G 25 FT,1,$99.00 ,ELECTRICAL,WIRE,NM,$0.00 ,,$0.00 ,$99.00 ,$99.00 ,202316238,
6/30/23,1220,48627,20,,503194,TANK EXCHNGE,1,$21.98 ,GARDEN/SEASONAL,BBQ GRILL,PROPANE,$0.00 ,,$0.00 ,$21.98 ,$21.98 ,0,
6/30/23,6120,66235,37,rego,918137,30A BLK FLUSH MNT SNGL POWER OUTLET,1,$12.82 ,ELECTRICAL,WIRING DEVICES,PLUGS/CONNECTORS,$0.00 ,,$0.00 ,$12.82 ,$12.82 ,100144951,
6/30/23,6120,66235,37,rego,745081,CARLON OLD WORK 2G 25CU,1,$4.33 ,ELECTRICAL,CONDUIT/BOXES/FITTINGS,PVC BOX/COVERS/ACCESS,$0.00 ,,$0.00 ,$4.33 ,$4.33 ,100404169,
6/30/23,1220,57918,53,rego,1004813976,HALO 6IN HLBSL DIRMNT LED 3CCTSELCT,1,$17.97 ,ELECTRICAL,RECESSED LIGHTING,,$0.00 ,,$0.00 ,$17.97 ,$17.97 ,311575585,
6/30/23,1220,57918,53,rego,169803,50# SAND,1,$7.56 ,BLDG. MATERIALS,CONCRETE,CEMENT/AGGREGATES,$0.00 ,,$0.00 ,$7.56 ,$7.56 ,0,
6/30/23,1220,57918,53,rego,1004813976,HALO 6IN HLBSL DIRMNT LED 3CCTSELCT,1,$17.97 ,ELECTRICAL,RECESSED LIGHTING,,$0.00 ,,$0.00 ,$17.97 ,$17.97 ,311575585,
6/30/23,1220,57918,53,rego,195879,"16X3-1/8"" MARSHALLTOWN MAG FLOAT",1,$39.97 ,BLDG. MATERIALS,CONCRETE,TOOLS,$0.00 ,,$0.00 ,$39.97 ,$39.97 ,100318067,
6/30/23,1220,57918,53,rego,384267,RAPID CEMENT,1,$25.97 ,BLDG. MATERIALS,CONCRETE,COMM GRADE CONCRETE,$0.00 ,,$0.00 ,$25.97 ,$25.97 ,0,
6/30/23,1220,57918,53,rego,489069,94# PORTLAND,1,$18.67 ,BLDG. MATERIALS,CONCRETE,CEMENT/AGGREGATES,$0.00 ,,$0.00 ,$18.67 ,$18.67 ,0,
6/30/23,1220,57918,53,rego,725924,2G WHT RANGE & DRYER WALLPLT,1,$2.98 ,ELECTRICAL,WIRING DEVICES,WALL PLATES (COMMODITY),$0.00 ,,$0.00 ,$2.98 ,$2.98 ,202059864,
6/30/23,1220,57918,53,rego,1002277323,ANVIL 14 X 3-1/2-IN WOOD FLOAT,1,$12.09 ,BLDG. MATERIALS,CONCRETE,TOOLS,$0.00 ,,$0.00 ,$12.09 ,$12.09 ,300960477,
6/30/23,1220,57918,53,rego,1004813976,HALO 6IN HLBSL DIRMNT LED 3CCTSELCT,1,$17.97 ,ELECTRICAL,RECESSED LIGHTING,,$0.00 ,,$0.00 ,$17.97 ,$17.97 ,311575585,
6/30/23,1220,47488,20,Rego,915150,"NASHUA HEAVY DUTY-1.89""X120YD(2ROLL)",1,$12.97 ,PLUMBING,AIR CIRCULATION/ACCES.,DUCT TAPE,$0.00 ,,($2.87),$10.10 ,$10.10 ,100351967,
6/30/23,1220,47488,20,Rego,383759,RAPID MORTAR,1,$17.97 ,BLDG. MATERIALS,CONCRETE,COMM GRADE CONCRETE,$0.00 ,,($2.70),$15.27 ,$15.27 ,0,
6/30/23,1220,47488,20,Rego,1005499397,KLEAN STRIP PREM STRIPPER AEROSOL,1,$18.97 ,PAINT,SOLVENTS/REMOVERS/CLEANR,REMOVERS,$0.00 ,,($2.84),$16.13 ,$16.13 ,313697915,
6/30/23,1220,47488,20,Rego,1005532902,10 OZ. CEMEN,1,$9.42 ,BLDG. MATERIALS,CONCRETE,ADDITIVES SEALANTS,$0.00 ,,($1.41),$8.01 ,$8.01 ,0,
6/30/23,1220,47488,20,Rego,383759,RAPID MORTAR,1,$17.97 ,BLDG. MATERIALS,CONCRETE,COMM GRADE CONCRETE,$0.00 ,,($2.70),$15.27 ,$15.27 ,0,
6/30/23,1220,47488,20,Rego,1006462126,DYNA-GLO 3-BURNER GAS GRILL,1,$199.00 ,GARDEN/SEASONAL,BBQ GRILL,,$0.00 ,,($29.85),$169.15 ,$169.15 ,317195903,
6/30/23,1220,47488,20,Rego,1005532903,10 OZ. CEMEN,1,$9.52 ,BLDG. MATERIALS,CONCRETE,ADDITIVES SEALANTS,$0.00 ,,($1.43),$8.09 ,$8.09 ,0,
6/29/23,1220,92372,51,rego,1006863470,"1"" PLASTIC CAP - 250 COUNT",1,$11.53 ,HARDWARE,FASTENERS,ROOFING NAILS,$0.00 ,,$0.00 ,$11.53 ,$11.53 ,318170368,
6/29/23,1220,92372,51,rego,1006453190,BEHR MULTI-PURP CAULK 10.1 OZ WHITE,1,$4.28 ,PAINT,CAULKS,LATEX,$0.00 ,,$0.00 ,$4.28 ,$4.28 ,316993414,
6/29/23,1220,92372,51,rego,223222,PL PREMIUM PU ADHESIVE 10 OZ,1,$7.28 ,PAINT,CONSTRUCTION ADHESIVE,POLYURETHANES,$0.00 ,,$0.00 ,$7.28 ,$7.28 ,202020473,
6/29/23,1220,92372,51,rego,1006453190,BEHR MULTI-PURP CAULK 10.1 OZ WHITE,1,$4.28 ,PAINT,CAULKS,LATEX,$0.00 ,,$0.00 ,$4.28 ,$4.28 ,316993414,
6/29/23,1220,92372,51,rego,223222,PL PREMIUM PU ADHESIVE 10 OZ,1,$7.28 ,PAINT,CONSTRUCTION ADHESIVE,POLYURETHANES,$0.00 ,,$0.00 ,$7.28 ,$7.28 ,202020473,
6/29/23,1220,56043,53,rego,258725,4.5GAL JTCOM,1,$21.00 ,BLDG. MATERIALS,GYPSUM,JOINT TREATMENT,$0.00 ,,$0.00 ,$21.00 ,$21.00 ,0,
6/29/23,1220,56043,53,rego,258725,4.5GAL JTCOM,1,$21.00 ,BLDG. MATERIALS,GYPSUM,JOINT TREATMENT,$0.00 ,,$0.00 ,$21.00 ,$21.00 ,0,
6/28/23,8119,37023,45,Rego,1002269803,"52"" HUGGER LED WH",1,$59.98 ,ELECTRICAL,CEILING FANS,50 TO 54 IN. INDOOR CEIL,$0.00 ,,$0.00 ,$59.98 ,$59.98 ,300930187,Jessie Gibson
6/27/23,1220,71374,90,rego,1005470014,FLCE7522AW,1,"$1,599.00 ",KIT/BATH,LAUNDRY,COMBO WASHER/DRYER ELECT,$0.00 ,,($351.00),"$1,248.00 ","$1,248.00 ",312751609,Jessie Gibson
6/27/23,1220,33008,54,rego,732666,1/4 FNPT BALL FOOT AIR CHUCK,1,$4.98 ,HARDWARE,COMPRESSORS AND AIR TOOL,AIR TOOLS ACCESSORIES,$0.00 ,,$0.00 ,$4.98 ,$4.98 ,100063411,
6/27/23,1220,33008,54,rego,1005399879,POLYBLEND PLUS #382 BONE 25 LB. SAND,1,$23.37 ,WALL&FLOOR COVER.,FLOORING TOOLS & MATERIA,GROUT,$0.00 ,,$0.00 ,$23.37 ,$23.37 ,313291664,
6/27/23,1220,33008,54,rego,1009215889,"4"" SQ COVER 1/2 RAISED 2 DEVICE",1,$2.44 ,ELECTRICAL,CONDUIT/BOXES/FITTINGS,METAL BOXES/COVERS/ACCES,$0.00 ,,$0.00 ,$2.44 ,$2.44 ,324472726,
6/27/23,1220,33008,54,rego,186261,CANDY,1,$2.68 ,GARDEN/SEASONAL,CONVENIENCE,CANDY/COOKIES,$0.00 ,,$0.00 ,$2.68 ,$2.68 ,0,
6/27/23,1220,33008,54,rego,1009215889,"4"" SQ COVER 1/2 RAISED 2 DEVICE",1,$2.44 ,ELECTRICAL,CONDUIT/BOXES/FITTINGS,METAL BOXES/COVERS/ACCES,$0.00 ,,$0.00 ,$2.44 ,$2.44 ,324472726,
6/26/23,8119,70178,85,Rego,1004693386,3X6 SIMPLY GREY WALL TILE-CA-10 SF,3,$39.90 ,WALL&FLOOR COVER.,FLOOR AND WALL TILE,"LESS THAN 12"" TILE/STONE",$0.00 ,,$0.00 ,$119.70 ,$39.90 ,310747553,Jessie Gibson
6/26/23,1220,77316,51,rego,610003,CUSTOMBLEND THINSET GRAY 50LB,1,$11.67 ,WALL&FLOOR COVER.,FLOORING TOOLS & MATERIA,ADHESIVES,$0.00 ,,$0.00 ,$11.67 ,$11.67 ,100166653,
6/26/23,1220,77316,51,rego,610003,CUSTOMBLEND THINSET GRAY 50LB,1,$11.67 ,WALL&FLOOR COVER.,FLOORING TOOLS & MATERIA,ADHESIVES,$0.00 ,,$0.00 ,$11.67 ,$11.67 ,100166653,
6/26/23,1220,77316,51,rego,610003,CUSTOMBLEND THINSET GRAY 50LB,1,$11.67 ,WALL&FLOOR COVER.,FLOORING TOOLS & MATERIA,ADHESIVES,$0.00 ,,$0.00 ,$11.67 ,$11.67 ,100166653,
6/26/23,1220,77316,51,rego,610003,CUSTOMBLEND THINSET GRAY 50LB,1,$11.67 ,WALL&FLOOR COVER.,FLOORING TOOLS & MATERIA,ADHESIVES,$0.00 ,,$0.00 ,$11.67 ,$11.67 ,100166653,
6/26/23,1220,77316,51,rego,610003,CUSTOMBLEND THINSET GRAY 50LB,1,$11.67 ,WALL&FLOOR COVER.,FLOORING TOOLS & MATERIA,ADHESIVES,$0.00 ,,$0.00 ,$11.67 ,$11.67 ,100166653,
6/26/23,1220,77316,51,rego,610003,CUSTOMBLEND THINSET GRAY 50LB,1,$11.67 ,WALL&FLOOR COVER.,FLOORING TOOLS & MATERIA,ADHESIVES,$0.00 ,,$0.00 ,$11.67 ,$11.67 ,100166653,
6/25/23,1220,93869,12,rego,1001370398,ECS (60W) A19 SMT DL 4PK DIM,1,$11.48 ,ELECTRICAL,LIGHT BULBS,,$0.00 ,,($5.49),$5.99 ,$5.99 ,206047105,
6/25/23,1220,93919,12,rego,1005673260,CITRUS SCRUB,1,$9.98 ,GARDEN/SEASONAL,BBQ GRILL,TOOLS AND ACCESSORIES,$0.00 ,,$0.00 ,$9.98 ,$9.98 ,0,
6/25/23,1220,93919,12,rego,1006960523,MOLD ARMOR HOUSE WASH MICROBAN-GAL,1,$15.97 ,PAINT,SOLVENTS/REMOVERS/CLEANR,MOLD/MOISTURE,$0.00 ,,$0.00 ,$15.97 ,$15.97 ,318808513,
6/25/23,1220,93919,12,rego,571237,LIBMAN ALL PURPOSE HOUSEHOLD BRUSH,1,$4.47 ,GARDEN/SEASONAL,CLEANING,SPONGES/GLOVES,$0.00 ,,$0.00 ,$4.47 ,$4.47 ,203081580,
6/25/23,1220,93919,12,rego,309370,10'X25' 3.5MIL CLR PLASTIC SHEETING,1,$14.98 ,PAINT,SHEETING/BUCKETS,PLASTIC SHEETING 4 MIL +,$0.00 ,,$0.00 ,$14.98 ,$14.98 ,204711653,
6/25/23,1220,93919,12,rego,1005673260,CITRUS SCRUB,1,$9.98 ,GARDEN/SEASONAL,BBQ GRILL,TOOLS AND ACCESSORIES,$0.00 ,,$0.00 ,$9.98 ,$9.98 ,0,
6/25/23,1220,58517,21,rego,946452,ELECTRICIAN CONDUIT CUTTER,1,($39.97),ELECTRICAL,TOOLS & ACCESSORIES,ELECTRIC TOOLS,$0.00 ,,$0.00 ,($39.97),($39.97),100662410,
6/25/23,1220,58517,21,rego,853623,14-2 UF W/G 100 FT,1,($59.75),ELECTRICAL,WIRE,UF,$0.00 ,,$0.00 ,($59.75),($59.75),202316582,
6/25/23,1220,11677,52,rego,1009215885,FLAT CVR KO,1,$1.50 ,ELECTRICAL,CONDUIT/BOXES/FITTINGS,METAL BOXES/COVERS/ACCES,$0.00 ,,$0.00 ,$1.50 ,$1.50 ,0,
6/25/23,1220,11677,52,rego,1009215884,4-11/16BX KO,1,$6.70 ,ELECTRICAL,CONDUIT/BOXES/FITTINGS,METAL BOXES/COVERS/ACCES,$0.00 ,,$0.00 ,$6.70 ,$6.70 ,0,
6/25/23,1220,11677,52,rego,1009215882,4SQ 2-1/8D,1,$3.55 ,ELECTRICAL,CONDUIT/BOXES/FITTINGS,METAL BOXES/COVERS/ACCES,$0.00 ,,$0.00 ,$3.55 ,$3.55 ,0,
6/25/23,1220,11677,52,rego,532953,GREAT STUFF PRO GAPS & CRACKS 24 OZ,1,$13.97 ,BLDG. MATERIALS,INSULATION,FOAM,$0.00 ,,$0.00 ,$13.97 ,$13.97 ,202892471,
6/25/23,1220,49473,7,rego,206072,"3/4""X1/2"" BLK ELBOW 90DEG",1,$4.81 ,PLUMBING,PIPE AND FITTINGS,BLACK FITTING,$0.00 ,,$0.00 ,$4.81 ,$4.81 ,100127854,
6/25/23,1220,49473,7,rego,969802,CONDUIT REAMER DRILL HEAD,1,$24.97 ,ELECTRICAL,TOOLS & ACCESSORIES,ELECTRIC TOOLS,$0.00 ,,$0.00 ,$24.97 ,$24.97 ,203745561,
6/25/23,1220,49473,7,rego,953151,BX & ARMORED-CABLE CUTTER,1,$44.97 ,ELECTRICAL,TOOLS & ACCESSORIES,ELECTRIC TOOLS,$0.00 ,,$0.00 ,$44.97 ,$44.97 ,203872308,
6/25/23,1220,49473,7,rego,255495,TILEX MOLD&MILDEW REMOVER SPY 32OZ,1,$6.78 ,GARDEN/SEASONAL,CLEANING,,$0.00 ,,$0.00 ,$6.78 ,$6.78 ,203219253,
6/25/23,1220,49473,7,rego,1008462394,ECOLAB HEAVY DUTY SPRAY BOTTLE 32OZ,1,$3.98 ,GARDEN/SEASONAL,CLEANING,CLEANING CHEMICALS,$0.00 ,,$0.00 ,$3.98 ,$3.98 ,322222016,
6/25/23,1220,49473,7,rego,817783,"3/4""X18"" BLK NIPPLE",1,$16.49 ,PLUMBING,PIPE AND FITTINGS,BLACK PRECUT,$0.00 ,,$0.00 ,$16.49 ,$16.49 ,100569303,
6/25/23,1220,49473,7,rego,817783,"3/4""X18"" BLK NIPPLE",1,$16.49 ,PLUMBING,PIPE AND FITTINGS,BLACK PRECUT,$0.00 ,,$0.00 ,$16.49 ,$16.49 ,100569303,
6/25/23,1220,49473,7,rego,104922,"3/4""X6"" BLK NIPPLE",1,$5.26 ,PLUMBING,PIPE AND FITTINGS,BLACK PRECUT,$0.00 ,,$0.00 ,$5.26 ,$5.26 ,100560183,
6/24/23,1220,41995,53,rego,946452,ELECTRICIAN CONDUIT CUTTER,1,$39.97 ,ELECTRICAL,TOOLS & ACCESSORIES,ELECTRIC TOOLS,$0.00 ,,$0.00 ,$39.97 ,$39.97 ,100662410,
6/24/23,1220,21213,9,rego,169062,"N015 SNAPTITE CONN NM 3/8"" PK10",1,$7.88 ,ELECTRICAL,CONDUIT/BOXES/FITTINGS,ALL METAL FITTINGS,$0.00 ,,$0.00 ,$7.88 ,$7.88 ,203803772,
6/24/23,1220,21213,9,rego,714517,7/16ODX5/16IDX20' VINYL TUBE,1,$10.93 ,PLUMBING,PIPE AND FITTINGS,VINYL/PLASTIC/TUBING,$0.00 ,,$0.00 ,$10.93 ,$10.93 ,304185172,
6/24/23,1220,21213,9,rego,1001254977,MIDFORD 4LT LED BN VANITY LT DNI,1,$49.97 ,ELECTRICAL,INTERIOR LIGHTING,"VANITY,WALL & SCONCE",$0.00 ,,$0.00 ,$49.97 ,$49.97 ,317963214,
6/24/23,1220,21213,9,rego,879776,HUSKY 6IN LONG NOSE PLIERS,1,$12.97 ,HARDWARE,HAND TOOLS,ADJ WRNCHS/PLIERS,$0.00 ,,$0.00 ,$12.97 ,$12.97 ,203287743,
6/24/23,1220,21213,9,rego,1005659255,"DOORSTOP, KICKDOWN_SN",1,$7.27 ,HARDWARE,BUILDER'S HARDWARE,DOOR HDWRE & HINGES,$0.00 ,,$0.00 ,$7.27 ,$7.27 ,314151482,
6/24/23,1220,21213,9,rego,681387,"3/8"" BARB X 3/8"" FIP ADAPTER BRASS",1,$5.45 ,PLUMBING,PIPE AND FITTINGS,BRASS FITTINGS,$0.00 ,,$0.00 ,$5.45 ,$5.45 ,300095957,
6/24/23,1220,21213,9,rego,614113,15A 125V WHT ANGLE PLUG,1,$2.98 ,ELECTRICAL,WIRING DEVICES,PLUGS/CONNECTORS,$0.00 ,,$0.00 ,$2.98 ,$2.98 ,100356972,
6/24/23,1220,21213,9,rego,148397,FELT PAD ASSORTED W/ BLANKET 27PK,1,$9.93 ,HARDWARE,BUILDER'S HARDWARE,CASTER/GLIDES,$0.00 ,,$0.00 ,$9.93 ,$9.93 ,203661130,
6/24/23,1220,21213,9,rego,527164,MOLD ARMOR MOLD TEST KIT,1,$10.85 ,PAINT,SOLVENTS/REMOVERS/CLEANR,MOLD/MOISTURE,$0.00 ,,$0.00 ,$10.85 ,$10.85 ,100628956,
6/24/23,1220,46602,7,rego,1006989715,DAMPRID MOISTURE DETECTOR STRIPS-5CT,1,$8.77 ,PAINT,SOLVENTS/REMOVERS/CLEANR,MOLD/MOISTURE,$0.00 ,,$0.00 ,$8.77 ,$8.77 ,318957858,
6/24/23,1220,46602,7,rego,1005797448,24X24X1 HDX FPR 5 FILTR,1,$5.98 ,PLUMBING,AIR CIRCULATION/ACCES.,PLEATED AIR FILTERS,$0.00 ,,$0.00 ,$5.98 ,$5.98 ,314671517,
6/24/23,1220,46602,7,rego,1005797448,24X24X1 HDX FPR 5 FILTR,1,$5.98 ,PLUMBING,AIR CIRCULATION/ACCES.,PLEATED AIR FILTERS,$0.00 ,,$0.00 ,$5.98 ,$5.98 ,314671517,
6/24/23,1220,46602,7,rego,376914,RIDGID HEPA PLEATED PAPER FLTER,1,$32.97 ,HARDWARE,WET DRY VACS,VAC FILTERS&ACCESSORIES,$0.00 ,,$0.00 ,$32.97 ,$32.97 ,100022800,
6/24/23,1220,46602,7,rego,1006844972,6QT MG TROPICAL POTTING MIX,1,$6.97 ,GARDEN/SEASONAL,SOILS AND AMENDMENTS,INDOOR SOILS,$0.00 ,,$0.00 ,$6.97 ,$6.97 ,318258532,
6/24/23,1220,46602,7,rego,1005797448,24X24X1 HDX FPR 5 FILTR,1,$5.98 ,PLUMBING,AIR CIRCULATION/ACCES.,PLEATED AIR FILTERS,$0.00 ,,$0.00 ,$5.98 ,$5.98 ,314671517,
6/24/23,1220,46602,7,rego,692106,HVY DUTY COVERALL W/HOOD XL,1,$13.98 ,PAINT,SHEETING/BUCKETS,PAINT APPAREL,$0.00 ,,$0.00 ,$13.98 ,$13.98 ,203555482,
6/24/23,1220,46602,7,rego,1004182777,CAT 6 SINGLE PIECE MODULAR PLUG 25PK,1,$20.98 ,ELECTRICAL,CONTROL,,$0.00 ,,$0.00 ,$20.98 ,$20.98 ,308990482,
6/24/23,1220,46602,7,rego,527164,MOLD ARMOR MOLD TEST KIT,1,$10.85 ,PAINT,SOLVENTS/REMOVERS/CLEANR,MOLD/MOISTURE,$0.00 ,,$0.00 ,$10.85 ,$10.85 ,100628956,
6/24/23,1220,46602,7,rego,253204,RIDGID MEDIUM DUST BAG FILT - SIZE B,1,$19.97 ,HARDWARE,WET DRY VACS,VAC FILTERS&ACCESSORIES,$0.00 ,,$0.00 ,$19.97 ,$19.97 ,202066801,
6/24/23,1220,46602,7,rego,1005797448,24X24X1 HDX FPR 5 FILTR,1,$5.98 ,PLUMBING,AIR CIRCULATION/ACCES.,PLEATED AIR FILTERS,$0.00 ,,$0.00 ,$5.98 ,$5.98 ,314671517,
6/20/23,1220,20344,54,rego,1002810232,6 QT MG PM,1,$5.97 ,GARDEN/SEASONAL,SOILS AND AMENDMENTS,INDOOR SOILS,$0.00 ,,$0.00 ,$5.97 ,$5.97 ,0,
6/18/23,1220,12952,54,rego,1007052542,DECOR 15 AMP,1,$20.38 ,ELECTRICAL,WIRING DEVICES,RECEPTACLES,$0.00 ,,$0.00 ,$20.38 ,$20.38 ,0,
6/18/23,1220,12952,54,rego,853623,14-2 UF W/G 100 FT,1,$59.75 ,ELECTRICAL,WIRE,UF,$0.00 ,,$0.00 ,$59.75 ,$59.75 ,202316582,
6/18/23,1220,12952,54,rego,1004297120,30W (6A) USB DUAL TYPE-C WITH POWER,1,$29.98 ,ELECTRICAL,WIRING DEVICES,,$0.00 ,,($9.01),$20.97 ,$20.97 ,309375309,
6/18/23,1220,12952,54,rego,1003161246,BAR KEEPERS FRIEND APC&POLISH 21OZ,1,$2.48 ,GARDEN/SEASONAL,CLEANING,CLEANING CHEMICALS,$0.00 ,,$0.00 ,$2.48 ,$2.48 ,305034131,
6/18/23,1220,12952,54,rego,1000054701,"RIDGID 1-7/8"" LED NOZZLE",1,$11.97 ,HARDWARE,WET DRY VACS,,$0.00 ,,$0.00 ,$11.97 ,$11.97 ,204960486,
6/18/23,1220,12952,54,rego,1008760407,20 IN. PLASTIC RUBBER FLOOR SQUEEGEE,1,$12.97 ,GARDEN/SEASONAL,CLEANING,MOPS,$0.00 ,,$0.00 ,$12.97 ,$12.97 ,323216223,
6/18/23,1220,12952,54,rego,1004690789,"DIABLO 4.5"" MASONRY DIAMOND TURBO",1,$15.97 ,HARDWARE,POWER TOOL ACCESSORIES,DIAMOND BLADES,$0.00 ,,$0.00 ,$15.97 ,$15.97 ,310969647,
6/18/23,1220,12952,54,rego,1004605592,"20A TAMPER AFCI/GFCI, WHITE",1,$32.10 ,ELECTRICAL,WIRING DEVICES,,$0.00 ,,$0.00 ,$32.10 ,$32.10 ,310385809,
6/18/23,1220,12952,54,rego,1007504521,CASCADE PLAT DISH PODS LEMON 62CT,1,$21.97 ,GARDEN/SEASONAL,CLEANING,CLEANING CHEMICALS,$0.00 ,,$0.00 ,$21.97 ,$21.97 ,319955837,
6/18/23,1220,12952,54,rego,1006313136,CITRONELLA,1,$14.98 ,GARDEN/SEASONAL,LIVE GOODS,VEGETABLES AND HERBS,$0.00 ,,$0.00 ,$14.98 ,$14.98 ,0,
6/18/23,1220,12952,54,rego,335112,"RIDGID 2-1/2"" NOISE MUFFLER",1,$16.97 ,HARDWARE,WET DRY VACS,,$0.00 ,,$0.00 ,$16.97 ,$16.97 ,100037235,
6/18/23,1220,12952,54,rego,1001868891,FINISH DISH RINSE AID 23OZ,1,$13.78 ,GARDEN/SEASONAL,CLEANING,CLEANING CHEMICALS,$0.00 ,,$0.00 ,$13.78 ,$13.78 ,207190815,
6/17/23,1220,20106,53,rego,1007810568,"4-11/16 SQUARE BOX 3/4"" X 1"" KO",1,$7.61 ,ELECTRICAL,CONDUIT/BOXES/FITTINGS,METAL BOXES/COVERS/ACCES,$0.00 ,,$0.00 ,$7.61 ,$7.61 ,100537936,
6/17/23,1220,20106,53,rego,275443,"3/8""ODX3/8""ODX20"" BRAID FCT SUP LINE",1,$7.90 ,PLUMBING,PIPE AND FITTINGS,VALVE & SUPPLY LINES,$0.00 ,,$0.00 ,$7.90 ,$7.90 ,100150071,
6/17/23,1220,20106,53,rego,624816,"GUARDIAN 2-1/4""X7-3/4""MASON'S CHISEL",1,$13.27 ,HARDWARE,HAND TOOLS,WRECKING/PRY BARS/FILES,$0.00 ,,$0.00 ,$13.27 ,$13.27 ,100194041,
6/17/23,1220,20106,53,rego,158086,"HS TUBING, 3/4"" - 3/8"", BLACK, 3""",1,$2.40 ,ELECTRICAL,TOOLS & ACCESSORIES,HEAT SHRINK,$0.00 ,,$0.00 ,$2.40 ,$2.40 ,311129131,
6/17/23,1220,20106,53,rego,239832,1/2INFIPX3/8INODCOMP1/4TURN ANG VALV,1,$9.92 ,PLUMBING,PIPE AND FITTINGS,VALVE & SUPPLY LINES,$0.00 ,,$0.00 ,$9.92 ,$9.92 ,202047053,
6/17/23,1220,20106,53,rego,992584,SIE BREAKER 20A 1-POLE TANDEM CL,1,$16.51 ,ELECTRICAL,CIRCUIT PROTECT. DEVICES,BREAKERS,$0.00 ,,$0.00 ,$16.51 ,$16.51 ,100016494,
6/17/23,1220,20106,53,rego,151367,"5-1/2"" GREEN STEEL GROUND CLIPS 10PK",1,$2.18 ,ELECTRICAL,TOOLS & ACCESSORIES,GROUNDING,$0.00 ,,$0.00 ,$2.18 ,$2.18 ,312647830,
6/17/23,1220,20106,53,rego,239832,1/2INFIPX3/8INODCOMP1/4TURN ANG VALV,1,$9.92 ,PLUMBING,PIPE AND FITTINGS,VALVE & SUPPLY LINES,$0.00 ,,$0.00 ,$9.92 ,$9.92 ,202047053,
6/17/23,1220,20106,53,rego,396326,"3/8""X3/8""X12"" BRAID FCT SUPPLY LINE",1,$6.26 ,PLUMBING,PIPE AND FITTINGS,VALVE & SUPPLY LINES,$0.00 ,,$0.00 ,$6.26 ,$6.26 ,100171016,
6/17/23,1220,20106,53,rego,367960,"3/8""X3/8""X3/8"" T-FTTNG",1,$7.47 ,PLUMBING,PIPE AND FITTINGS,VALVE & SUPPLY LINES,$0.00 ,,$0.00 ,$7.47 ,$7.47 ,202495893,
6/17/23,1220,86613,18,rego,762442,"3/8"" SHARKBITE TEE",1,($12.97),PLUMBING,PIPE AND FITTINGS,PUSH TO CONNECT FTTGS,$0.00 ,,$0.00 ,($12.97),($12.97),202270521,
6/17/23,1220,86613,18,rego,702294,1/2ODX3/8IDX20' VINYL TUBE,1,($12.59),PLUMBING,PIPE AND FITTINGS,VINYL/PLASTIC/TUBING,$0.00 ,,$0.00 ,($12.59),($12.59),304185162,
6/17/23,1220,86613,18,rego,762508,"3/8"" SHARKBITE COUPLING",1,($8.37),PLUMBING,PIPE AND FITTINGS,PUSH TO CONNECT FTTGS,$0.00 ,,$0.00 ,($8.37),($8.37),202270491,
6/17/23,1220,86613,18,rego,558710,"3/8"" BARB X 1/4"" MIP ADAPTER NYLON",1,($2.97),PLUMBING,PIPE AND FITTINGS,NYLON FITTINGS,$0.00 ,,$0.00 ,($2.97),($2.97),300862739,
6/17/23,1220,86613,18,rego,870627,"3/8"" FP BALL VALVE FPT 600PSI LF",1,($11.52),PLUMBING,PIPE AND FITTINGS,VALVES ONLY,$0.00 ,,$0.00 ,($11.52),($11.52),203020038,
6/17/23,1220,86613,18,rego,100575,SS CLAMP,1,($1.98),PLUMBING,IRRIGATION,,$0.00 ,,$0.00 ,($1.98),($1.98),0,
6/17/23,1220,86613,18,rego,100575,SS CLAMP,1,($1.98),PLUMBING,IRRIGATION,,$0.00 ,,$0.00 ,($1.98),($1.98),0,
6/17/23,1220,86613,18,rego,100575,SS CLAMP,1,($1.98),PLUMBING,IRRIGATION,,$0.00 ,,$0.00 ,($1.98),($1.98),0,
6/17/23,1220,86613,18,rego,761584,"3/8"" SHARKBITE X 1/2"" MALE ADAPTER",1,($8.27),PLUMBING,PIPE AND FITTINGS,PUSH TO CONNECT FTTGS,$0.00 ,,$0.00 ,($8.27),($8.27),202270504,
6/17/23,1220,86613,18,rego,417841,DRAIN OPENER,1,($13.98),PLUMBING,PLUMBING REPAIR & REPLAC,DRAIN OPENERS/CHEMICAL,$0.00 ,,$0.00 ,($13.98),($13.98),0,
6/17/23,1220,42146,51,,1003067556,"HUSKY 6"" CLOSE QUARTERS HACKSAW",1,$14.77 ,PLUMBING,PLUMBING REPAIR & REPLAC,PLUMBING TOOLS,$0.00 ,,$0.00 ,$14.77 ,$14.77 ,304583784,
6/17/23,1220,42146,51,,543659,"3/8"" COMP SLEEVE BRASS 3PK",1,$2.67 ,PLUMBING,PIPE AND FITTINGS,BRASS FITTINGS,$0.00 ,,$0.00 ,$2.67 ,$2.67 ,207176892,
6/17/23,1220,42146,51,,1001512066,ICE MAKER WATER SUPPLY KIT,1,$24.95 ,PLUMBING,PIPE AND FITTINGS,NYLON FITTINGS,$0.00 ,,$0.00 ,$24.95 ,$24.95 ,315856801,
6/17/23,1220,42146,51,,543667,"3/8"" COMP NUT BRASS",1,$3.65 ,PLUMBING,PIPE AND FITTINGS,BRASS FITTINGS,$0.00 ,,$0.00 ,$3.65 ,$3.65 ,207176781,
6/17/23,1220,42146,51,,629408,"3/8"" COMP X 3/8"" COMP 90 ELBOW BRASS",1,$9.05 ,PLUMBING,PIPE AND FITTINGS,BRASS FITTINGS,$0.00 ,,$0.00 ,$9.05 ,$9.05 ,207176912,
6/17/23,1220,33546,20,rego,543659,"3/8"" COMP SLEEVE BRASS 3PK",1,($2.67),PLUMBING,PIPE AND FITTINGS,BRASS FITTINGS,$0.00 ,,$0.00 ,($2.67),($2.67),207176892,
6/17/23,1220,33546,20,rego,238710,"4"" PLASTIC WING NUT TEST PLUG",1,($8.95),PLUMBING,PIPE AND FITTINGS,DWV FITTINGS,$0.00 ,,$0.00 ,($8.95),($8.95),100204964,
6/17/23,1220,33546,20,rego,238710,"4"" PLASTIC WING NUT TEST PLUG",1,($8.95),PLUMBING,PIPE AND FITTINGS,DWV FITTINGS,$0.00 ,,$0.00 ,($8.95),($8.95),100204964,
6/17/23,1220,33546,20,rego,543667,"3/8"" COMP NUT BRASS",1,($3.65),PLUMBING,PIPE AND FITTINGS,BRASS FITTINGS,$0.00 ,,$0.00 ,($3.65),($3.65),207176781,
6/17/23,1220,44878,51,rego,1007798934,1-7/8 HANDY BOX FLAT BRKT 1/2 KO,1,$4.24 ,ELECTRICAL,CONDUIT/BOXES/FITTINGS,METAL BOXES/COVERS/ACCES,$0.00 ,,$0.00 ,$4.24 ,$4.24 ,100557445,
6/17/23,1220,44878,51,rego,653772,"1/2"" COMP CAP BRASS",1,$3.77 ,PLUMBING,PIPE AND FITTINGS,BRASS FITTINGS,$0.00 ,,$0.00 ,$3.77 ,$3.77 ,207176598,
6/16/23,1220,17227,53,rego,1004775516,COCOA WFR,1,$3.27 ,GARDEN/SEASONAL,CONVENIENCE,CANDY/COOKIES,$0.00 ,,$0.00 ,$3.27 ,$3.27 ,0,
6/16/23,1220,17227,53,rego,187457,CANDY,1,$2.97 ,GARDEN/SEASONAL,CONVENIENCE,CANDY/COOKIES,$0.00 ,,$0.00 ,$2.97 ,$2.97 ,0,
6/16/23,1220,17227,53,rego,870627,"3/8"" FP BALL VALVE FPT 600PSI LF",1,$11.52 ,PLUMBING,PIPE AND FITTINGS,VALVES ONLY,$0.00 ,,$0.00 ,$11.52 ,$11.52 ,203020038,
6/16/23,1220,17227,53,rego,187279,CANDY,1,$2.97 ,GARDEN/SEASONAL,CONVENIENCE,CANDY/COOKIES,$0.00 ,,$0.00 ,$2.97 ,$2.97 ,0,
6/16/23,1220,17227,53,rego,762442,"3/8"" SHARKBITE TEE",1,$12.97 ,PLUMBING,PIPE AND FITTINGS,PUSH TO CONNECT FTTGS,$0.00 ,,$0.00 ,$12.97 ,$12.97 ,202270521,
6/16/23,1220,39712,51,rego park,639092,1000 LB WOODEN FURNITURE DOLLY,1,$34.98 ,GARDEN/SEASONAL,TOOLS,HAND TRUCKS,$0.00 ,,$0.00 ,$34.98 ,$34.98 ,100057209,
6/16/23,1220,39712,51,rego park,290206,1000 LB METAL DUAL HANDLE HAND TRUCK,1,$119.00 ,GARDEN/SEASONAL,TOOLS,HAND TRUCKS,$0.00 ,,$0.00 ,$119.00 ,$119.00 ,202204469,
6/16/23,1220,17920,53,rego,702294,1/2ODX3/8IDX20' VINYL TUBE,1,$12.59 ,PLUMBING,PIPE AND FITTINGS,VINYL/PLASTIC/TUBING,$0.00 ,,$0.00 ,$12.59 ,$12.59 ,304185162,
6/16/23,1220,17920,53,rego,100575,SS CLAMP,1,$1.98 ,PLUMBING,IRRIGATION,,$0.00 ,,$0.00 ,$1.98 ,$1.98 ,0,
6/16/23,1220,17920,53,rego,178438,"1/2""X260"" PTFE TAPE",1,$0.98 ,PLUMBING,PIPE AND FITTINGS,PIPE CHEMICALS,$0.00 ,,$0.00 ,$0.98 ,$0.98 ,202280370,
6/16/23,1220,17920,53,rego,100575,SS CLAMP,1,$1.98 ,PLUMBING,IRRIGATION,,$0.00 ,,$0.00 ,$1.98 ,$1.98 ,0,
6/16/23,1220,17920,53,rego,100575,SS CLAMP,1,$1.98 ,PLUMBING,IRRIGATION,,$0.00 ,,$0.00 ,$1.98 ,$1.98 ,0,
6/16/23,1220,17920,53,rego,558710,"3/8"" BARB X 1/4"" MIP ADAPTER NYLON",1,$2.97 ,PLUMBING,PIPE AND FITTINGS,NYLON FITTINGS,$0.00 ,,$0.00 ,$2.97 ,$2.97 ,300862739,
6/16/23,1220,17920,53,rego,558710,"3/8"" BARB X 1/4"" MIP ADAPTER NYLON",1,$2.97 ,PLUMBING,PIPE AND FITTINGS,NYLON FITTINGS,$0.00 ,,$0.00 ,$2.97 ,$2.97 ,300862739,
6/16/23,1220,83643,52,,762508,"3/8"" SHARKBITE COUPLING",1,$8.37 ,PLUMBING,PIPE AND FITTINGS,PUSH TO CONNECT FTTGS,$0.00 ,,$0.00 ,$8.37 ,$8.37 ,202270491,
6/16/23,1220,83643,52,,238707,"3"" PLASTIC WING NUT TEST PLUG",1,$7.34 ,PLUMBING,PIPE AND FITTINGS,DWV FITTINGS,$0.00 ,,$0.00 ,$7.34 ,$7.34 ,100168770,
6/16/23,1220,83643,52,,761221,"3/8"" SHARKBITE END STOP",1,$7.97 ,PLUMBING,PIPE AND FITTINGS,PUSH TO CONNECT FTTGS,$0.00 ,,$0.00 ,$7.97 ,$7.97 ,202270530,
6/16/23,1220,83643,52,,761584,"3/8"" SHARKBITE X 1/2"" MALE ADAPTER",1,$8.27 ,PLUMBING,PIPE AND FITTINGS,PUSH TO CONNECT FTTGS,$0.00 ,,$0.00 ,$8.27 ,$8.27 ,202270504,
6/14/23,1220,78544,52,rego,292170,BOSTON FERN,1,$19.98 ,GARDEN/SEASONAL,LIVE GOODS,TROPICALS,$0.00 ,,$0.00 ,$19.98 ,$19.98 ,0,
6/14/23,1220,78544,52,rego,1005398428,3/8 IN. X 10 IN. X 12 IN. CARBIDE HA,1,$15.67 ,HARDWARE,POWER TOOL ACCESSORIES,MASONRY DRILL BITS,$0.00 ,,$0.00 ,$15.67 ,$15.67 ,313176652,
6/14/23,1220,78544,52,rego,1000018133,MILWAUKEE DOOR LOCK INSTALLATION KIT,1,$41.97 ,HARDWARE,POWER TOOL ACCESSORIES,HOLESAWS,$0.00 ,,$0.00 ,$41.97 ,$41.97 ,204402141,
6/14/23,1220,78544,52,rego,1002800035,MKE BI-METAL SET 10PC,1,$19.97 ,HARDWARE,POWER TOOL ACCESSORIES,RECIPROCATING SAW BLADES,$0.00 ,,$0.00 ,$19.97 ,$19.97 ,303135934,
6/14/23,1220,78544,52,rego,779835,DEPTHFINDER 65' STEEL FISH TAPE,1,$39.97 ,ELECTRICAL,TOOLS & ACCESSORIES,,$0.00 ,,$0.00 ,$39.97 ,$39.97 ,100660164,
6/14/23,1220,78544,52,rego,1005310861,3/4 IN. X 17-1/2 IN. AUGER BIT,1,$31.97 ,HARDWARE,POWER TOOL ACCESSORIES,WOODBORING DRILL BITS,$0.00 ,,$0.00 ,$31.97 ,$31.97 ,313022202,
6/13/23,1220,27998,51,rego,1009220895,"4""SQUARE BOX X 2-1/8"" DEEP W/TS BRKT",1,$5.81 ,ELECTRICAL,CONDUIT/BOXES/FITTINGS,METAL BOXES/COVERS/ACCES,$0.00 ,,$0.00 ,$5.81 ,$5.81 ,326301078,
6/13/23,1220,27998,51,rego,1000012677,HDX 4-IN-1 FITTING BRUSH,1,$11.28 ,PLUMBING,PLUMBING REPAIR & REPLAC,PLUMBING TOOLS,$0.00 ,,$0.00 ,$11.28 ,$11.28 ,204258915,
6/13/23,1220,27998,51,rego,238710,"4"" PLASTIC WING NUT TEST PLUG",1,$8.95 ,PLUMBING,PIPE AND FITTINGS,DWV FITTINGS,$0.00 ,,$0.00 ,$8.95 ,$8.95 ,100204964,
6/13/23,1220,27998,51,rego,238710,"4"" PLASTIC WING NUT TEST PLUG",1,$8.95 ,PLUMBING,PIPE AND FITTINGS,DWV FITTINGS,$0.00 ,,$0.00 ,$8.95 ,$8.95 ,100204964,
6/13/23,1220,27998,51,rego,699370,14 SOLID THHN GREEN-100 FT,1,$37.80 ,ELECTRICAL,WIRE,THHN,$0.00 ,,$0.00 ,$37.80 ,$37.80 ,202669918,
6/13/23,1220,27998,51,rego,1008403910,DECORA EDGE 15A  ROCKER SWITCH WH,1,$3.28 ,ELECTRICAL,WIRING DEVICES,SWITCHES,$0.00 ,,$0.00 ,$3.28 ,$3.28 ,322083348,
6/13/23,1220,27998,51,rego,370368,COMBINATION GROUNDING SCREWS 100PK,1,$10.98 ,ELECTRICAL,TOOLS & ACCESSORIES,GROUNDING,$0.00 ,,$0.00 ,$10.98 ,$10.98 ,310741759,
6/13/23,1220,27998,51,rego,1006132607,12X10WHGP,1,$16.98 ,WALL&FLOOR COVER.,FRAME SHOP,,$0.00 ,,$0.00 ,$16.98 ,$16.98 ,0,
6/12/23,1220,99199,54,,1002494611,"HUSKY 1/2""X50' DRAIN CABLE & HANDLE",1,$39.87 ,PLUMBING,PLUMBING REPAIR & REPLAC,AUGERS/PLUNGERS,$0.00 ,,$0.00 ,$39.87 ,$39.87 ,301879201,
6/11/23,1220,73172,52,REGO,1008847895,DECORA EDGE TR RECEPTACLE 10PK WH,1,$24.99 ,ELECTRICAL,WIRING DEVICES,RECEPTACLES,$0.00 ,,$0.00 ,$24.99 ,$24.99 ,322083559,
6/11/23,1220,73172,52,REGO,1005143243,"STANLEY 1/4"" X 4"" SLOTTED SCREWDRIVE",1,$1.29 ,HARDWARE,HAND TOOLS,SCREW DRIVERS,$0.00 ,,$0.00 ,$1.29 ,$1.29 ,311379094,
6/11/23,1220,73172,52,REGO,1009205132,100.5 OZ. FRESH SCENT PLUS OXICLEAN,1,$11.97 ,GARDEN/SEASONAL,CLEANING,DETERGENT,$0.00 ,,$0.00 ,$11.97 ,$11.97 ,323979794,
6/11/23,1220,73172,52,REGO,1000014633,"HUSKY 4""STD TACK PULER SD-BUTYR",1,$9.47 ,HARDWARE,HAND TOOLS,SCREW DRIVERS,$0.00 ,,$0.00 ,$9.47 ,$9.47 ,302348055,
6/11/23,1220,73172,52,REGO,1005143243,"STANLEY 1/4"" X 4"" SLOTTED SCREWDRIVE",1,$1.29 ,HARDWARE,HAND TOOLS,SCREW DRIVERS,$0.00 ,,$0.00 ,$1.29 ,$1.29 ,311379094,
6/11/23,1220,73172,52,REGO,1006703287,RYB ONE+ RECIP SAW BT,1,$79.00 ,HARDWARE,PORTABLE POWER,RECIPROCATING SAWS,$0.00 ,,$0.00 ,$79.00 ,$79.00 ,317987585,
6/11/23,1220,73172,52,REGO,1003002665,HUSKY SOCKET WRENCH SET,1,$23.97 ,PLUMBING,PLUMBING REPAIR & REPLAC,PLUMBING TOOLS,$0.00 ,,$0.00 ,$23.97 ,$23.97 ,304217601,
6/11/23,1220,20159,51,REGO,1000034776,VIGORO GC,1,$9.98 ,GARDEN/SEASONAL,LIVE GOODS,GROUND COVER,$0.00 ,,$0.00 ,$9.98 ,$9.98 ,0,
6/11/23,1220,20159,51,REGO,1006959584,1/2 IN. FLAT WASHERS (10-PACK),1,$2.92 ,PLUMBING,PLUMBING REPAIR & REPLAC,FAUCET REPAIR & REPLACE,$0.00 ,,$0.00 ,$2.92 ,$2.92 ,318763027,
6/11/23,1220,20159,51,REGO,1009400099,VIG SUNFLWR,1,$9.98 ,GARDEN/SEASONAL,LIVE GOODS,ANNUALS,$0.00 ,,$0.00 ,$9.98 ,$9.98 ,0,
6/11/23,1220,20159,51,REGO,1001264297,MKE 2PC STRAIGHT JAW PLIER SET,1,$24.97 ,HARDWARE,HAND TOOLS,ADJ WRNCHS/PLIERS,$0.00 ,,$0.00 ,$24.97 ,$24.97 ,205652219,
6/11/23,1220,20159,51,REGO,1008462394,ECOLAB HEAVY DUTY SPRAY BOTTLE 32OZ,1,$3.98 ,GARDEN/SEASONAL,CLEANING,CLEANING CHEMICALS,$0.00 ,,$0.00 ,$3.98 ,$3.98 ,322222016,
6/11/23,1220,20159,51,REGO,1000014278,GE SIL SUPREME PAINT K&B WHT 9.5 OZ,1,$13.28 ,PAINT,CAULKS,HYBRID K&B,$0.00 ,,$0.00 ,$13.28 ,$13.28 ,317805535,
6/10/23,1220,68008,52,REGO,299237,KILZ II 5,1,$99.00 ,PAINT,PRIMERS,,$0.00 ,,$0.00 ,$99.00 ,$99.00 ,0,
6/10/23,1220,68008,52,REGO,194710,MASKINGPAPER,1,$4.37 ,PAINT,SHEETING/BUCKETS,DROP CLOTHS-PAPER/POLY,$0.00 ,,$0.00 ,$4.37 ,$4.37 ,0,
6/10/23,1220,68008,52,REGO,190021,HAND MASK,1,$54.45 ,PAINT,SHEETING/BUCKETS,MASKINGS,$0.00 ,,$0.00 ,$54.45 ,$54.45 ,0,
6/10/23,1220,68008,52,REGO,194710,MASKINGPAPER,1,$4.37 ,PAINT,SHEETING/BUCKETS,DROP CLOTHS-PAPER/POLY,$0.00 ,,$0.00 ,$4.37 ,$4.37 ,0,
6/10/23,1220,68008,52,REGO,915147,2X60YDAPDCTP,1,$5.98 ,PLUMBING,AIR CIRCULATION/ACCES.,DUCT TAPE,$0.00 ,,$0.00 ,$5.98 ,$5.98 ,0,
6/10/23,1220,68008,52,REGO,360193,"2090 1"" CP",1,$37.24 ,PAINT,TAPE,PAINTERS TAPE,$0.00 ,,$0.00 ,$37.24 ,$37.24 ,0,
6/10/23,1220,68008,52,REGO,596122,PKT KNIFE,1,$12.97 ,HARDWARE,HAND TOOLS,CUTTING TOOLS,$0.00 ,,$0.00 ,$12.97 ,$12.97 ,0,
6/10/23,1220,68008,52,REGO,1004319790,128 OZ. 30-,1,$21.97 ,GARDEN/SEASONAL,CLEANING,CLEANING CHEMICALS,$0.00 ,,$0.00 ,$21.97 ,$21.97 ,0,
6/10/23,1220,68008,52,REGO,1006605776,HUSKY 3-IN-1,1,$6.98 ,PAINT,TOOLS/SAFETY,MISCELLANEOUS TOOLS,$0.00 ,,$0.00 ,$6.98 ,$6.98 ,0,
6/10/23,1220,68008,52,REGO,596122,PKT KNIFE,1,$12.97 ,HARDWARE,HAND TOOLS,CUTTING TOOLS,$0.00 ,,$0.00 ,$12.97 ,$12.97 ,0,
6/10/23,1220,68008,52,REGO,1002169001,GL Recy$,1,$1.95 ,FEES,,,$0.00 ,,$0.00 ,$1.95 ,$1.95 ,0,
6/10/23,1220,68008,52,REGO,384815,78#REDPAPER,1,$14.97 ,PAINT,SHEETING/BUCKETS,DROP CLOTHS-PAPER/POLY,$0.00 ,,$0.00 ,$14.97 ,$14.97 ,0,
6/10/23,1220,68008,52,REGO,156928,MASKING TAPE,1,$17.75 ,PAINT,TAPE,MASKING TAPE,$0.00 ,,$0.00 ,$17.75 ,$17.75 ,0,
6/9/23,1220,63652,52,REGO,417841,DRAIN OPENER,1,$13.98 ,PLUMBING,PLUMBING REPAIR & REPLAC,DRAIN OPENERS/CHEMICAL,$0.00 ,,$0.00 ,$13.98 ,$13.98 ,0,
6/9/23,1220,63652,52,REGO,417725,DRAIN OPENER,1,$9.48 ,PLUMBING,PLUMBING REPAIR & REPLAC,DRAIN OPENERS/CHEMICAL,$0.00 ,,$0.00 ,$9.48 ,$9.48 ,0,
6/9/23,1220,63652,52,REGO,1002078547,"20"" POWER PLUS BOX FAN",1,$39.98 ,KIT/BATH,A/CS AND FANS,FANS,$0.00 ,,$0.00 ,$39.98 ,$39.98 ,300202629,
6/7/23,8119,90761,24,rego,1005673989,SOFT BRISTLE BRUSH CLEANING KIT (2-P,1,$17.99 ,GARDEN/SEASONAL,CLEANING,WINDOW CLEANING TOOLS,$0.00 ,,$0.00 ,$17.99 ,$17.99 ,314369397,Jessie Gibson
6/7/23,1220,797,51,REGO PARK,1006233545,ORANGE GLO HARDWOOD FLOOR 4N1 24OZ,1,$9.98 ,GARDEN/SEASONAL,CLEANING,FLOOR CARE,$0.00 ,,$0.00 ,$9.98 ,$9.98 ,316286307,
6/7/23,1220,797,51,REGO PARK,1006990121,MOLD ARMOR DECK WASH MICROBAN-HOSE E,1,$15.97 ,PAINT,SOLVENTS/REMOVERS/CLEANR,MOLD/MOISTURE,$0.00 ,,$0.00 ,$15.97 ,$15.97 ,318811848,
6/7/23,1220,797,51,REGO PARK,1000053203,HDX HIGH EFFICIENCY PLUNGER,1,$8.47 ,PLUMBING,PLUMBING REPAIR & REPLAC,TOILET REPAIR & REPLACE,$0.00 ,,$0.00 ,$8.47 ,$8.47 ,324607143,
6/7/23,1220,797,51,REGO PARK,1005877896,WOOLITEHEAVY,1,$5.97 ,GARDEN/SEASONAL,CLEANING,FLOOR CARE,$0.00 ,,$0.00 ,$5.97 ,$5.97 ,0,
6/7/23,1220,797,51,REGO PARK,1008498815,EASYWRING RINSE CLEAN MICROFIBER SPI,1,$54.97 ,GARDEN/SEASONAL,CLEANING,MOPS,$0.00 ,,$0.00 ,$54.97 ,$54.97 ,322400161,
6/7/23,1220,797,51,REGO PARK,1000053203,HDX HIGH EFFICIENCY PLUNGER,1,$8.47 ,PLUMBING,PLUMBING REPAIR & REPLAC,TOILET REPAIR & REPLACE,$0.00 ,,$0.00 ,$8.47 ,$8.47 ,324607143,
6/7/23,1220,797,51,REGO PARK,1009030493,SCORING TOOL,1,$10.97 ,PAINT,SOLVENTS/REMOVERS/CLEANR,ADDITIVES/WALLPAPER,$0.00 ,,$0.00 ,$10.97 ,$10.97 ,0,
6/7/23,1220,797,51,REGO PARK,1005877896,WOOLITEHEAVY,1,$5.97 ,GARDEN/SEASONAL,CLEANING,FLOOR CARE,$0.00 ,,$0.00 ,$5.97 ,$5.97 ,0,
6/7/23,1220,797,51,REGO PARK,1009030493,SCORING TOOL,1,$10.97 ,PAINT,SOLVENTS/REMOVERS/CLEANR,ADDITIVES/WALLPAPER,$0.00 ,,$0.00 ,$10.97 ,$10.97 ,0,
6/7/23,1220,797,51,REGO PARK,1009030493,SCORING TOOL,1,$10.97 ,PAINT,SOLVENTS/REMOVERS/CLEANR,ADDITIVES/WALLPAPER,$0.00 ,,$0.00 ,$10.97 ,$10.97 ,0,
6/7/23,1220,797,51,REGO PARK,1004018908,SCRUB MOMMY,1,$3.98 ,GARDEN/SEASONAL,CLEANING,SPONGES/GLOVES,$0.00 ,,$0.00 ,$3.98 ,$3.98 ,301370463,
6/7/23,1220,797,51,REGO PARK,218340,BOTTLE WATER,1,$4.98 ,PLUMBING,WATER TREATMENTS,WATER,$0.00 ,,$0.00 ,$4.98 ,$4.98 ,0,
6/7/23,1220,797,51,REGO PARK,1000051394,ORIGINAL SCRUB DADDY SPONGE,1,$3.98 ,GARDEN/SEASONAL,CLEANING,SPONGES/GLOVES,$0.00 ,,$0.00 ,$3.98 ,$3.98 ,205378329,
6/7/23,1220,797,51,REGO PARK,999899,WTR DEP 1.20,1,$1.20 ,FEES,,,$0.00 ,,$0.00 ,$1.20 ,$1.20 ,0,
6/6/23,1220,54453,52,REGO,1004242914,"MKE SHOCKWAVE 3"" MAG DRIVE GUIDE",1,$8.47 ,HARDWARE,POWER TOOL ACCESSORIES,SCREWDRIVING DRILL BITS,$0.00 ,,$0.00 ,$8.47 ,$8.47 ,303480444,
6/6/23,1220,54453,52,REGO,1005333126,EASY OFF HEAVY DUTY CLEANER 24 OZ,1,$8.98 ,GARDEN/SEASONAL,CLEANING,CLEANING CHEMICALS,$0.00 ,,$0.00 ,$8.98 ,$8.98 ,312609564,
6/6/23,1220,54453,52,REGO,1001868887,BAR KEEPERS FRIEND SPY+FOAM 25.4OZ,1,$3.68 ,GARDEN/SEASONAL,CLEANING,CLEANING CHEMICALS,$0.00 ,,$0.00 ,$3.68 ,$3.68 ,300005907,
6/6/23,1220,54453,52,REGO,634072,PLASTIC RD BASIC,1,$12.97 ,KIT/BATH,,,$0.00 ,,$0.00 ,$12.97 ,$12.97 ,204389550,
6/6/23,1220,54453,52,REGO,1005310956,1/4 IN. X 12 IN. UNIVERSAL QUICK REL,1,$11.97 ,HARDWARE,POWER TOOL ACCESSORIES,WOODBORING DRILL BITS,$0.00 ,,$0.00 ,$11.97 ,$11.97 ,313022577,
6/6/23,1220,54453,52,REGO,1005133621,DAWN DISH SPRAY SK FRESH 16OZ,1,$7.47 ,GARDEN/SEASONAL,CLEANING,CLEANING CHEMICALS,$0.00 ,,$0.00 ,$7.47 ,$7.47 ,311695254,
6/6/23,1220,54453,52,REGO,634072,PLASTIC RD BASIC,1,$12.97 ,KIT/BATH,,,$0.00 ,,$0.00 ,$12.97 ,$12.97 ,204389550,
6/6/23,1220,54453,52,REGO,634072,PLASTIC RD BASIC,1,$12.97 ,KIT/BATH,,,$0.00 ,,$0.00 ,$12.97 ,$12.97 ,204389550,
6/6/23,1220,54453,52,REGO,1003931615,HDX 1GAL SPRAYER,1,$11.97 ,GARDEN/SEASONAL,CHEMICALS,SPRAYERS,$0.00 ,,$0.00 ,$11.97 ,$11.97 ,307766754,
6/6/23,1220,54453,52,REGO,1007102404,CLOROX PEVA,1,$9.98 ,KIT/BATH,BATH ACCESSORIES,BATHWARES,$0.00 ,,$0.00 ,$9.98 ,$9.98 ,0,
6/6/23,1220,54453,52,REGO,1008462394,ECOLAB HEAVY DUTY SPRAY BOTTLE 32OZ,1,$3.98 ,GARDEN/SEASONAL,CLEANING,CLEANING CHEMICALS,$0.00 ,,$0.00 ,$3.98 ,$3.98 ,322222016,
6/6/23,1220,54453,52,REGO,309370,10'X25' 3.5MIL CLR PLASTIC SHEETING,1,$14.98 ,PAINT,SHEETING/BUCKETS,PLASTIC SHEETING 4 MIL +,$0.00 ,,$0.00 ,$14.98 ,$14.98 ,204711653,
6/6/23,1220,54453,52,REGO,1001793939,SB COPPER PAD 3PK,1,$3.28 ,GARDEN/SEASONAL,CLEANING,SPONGES/GLOVES,$0.00 ,,$0.00 ,$3.28 ,$3.28 ,207015608,
6/6/23,1220,54453,52,REGO,767397,6' ALUM STEP LADDER TI 250LB,1,$89.97 ,BLDG. MATERIALS,LADDERS,ALUMINUM STEP,$0.00 ,,($10.09),$79.88 ,$79.88 ,100659875,
6/6/23,1220,54453,52,REGO,1005310955,1/4 IN. X 6 IN. UNIVERSAL QUICK RELE,1,$9.97 ,HARDWARE,POWER TOOL ACCESSORIES,WOODBORING DRILL BITS,$0.00 ,,$0.00 ,$9.97 ,$9.97 ,313022576,
6/5/23,1220,83524,54,REGO,187279,CANDY,1,$2.97 ,GARDEN/SEASONAL,CONVENIENCE,CANDY/COOKIES,$0.00 ,,$0.00 ,$2.97 ,$2.97 ,0,
6/5/23,1220,83524,54,REGO,1003268535,"MKE M18 BRUSHLESS 1/2""DRILL/DRVR KIT",1,$99.00 ,HARDWARE,PORTABLE POWER,ELECTRIC DRILLS,$0.00 ,,$0.00 ,$99.00 ,$99.00 ,305529238,
6/4/23,8119,52837,19,rego,1006060387,RGD 12 IN DUAL BEVEL MITER SAW,1,$549.00 ,HARDWARE,PORTABLE POWER,MITER SAWS AND CHOP SAWS,$0.00 ,,$0.00 ,$549.00 ,$549.00 ,315635552,Jessie Gibson
6/4/23,6120,82749,64,REGO,795157,QUICKIE ACID BRUSH W/TAMPICO FIBER,1,$6.97 ,GARDEN/SEASONAL,CLEANING,CLEANING TOOLS,$0.00 ,,$0.00 ,$6.97 ,$6.97 ,100195470,
6/4/23,6120,82749,64,REGO,1002088803,HDX MULTI-PURPOSE SPONGE 2PK,1,$5.98 ,GARDEN/SEASONAL,CLEANING,SPONGES/GLOVES,$0.00 ,,$0.00 ,$5.98 ,$5.98 ,300170304,
6/4/23,6120,82749,64,REGO,796416,QUICKIE HARDWOOD HANDLE W/METAL FRL,1,$9.97 ,GARDEN/SEASONAL,CLEANING,MOPS,$0.00 ,,$0.00 ,$9.97 ,$9.97 ,100151067,
6/4/23,6120,82749,64,REGO,277509,16/3 25' HDX EXTENSION CORD,1,$13.97 ,ELECTRICAL,EXT CORD/WORKLIGHT/SURGE,OUTDOOR,$0.00 ,,$0.00 ,$13.97 ,$13.97 ,314775787,
6/4/23,6120,82749,64,REGO,1008683809,ADAPTABLE MICROFIBER FLAT MOP KIT,1,$34.97 ,GARDEN/SEASONAL,CLEANING,MOPS,$0.00 ,,$0.00 ,$34.97 ,$34.97 ,322573543,
6/4/23,6120,82749,64,REGO,187457,CANDY,1,$2.97 ,GARDEN/SEASONAL,CONVENIENCE,CANDY/COOKIES,$0.00 ,,$0.00 ,$2.97 ,$2.97 ,0,
6/4/23,6120,82749,64,REGO,1008575191,MICROFIBER ADAPTABLE FLAT MOP REFILL,1,$12.97 ,GARDEN/SEASONAL,CLEANING,MOPS,$0.00 ,,$0.00 ,$12.97 ,$12.97 ,322576138,
6/4/23,6120,82749,64,REGO,1002920141,GROUT BRUSH W/ MB,1,$4.97 ,GARDEN/SEASONAL,CLEANING,CLEANING TOOLS,$0.00 ,,$0.00 ,$4.97 ,$4.97 ,303998165,
6/4/23,6120,82749,64,REGO,218340,BOTTLE WATER,1,$4.98 ,PLUMBING,WATER TREATMENTS,WATER,$0.00 ,,$0.00 ,$4.98 ,$4.98 ,0,
6/4/23,6120,82749,64,REGO,999899,WTR DEP 1.20,1,$1.20 ,FEES,,,$0.00 ,,$0.00 ,$1.20 ,$1.20 ,0,
6/3/23,1220,8943,11,e,1009521125,1GAL MURPHY,1,$14.98 ,GARDEN/SEASONAL,CLEANING,FLOOR CARE,$0.00 ,,$0.00 ,$14.98 ,$14.98 ,0,
6/3/23,1220,8943,11,e,1002303398,SFTSOAP11.25,1,$2.87 ,GARDEN/SEASONAL,CLEANING,CLEANING CHEMICALS,$0.00 ,,$0.00 ,$2.87 ,$2.87 ,0,
6/3/23,1220,8943,11,e,278310,3M 62023 RESPIRATOR 1PK,1,$49.87 ,HARDWARE,SECURITY/SAFETY,PERSONAL SAFETY,$0.00 ,,$0.00 ,$49.87 ,$49.87 ,202080144,
6/3/23,1220,8943,11,e,1007102400,HDX REUSABLE NITRILE L/XL,1,$2.98 ,GARDEN/SEASONAL,CLEANING,,$0.00 ,,$0.00 ,$2.98 ,$2.98 ,319285619,
6/3/23,1220,8943,11,e,1005131849,CLX GERMICIDAL BLEACH 121OZ,1,$9.48 ,GARDEN/SEASONAL,CLEANING,,$0.00 ,,$0.00 ,$9.48 ,$9.48 ,311787187,
6/3/23,1220,8943,11,e,1002748090,HDX NON-SCRATCH SCRUB SPONGE 9PK,1,$8.98 ,GARDEN/SEASONAL,CLEANING,SPONGES/GLOVES,$0.00 ,,$0.00 ,$8.98 ,$8.98 ,303050524,
6/3/23,1220,8943,11,e,1002303398,SFTSOAP11.25,1,$2.87 ,GARDEN/SEASONAL,CLEANING,CLEANING CHEMICALS,$0.00 ,,$0.00 ,$2.87 ,$2.87 ,0,
6/3/23,1220,8943,11,e,202880,HDX LEMON AMMONIA 64OZ,1,$2.48 ,GARDEN/SEASONAL,CLEANING,CLEANING CHEMICALS,$0.00 ,,$0.00 ,$2.48 ,$2.48 ,202676388,
6/3/23,1220,8943,11,e,924212,LATEX COATED 6 PACK GLOVES,1,$9.87 ,HARDWARE,SECURITY/SAFETY,WORK GLOVES,$0.00 ,,$0.00 ,$9.87 ,$9.87 ,202638595,
6/3/23,1220,8943,11,e,278310,3M 62023 RESPIRATOR 1PK,1,$49.87 ,HARDWARE,SECURITY/SAFETY,PERSONAL SAFETY,$0.00 ,,$0.00 ,$49.87 ,$49.87 ,202080144,
6/3/23,1220,8943,11,e,255382,BRASSO METAL POLISH 8OZ,1,$4.98 ,GARDEN/SEASONAL,CLEANING,SPECIAL SURFACES,$0.00 ,,$0.00 ,$4.98 ,$4.98 ,204371742,
6/3/23,1220,8943,11,e,1000018556,HDX CLEANING VINEGAR 64OZ,1,$2.88 ,GARDEN/SEASONAL,CLEANING,CLEANING CHEMICALS,$0.00 ,,$0.00 ,$2.88 ,$2.88 ,204382105,
6/3/23,1220,8943,11,e,1004407072,LDS CL 2PK,1,$14.98 ,GARDEN/SEASONAL,CLEANING,,$0.00 ,,$0.00 ,$14.98 ,$14.98 ,0,
6/3/23,1220,8943,11,e,1007102379,HDX REUSABLE LATEX S/M,1,$1.98 ,GARDEN/SEASONAL,CLEANING,,$0.00 ,,$0.00 ,$1.98 ,$1.98 ,319285692,
6/3/23,1220,8943,11,e,1006233545,ORANGE GLO HARDWOOD FLOOR 4N1 24OZ,1,$9.98 ,GARDEN/SEASONAL,CLEANING,FLOOR CARE,$0.00 ,,$0.00 ,$9.98 ,$9.98 ,316286307,
6/3/23,1220,8943,11,e,1004207259,ZEP IND PURPLE DEGREASER SPY 32OZ,1,$5.98 ,GARDEN/SEASONAL,CLEANING,CLEANING CHEMICALS,$0.00 ,,$0.00 ,$5.98 ,$5.98 ,308681814,
6/3/23,1220,8943,11,e,1002303398,SFTSOAP11.25,1,$2.87 ,GARDEN/SEASONAL,CLEANING,CLEANING CHEMICALS,$0.00 ,,$0.00 ,$2.87 ,$2.87 ,0,
6/3/23,1220,8943,11,e,1008233199,SWGLSAERO4PK,1,$9.88 ,GARDEN/SEASONAL,CLEANING,CLEANING CHEMICALS,$0.00 ,,$0.00 ,$9.88 ,$9.88 ,0,
6/3/23,1220,8943,11,e,1000031996,CLX CLEANUP APC W/BLEACH FRESH 32OZ,1,$4.98 ,GARDEN/SEASONAL,CLEANING,,$0.00 ,,$0.00 ,$4.98 ,$4.98 ,204787896,
6/3/23,1220,8943,11,e,312869,AJAX APC W/BLEACH POWDER 21OZ,1,$1.48 ,GARDEN/SEASONAL,CLEANING,CLEANING CHEMICALS,$0.00 ,,$0.00 ,$1.48 ,$1.48 ,302874029,
6/3/23,1220,8943,11,e,1009194444,SBRAINSH2PK,1,$10.98 ,GARDEN/SEASONAL,CLEANING,CLEANING CHEMICALS,$0.00 ,,$0.00 ,$10.98 ,$10.98 ,0,
6/3/23,1220,8943,11,e,1007102400,HDX REUSABLE NITRILE L/XL,1,$2.98 ,GARDEN/SEASONAL,CLEANING,,$0.00 ,,$0.00 ,$2.98 ,$2.98 ,319285619,
6/3/23,1220,8943,11,e,1007102379,HDX REUSABLE LATEX S/M,1,$1.98 ,GARDEN/SEASONAL,CLEANING,,$0.00 ,,$0.00 ,$1.98 ,$1.98 ,319285692,
6/3/23,1220,8943,11,e,1002303398,SFTSOAP11.25,1,$2.87 ,GARDEN/SEASONAL,CLEANING,CLEANING CHEMICALS,$0.00 ,,$0.00 ,$2.87 ,$2.87 ,0,
6/3/23,1220,8943,11,e,1002765237,LYSOL DISINFECT WIPES LEMON 3X80CT,1,$14.98 ,GARDEN/SEASONAL,CLEANING,,$0.00 ,,$0.00 ,$14.98 ,$14.98 ,302929188,
6/3/23,1220,41815,52,REGO,716866,HDX 150CT,1,$19.97 ,GARDEN/SEASONAL,CLEANING,TRASH BAGS,$0.00 ,,($3.00),$16.97 ,$16.97 ,0,
6/3/23,1220,41815,52,REGO,1006107579,ROUGHNECK 45,1,$38.97 ,GARDEN/SEASONAL,CLEANING,OUTDOOR TRASH CANS,$0.00 ,,$0.00 ,$38.97 ,$38.97 ,0,
6/3/23,1220,41815,52,REGO,1008444725,15 IN. FLAT,1,$11.97 ,HARDWARE,HAND TOOLS,WRECKING/PRY BARS/FILES,$0.00 ,,$0.00 ,$11.97 ,$11.97 ,0,
6/3/23,1220,41815,52,REGO,131227,HOMER BUCKET,1,$4.48 ,PAINT,SHEETING/BUCKETS,BUCKET/PAINT PAILS,$0.00 ,,$0.00 ,$4.48 ,$4.48 ,0,
6/3/23,1220,41815,52,REGO,719956,TRASHBAG 45G,1,$32.97 ,GARDEN/SEASONAL,CLEANING,TRASH BAGS,$0.00 ,,$0.00 ,$32.97 ,$32.97 ,0,
6/3/23,1220,41815,52,REGO,1001808241,RCPMAX24AMC,1,$28.97 ,GARDEN/SEASONAL,CLEANING,MOPS,$0.00 ,,$0.00 ,$28.97 ,$28.97 ,0,
6/3/23,1220,41815,52,REGO,1008444725,15 IN. FLAT,1,$11.97 ,HARDWARE,HAND TOOLS,WRECKING/PRY BARS/FILES,$0.00 ,,$0.00 ,$11.97 ,$11.97 ,0,
6/3/23,1220,41815,52,REGO,131227,HOMER BUCKET,1,$4.48 ,PAINT,SHEETING/BUCKETS,BUCKET/PAINT PAILS,$0.00 ,,$0.00 ,$4.48 ,$4.48 ,0,
6/3/23,1220,41815,52,REGO,1006669411,50' MD HOSE,1,$24.98 ,GARDEN/SEASONAL,WATERING,HOSE,$0.00 ,,$0.00 ,$24.98 ,$24.98 ,0,
6/3/23,1220,41815,52,REGO,1009019814,PRO-458 32 O,1,$6.97 ,PAINT,SOLVENTS/REMOVERS/CLEANR,ADDITIVES/WALLPAPER,$0.00 ,,$0.00 ,$6.97 ,$6.97 ,0,
6/3/23,1220,41815,52,REGO,1006335565,ROUGHNECK 45,1,$35.97 ,GARDEN/SEASONAL,CLEANING,OUTDOOR TRASH CANS,$0.00 ,,$0.00 ,$35.97 ,$35.97 ,0,
6/3/23,1220,41815,52,REGO,792695,DRUM LINER,1,$27.97 ,GARDEN/SEASONAL,CLEANING,TRASH BAGS,$0.00 ,,$0.00 ,$27.97 ,$27.97 ,0,
6/3/23,1220,41815,52,REGO,1000024433,CHK KIT BL,1,$9.97 ,HARDWARE,HAND TOOLS,MARKING & LAYOUT TOOLS,$0.00 ,,$0.00 ,$9.97 ,$9.97 ,0,
6/1/23,6177,79001,6,regal,246026,"RIDGID 1-7/8"" FLOOR BRUSH",1,$14.97 ,HARDWARE,WET DRY VACS,,$0.00 ,,$0.00 ,$14.97 ,$14.97 ,202507706,
5/31/23,1220,66434,51,rego,1000044182,WINDEX GLASS SPY ORG 23OZ,1,$4.78 ,GARDEN/SEASONAL,CLEANING,CLEANING CHEMICALS,$0.00 ,,$0.00 ,$4.78 ,$4.78 ,203478428,
5/31/23,1220,66434,51,rego,218340,BOTTLE WATER,1,$4.98 ,PLUMBING,WATER TREATMENTS,WATER,$0.00 ,,$0.00 ,$4.98 ,$4.98 ,0,
5/31/23,1220,66434,51,rego,1009660511,FABLAV56OZ,1,$4.48 ,GARDEN/SEASONAL,CLEANING,CLEANING CHEMICALS,$0.00 ,,$0.00 ,$4.48 ,$4.48 ,0,
5/31/23,1220,66434,51,rego,1002920141,GROUT BRUSH W/ MB,1,$4.97 ,GARDEN/SEASONAL,CLEANING,CLEANING TOOLS,$0.00 ,,$0.00 ,$4.97 ,$4.97 ,303998165,
5/31/23,1220,66434,51,rego,1005660490,HDX TOILET BRUSH,1,$2.97 ,GARDEN/SEASONAL,CLEANING,CLEANING TOOLS,$0.00 ,,$0.00 ,$2.97 ,$2.97 ,314154549,
5/31/23,1220,66434,51,rego,287915,SHOPVAC/GENIE 10-14GAL BAG FLTRS,1,$19.97 ,HARDWARE,WET DRY VACS,VAC FILTERS&ACCESSORIES,$0.00 ,,$0.00 ,$19.97 ,$19.97 ,100151555,
5/31/23,1220,66434,51,rego,999899,WTR DEP 1.20,1,$1.20 ,FEES,,,$0.00 ,,$0.00 ,$1.20 ,$1.20 ,0,
5/31/23,1220,66434,51,rego,1000018623,HDX KITCHEN & BATH SCRUB BRUSH,1,$5.97 ,GARDEN/SEASONAL,CLEANING,CLEANING TOOLS,$0.00 ,,$0.00 ,$5.97 ,$5.97 ,204357184,
5/31/23,1220,66434,51,rego,1003430745,RIDGID 9 GAL WET/DRY VAC,1,$89.97 ,HARDWARE,WET DRY VACS,,$0.00 ,,$0.00 ,$89.97 ,$89.97 ,306256810,
5/31/23,1220,66434,51,rego,359940,THINNER,1,$22.96 ,PAINT,SOLVENTS/REMOVERS/CLEANR,SOLVENTS,$0.00 ,,$0.00 ,$22.96 ,$22.96 ,0,
5/31/23,1220,66434,51,rego,390814,HDX TERRY TOWELS 20PK,1,$15.98 ,GARDEN/SEASONAL,CLEANING,SPONGES/GLOVES,$0.00 ,,$0.00 ,$15.98 ,$15.98 ,203191792,
5/31/23,1220,66434,51,rego,1003520647,HDX 2PLY PAPER TOWEL 12=24,1,$19.98 ,GARDEN/SEASONAL,CLEANING,PAPER,$0.00 ,,$0.00 ,$19.98 ,$19.98 ,306264613,
5/31/23,1220,66434,51,rego,1005019989,SB EXTREME SCRUB SCOUR PAD,1,$4.98 ,GARDEN/SEASONAL,CLEANING,SPONGES/GLOVES,$0.00 ,,$0.00 ,$4.98 ,$4.98 ,311013310,
5/31/23,1220,66434,51,rego,376914,RIDGID HEPA PLEATED PAPER FLTER,1,$32.97 ,HARDWARE,WET DRY VACS,VAC FILTERS&ACCESSORIES,$0.00 ,,$0.00 ,$32.97 ,$32.97 ,100022800,
5/31/23,1220,67101,51,rego,1003416879,"RIDGID 2.5"" LOCKING 14"" FLOOR BRUSH",1,$19.97 ,HARDWARE,WET DRY VACS,,$0.00 ,,$0.00 ,$19.97 ,$19.97 ,304753770,
5/31/23,1220,67101,51,rego,1000015605,CE 3 FT CAT6 PATCH CABLE,1,$8.97 ,ELECTRICAL,CONTROL,,$0.00 ,,$0.00 ,$8.97 ,$8.97 ,204302080,
5/31/23,1220,67101,51,rego,1000038730,"GR 18GA 2"" GLV SMTH BRAD 5M",1,$33.28 ,HARDWARE,PNEUMATIC FASTENERS,FINISH NAILS/STAPLES,$0.00 ,,$0.00 ,$33.28 ,$33.28 ,204718211,
5/31/23,1220,67101,51,rego,1000038727,"GR 18GA 1-1/2"" GLV SMTH BRAD 5M",1,$26.48 ,HARDWARE,PNEUMATIC FASTENERS,FINISH NAILS/STAPLES,$0.00 ,,$0.00 ,$26.48 ,$26.48 ,204718207,
5/31/23,1220,33445,21,rego,1003416879,"RIDGID 2.5"" LOCKING 14"" FLOOR BRUSH",1,($19.97),HARDWARE,WET DRY VACS,,$0.00 ,,$0.00 ,($19.97),($19.97),304753770,
5/28/23,915,58339,57,rego,1004501352,M18 FUEL 18GA BRAD NAILER,1,$299.00 ,HARDWARE,PNEUMATIC FASTENERS,FINISH NAILERS,$0.00 ,,$0.00 ,$299.00 ,$299.00 ,309752194,
5/28/23,915,58339,57,rego,1001321773,EMPIRE 48 IN. BOX LEVEL,1,$39.97 ,HARDWARE,HAND TOOLS,LEVELS,$0.00 ,,($5.00),$34.97 ,$34.97 ,303215451,
5/26/23,6177,56017,6,,1006387394,AFFINITY PLS EL STT TOOL LIFT SLO WH,1,$42.98 ,KIT/BATH,,,$0.00 ,,$0.00 ,$42.98 ,$42.98 ,316953298,
3/20/23,6844,43513,62,,1001866259,BOSCH 65FT LASER MEASURE,1,$59.97 ,HARDWARE,HAND TOOLS,LASERS/E TOOLS/STUD FIND,$0.00 ,,$0.00 ,$59.97 ,$59.97 ,206839262,
2/25/23,1255,52154,12,,255390,WINDEX GLASS SPY 32OZ,1,$5.98 ,GARDEN/SEASONAL,CLEANING,CLEANING CHEMICALS,$0.00 ,,$0.00 ,$5.98 ,$5.98 ,202763245,
2/25/23,1255,52154,12,,1007446069,CASC PLA 62,1,$21.97 ,GARDEN/SEASONAL,CLEANING,CLEANING CHEMICALS,$0.00 ,,$0.00 ,$21.97 ,$21.97 ,0,
1/2/23,6175,71904,4,,1000039785,DW MAXFIT SET 30PC,1,$13.47 ,HARDWARE,POWER TOOL ACCESSORIES,SCREWDRIVING DRILL BITS,$0.00 ,,($3.50),$9.97 ,$9.97 ,309474860,
1/2/23,6175,71904,4,,1002195626,BRP BRICK,1,$3.97 ,GARDEN/SEASONAL,SEED,PACKET SEED,$0.00 ,,$0.00 ,$3.97 ,$3.97 ,0,
1/2/23,6175,71904,4,,1001488227,MKE M12/M18 MULTI-VOLTAGE RAPID CHAR,1,$99.00 ,HARDWARE,PORTABLE POWER,MISC. CORDLESS/BATTERIES,$0.00 ,,$0.00 ,$99.00 ,$99.00 ,206211757,